"path","parent_path","name","size","is_dir","status","reason","last_modified"
"/先看这个喵.txt","","先看这个喵.txt","1358","False","included","小型课程资料","07/01/2026 17:36:26"
"/classmate/classmate-0.1.0.vsix","/classmate","classmate-0.1.0.vsix","5946935","False","included","小型课程资料","08/30/2026 21:03:14"
"/classmate/README.md","/classmate","README.md","6497","False","included","小型课程资料","08/30/2026 21:03:13"
"/物理类/README.txt","/物理类","README.txt","104","False","included","小型课程资料","04/06/2026 21:30:50"
"/物理类/物理系资源链接.md","/物理类","物理系资源链接.md","118","False","included","小型课程资料","05/23/2021 15:38:13"
"/物理类/经典场论新讲 陈童.pdf","/物理类","经典场论新讲 陈童.pdf","1915646","False","excluded","PDF 未识别为往年题、作业、笔记、总结或课程报告","03/30/2024 18:16:11"
"/攻略&碎碎念/Agent 和 Skill 入门攻略/Agent 和 Skill 入门攻略.md","/攻略&碎碎念/Agent 和 Skill 入门攻略","Agent 和 Skill 入门攻略.md","18587","False","included","小型课程资料","09/08/2026 06:31:19"
"/攻略&碎碎念/Agent 和 Skill 入门攻略/Agent 和 Skill 入门攻略.pdf","/攻略&碎碎念/Agent 和 Skill 入门攻略","Agent 和 Skill 入门攻略.pdf","1189479","False","excluded","PDF 未识别为往年题、作业、笔记、总结或课程报告","09/08/2026 06:31:19"
"/攻略&碎碎念/零基础的codex下载和使用攻略/codex-api切换-Mac.zip","/攻略&碎碎念/零基础的codex下载和使用攻略","codex-api切换-Mac.zip","4329","False","excluded","压缩包","08/30/2026 22:18:58"
"/攻略&碎碎念/零基础的codex下载和使用攻略/codex-api切换.zip","/攻略&碎碎念/零基础的codex下载和使用攻略","codex-api切换.zip","11167","False","excluded","压缩包","08/29/2026 07:36:36"
"/攻略&碎碎念/零基础的codex下载和使用攻略/macOS补充说明-零基础的Codex下载和使用攻略.md","/攻略&碎碎念/零基础的codex下载和使用攻略","macOS补充说明-零基础的Codex下载和使用攻略.md","8539","False","included","小型课程资料","08/30/2026 22:18:58"
"/攻略&碎碎念/零基础的codex下载和使用攻略/零基础的codex下载和使用攻略.md","/攻略&碎碎念/零基础的codex下载和使用攻略","零基础的codex下载和使用攻略.md","25717","False","included","小型课程资料","08/29/2026 07:36:32"
"/攻略&碎碎念/零基础的codex下载和使用攻略/零基础的codex下载和使用攻略.pdf","/攻略&碎碎念/零基础的codex下载和使用攻略","零基础的codex下载和使用攻略.pdf","1465224","False","excluded","PDF 未识别为往年题、作业、笔记、总结或课程报告","08/29/2026 07:38:47"
"/数学类/初等数论/2024年春季《初等数论》参考答案.pdf","/数学类/初等数论","2024年春季《初等数论》参考答案.pdf","95106","False","included","小型课程资料","04/02/2026 20:28:42"
"/数学类/初等数论/2024年春季《初等数论》期末试卷.pdf","/数学类/初等数论","2024年春季《初等数论》期末试卷.pdf","63828","False","included","小型课程资料","04/02/2026 20:28:42"
"/数学类/初等数论/2025年《初等数论》第二次作业.pdf","/数学类/初等数论","2025年《初等数论》第二次作业.pdf","43392","False","included","小型课程资料","04/02/2026 20:28:42"
"/数学类/初等数论/2025年春季《初等数论》第三次作业.pdf","/数学类/初等数论","2025年春季《初等数论》第三次作业.pdf","29603","False","included","小型课程资料","04/02/2026 20:28:42"
"/数学类/初等数论/2025年春季《初等数论》第四次作业.pdf","/数学类/初等数论","2025年春季《初等数论》第四次作业.pdf","42340","False","included","小型课程资料","04/02/2026 20:28:42"
"/数学类/初等数论/《初等数论》习题.pdf","/数学类/初等数论","《初等数论》习题.pdf","61818","False","included","小型课程资料","04/02/2026 20:28:43"
"/数学类/初等数论/《初等数论》笔记.pdf","/数学类/初等数论","《初等数论》笔记.pdf","393792","False","included","小型课程资料","04/02/2026 20:28:43"
"/数学类/初等数论/《初等数论》第一次作业 (1).pdf","/数学类/初等数论","《初等数论》第一次作业 (1).pdf","38698","False","included","小型课程资料","04/02/2026 20:28:43"
"/数学类/初等数论/初等数论第一次作业-张溢致.pdf","/数学类/初等数论","初等数论第一次作业-张溢致.pdf","1293893","False","included","小型课程资料","04/02/2026 20:28:42"
"/数学类/初等数论/数论第三次.pdf","/数学类/初等数论","数论第三次.pdf","1069650","False","excluded","PDF 未识别为往年题、作业、笔记、总结或课程报告","04/02/2026 20:28:43"
"/数学类/初等数论/数论第二次-张溢致.pdf","/数学类/初等数论","数论第二次-张溢致.pdf","1073629","False","excluded","PDF 未识别为往年题、作业、笔记、总结或课程报告","04/02/2026 20:28:42"
"/数学类/初等数论/数论第四次.pdf","/数学类/初等数论","数论第四次.pdf","972638","False","excluded","PDF 未识别为往年题、作业、笔记、总结或课程报告","04/02/2026 20:28:43"
"/数学类/复分析/2023xjx期末.pdf","/数学类/复分析","2023xjx期末.pdf","36379","False","included","小型课程资料","06/12/2026 14:27:48"
"/数学类/复分析/2023薛金鑫复分析期中答案.pdf","/数学类/复分析","2023薛金鑫复分析期中答案.pdf","198634","False","included","小型课程资料","05/13/2026 17:18:56"
"/数学类/复分析/2026薛金鑫复分析期中.pdf","/数学类/复分析","2026薛金鑫复分析期中.pdf","87971","False","included","小型课程资料","05/22/2026 20:39:35"
"/数学类/复分析/2026薛金鑫复分析期中自制答案.pdf","/数学类/复分析","2026薛金鑫复分析期中自制答案.pdf","162558","False","included","小型课程资料","05/22/2026 20:39:35"
"/数学类/复分析/26薛金鑫复分析期末.pdf","/数学类/复分析","26薛金鑫复分析期末.pdf","115509","False","included","小型课程资料","06/17/2026 14:45:08"
"/数学类/复分析/《复分析》二轮复习（1）.pdf","/数学类/复分析","《复分析》二轮复习（1）.pdf","647719","False","excluded","PDF 未识别为往年题、作业、笔记、总结或课程报告","05/30/2026 12:28:49"
"/数学类/复分析/《复分析》二轮复习（2）.pdf","/数学类/复分析","《复分析》二轮复习（2）.pdf","873031","False","excluded","PDF 未识别为往年题、作业、笔记、总结或课程报告","05/30/2026 12:28:49"
"/数学类/复分析/《复分析》二轮复习（3）.pdf","/数学类/复分析","《复分析》二轮复习（3）.pdf","445867","False","excluded","PDF 未识别为往年题、作业、笔记、总结或课程报告","05/30/2026 12:28:49"
"/数学类/复分析/复分析期中复习 (1).pdf","/数学类/复分析","复分析期中复习 (1).pdf","202098","False","included","小型课程资料","05/19/2026 23:36:52"
"/数学类/复分析/复分析期中复习.pdf","/数学类/复分析","复分析期中复习.pdf","1264676","False","included","小型课程资料","05/13/2026 20:52:38"
"/数学类/复分析/复分析期末复习.pdf","/数学类/复分析","复分析期末复习.pdf","174471","False","included","小型课程资料","06/13/2026 00:36:51"
"/数学类/复分析/复分析第九周笔记.pdf","/数学类/复分析","复分析第九周笔记.pdf","221000","False","included","小型课程资料","04/24/2026 20:46:25"
"/数学类/复分析/复分析第十二周课堂笔记.pdf","/数学类/复分析","复分析第十二周课堂笔记.pdf","195818","False","included","小型课程资料","05/20/2026 20:31:00"
"/数学类/复分析/（1）是我的复习文档，之前上传错了，另外一个是why的.txt","/数学类/复分析","（1）是我的复习文档，之前上传错了，另外一个是why的.txt","0","False","included","小型课程资料","05/19/2026 23:38:59"
"/数学类/常微分方程/20260111150954-张溢致的快速会议-视频-1.mp4","/数学类/常微分方程","20260111150954-张溢致的快速会议-视频-1.mp4","126533100","False","excluded","超过本次小文件上限 10 MiB","01/11/2026 19:42:46"
"/数学类/常微分方程/ode期末复习（1.7更新）.pdf","/数学类/常微分方程","ode期末复习（1.7更新）.pdf","174994","False","included","小型课程资料","01/07/2026 16:44:23"
"/数学类/常微分方程/ode期末復習.pdf","/数学类/常微分方程","ode期末復習.pdf","144766","False","included","小型课程资料","01/05/2026 23:35:24"
"/数学类/常微分方程/README.txt","/数学类/常微分方程","README.txt","124","False","included","小型课程资料","11/18/2025 21:32:08"
"/数学类/常微分方程/常微分期末复习（1.10更新）.pdf","/数学类/常微分方程","常微分期末复习（1.10更新）.pdf","183039","False","included","小型课程资料","01/10/2026 23:22:15"
"/数学类/常微分方程/瞿燕辉 ODE 2025-2026.pdf","/数学类/常微分方程","瞿燕辉 ODE 2025-2026.pdf","724101","False","excluded","PDF 未识别为往年题、作业、笔记、总结或课程报告","01/14/2026 16:56:01"
"/数学类/微积分/王学成课上板书.pdf","/数学类/微积分","王学成课上板书.pdf","58593418","False","excluded","超过本次小文件上限 10 MiB","03/05/2021 17:00:21"
"/数学类/抽象代数/README.txt","/数学类/抽象代数","README.txt","124","False","included","小型课程资料","11/18/2025 21:32:08"
"/数学类/抽象代数/于品讲义.pdf","/数学类/抽象代数","于品讲义.pdf","3239972","False","excluded","课本、教材、讲义或课件","11/18/2025 15:26:45"
"/数学类/抽象代数/小班辅导视频回放.mp4","/数学类/抽象代数","小班辅导视频回放.mp4","349196640","False","excluded","超过本次小文件上限 10 MiB","01/03/2026 19:06:20"
"/数学类/抽象代数/课堂内容概要（九周后，定期更新）.pdf","/数学类/抽象代数","课堂内容概要（九周后，定期更新）.pdf","100858","False","excluded","PDF 未识别为往年题、作业、笔记、总结或课程报告","12/25/2025 08:24:50"
"/数学类/概率论（1）/2024王小群概率论期中.pdf","/数学类/概率论（1）","2024王小群概率论期中.pdf","1056697","False","included","小型课程资料","04/07/2026 18:39:55"
"/数学类/概率论（1）/2026王小群概率论期中.pdf","/数学类/概率论（1）","2026王小群概率论期中.pdf","103130","False","included","小型课程资料","04/23/2026 15:59:22"
"/数学类/概率论（1）/26王小群期末.pdf","/数学类/概率论（1）","26王小群期末.pdf","106078","False","included","小型课程资料","06/15/2026 17:23:20"
"/数学类/概率论（1）/概率论2024期中-自制答案.pdf","/数学类/概率论（1）","概率论2024期中-自制答案.pdf","162325","False","included","小型课程资料","04/10/2026 16:36:23"
"/数学类/概率论（1）/概率论期中复习.pdf","/数学类/概率论（1）","概率论期中复习.pdf","126706","False","included","小型课程资料","04/19/2026 22:18:59"
"/数学类/概率论（1）/概率论期末复习.pdf","/数学类/概率论（1）","概率论期末复习.pdf","236317","False","included","小型课程资料","06/10/2026 13:43:16"
"/数学类/测度与积分/测度与积分不知道哪里来的题.pdf","/数学类/测度与积分","测度与积分不知道哪里来的题.pdf","77728","False","excluded","PDF 未识别为往年题、作业、笔记、总结或课程报告","04/24/2026 20:42:25"
"/数学类/测度与积分/测度与积分复习笔记.pdf","/数学类/测度与积分","测度与积分复习笔记.pdf","247258","False","included","小型课程资料","04/25/2026 21:08:36"
"/数学类/高等线性代数/《高等代数.第四版》学习指导书 (谢启鸿 姚慕生 编著).pdf","/数学类/高等线性代数","《高等代数.第四版》学习指导书 (谢启鸿 姚慕生 编著).pdf","62212066","False","excluded","超过本次小文件上限 10 MiB","09/14/2026 18:53:47"
"/数学类/高等线性代数/《高等代数学.第四版》 (谢启鸿 姚慕生 吴泉水 编著).pdf","/数学类/高等线性代数","《高等代数学.第四版》 (谢启鸿 姚慕生 吴泉水 编著).pdf","56417867","False","excluded","超过本次小文件上限 10 MiB","09/14/2026 18:53:37"
"/物理类/CASIO fx-999CN CW 中文版科学计算器在物理计算中的应用/CASIO fx-999CN CW 中文版科学计算器 大学物理实验数据处理应用案例.mp4","/物理类/CASIO fx-999CN CW 中文版科学计算器在物理计算中的应用","CASIO fx-999CN CW 中文版科学计算器 大学物理实验数据处理应用案例.mp4","245271247","False","excluded","超过本次小文件上限 10 MiB","03/02/2025 23:57:17"
"/物理类/CASIO fx-999CN CW 中文版科学计算器在物理计算中的应用/CASIO fx-999CN CW中文版科学计算器土力学解题应用.mp4","/物理类/CASIO fx-999CN CW 中文版科学计算器在物理计算中的应用","CASIO fx-999CN CW中文版科学计算器土力学解题应用.mp4","106231058","False","excluded","超过本次小文件上限 10 MiB","03/03/2025 00:00:48"
"/物理类/CASIO fx-999CN CW 中文版科学计算器在物理计算中的应用/CASIO fx-999CN CW中文版科学计算器材料力学解题应用.mp4","/物理类/CASIO fx-999CN CW 中文版科学计算器在物理计算中的应用","CASIO fx-999CN CW中文版科学计算器材料力学解题应用.mp4","302591780","False","excluded","超过本次小文件上限 10 MiB","03/02/2025 23:59:56"
"/物理类/CASIO fx-999CN CW 中文版科学计算器在物理计算中的应用/CASIO fx-999CN CW中文版科学计算器水力学流体力学解题应用.mp4","/物理类/CASIO fx-999CN CW 中文版科学计算器在物理计算中的应用","CASIO fx-999CN CW中文版科学计算器水力学流体力学解题应用.mp4","81038122","False","excluded","超过本次小文件上限 10 MiB","03/03/2025 00:00:25"
"/物理类/CASIO fx-999CN CW 中文版科学计算器在物理计算中的应用/CASIO fx-999CN CW中文版科学计算器电路原理解题应用.mp4","/物理类/CASIO fx-999CN CW 中文版科学计算器在物理计算中的应用","CASIO fx-999CN CW中文版科学计算器电路原理解题应用.mp4","205306395","False","excluded","超过本次小文件上限 10 MiB","03/03/2025 00:01:52"
"/物理类/CASIO fx-999CN CW 中文版科学计算器在物理计算中的应用/CASIO fx-999CN CW中文版科学计算器结构力学解题应用.mp4","/物理类/CASIO fx-999CN CW 中文版科学计算器在物理计算中的应用","CASIO fx-999CN CW中文版科学计算器结构力学解题应用.mp4","58560676","False","excluded","超过本次小文件上限 10 MiB","03/03/2025 00:00:08"
"/物理类/CASIO fx-999CN CW 中文版科学计算器在物理计算中的应用/CASIO fx-999CN CW计算器大学物理实验应用案例最新版.docx","/物理类/CASIO fx-999CN CW 中文版科学计算器在物理计算中的应用","CASIO fx-999CN CW计算器大学物理实验应用案例最新版.docx","487902","False","included","小型课程资料","03/02/2025 23:58:20"
"/物理类/CASIO fx-999CN CW 中文版科学计算器在物理计算中的应用/CASIO fx-999CN CW计算器大学物理实验应用案例最新版.pdf","/物理类/CASIO fx-999CN CW 中文版科学计算器在物理计算中的应用","CASIO fx-999CN CW计算器大学物理实验应用案例最新版.pdf","751160","False","excluded","PDF 未识别为往年题、作业、笔记、总结或课程报告","03/02/2025 23:58:21"
"/物理类/CASIO fx-999CN CW 中文版科学计算器在物理计算中的应用/CASIOfx-999CN CW中文版科学计算器理论力学计算应用.mp4","/物理类/CASIO fx-999CN CW 中文版科学计算器在物理计算中的应用","CASIOfx-999CN CW中文版科学计算器理论力学计算应用.mp4","90851947","False","excluded","超过本次小文件上限 10 MiB","03/03/2025 00:01:07"
"/物理类/CASIO fx-999CN CW 中文版科学计算器在物理计算中的应用/利用卡西欧fx-999CN CW计算器计算相量运算.mp4","/物理类/CASIO fx-999CN CW 中文版科学计算器在物理计算中的应用","利用卡西欧fx-999CN CW计算器计算相量运算.mp4","56349717","False","excluded","超过本次小文件上限 10 MiB","03/03/2025 00:02:41"
"/物理类/CASIO fx-999CN CW 中文版科学计算器在物理计算中的应用/利用计算器求解耦合电感电路.mp4","/物理类/CASIO fx-999CN CW 中文版科学计算器在物理计算中的应用","利用计算器求解耦合电感电路.mp4","31212493","False","excluded","超过本次小文件上限 10 MiB","03/03/2025 00:02:29"
"/物理类/CASIO fx-999CN CW 中文版科学计算器在物理计算中的应用/利用计算器解线性方程组.mp4","/物理类/CASIO fx-999CN CW 中文版科学计算器在物理计算中的应用","利用计算器解线性方程组.mp4","29139343","False","excluded","超过本次小文件上限 10 MiB","03/03/2025 00:02:22"
"/物理类/CASIO fx-999CN CW 中文版科学计算器在物理计算中的应用/卡西欧fx-999CN CW计算器力学相关课程应用视频二维码.docx","/物理类/CASIO fx-999CN CW 中文版科学计算器在物理计算中的应用","卡西欧fx-999CN CW计算器力学相关课程应用视频二维码.docx","35012","False","excluded","课本、教材、讲义或课件","03/03/2025 00:01:07"
"/物理类/CASIO fx-999CN CW 中文版科学计算器在物理计算中的应用/卡西欧fx-999CN CW计算器电学相关课程应用视频二维码.docx","/物理类/CASIO fx-999CN CW 中文版科学计算器在物理计算中的应用","卡西欧fx-999CN CW计算器电学相关课程应用视频二维码.docx","36791","False","excluded","课本、教材、讲义或课件","03/03/2025 00:01:52"
"/物理类/CASIO fx-999CN CW 中文版科学计算器在物理计算中的应用/卡西欧fx-999CNCW计算器在电工学电路解题中的应用2024.pdf","/物理类/CASIO fx-999CN CW 中文版科学计算器在物理计算中的应用","卡西欧fx-999CNCW计算器在电工学电路解题中的应用2024.pdf","767026","False","included","小型课程资料","03/03/2025 00:01:52"
"/物理类/CASIO fx-999CN CW 中文版科学计算器在物理计算中的应用/卡西欧fx-999CNCW计算器在电工学电路解题中的应用2024.pptx","/物理类/CASIO fx-999CN CW 中文版科学计算器在物理计算中的应用","卡西欧fx-999CNCW计算器在电工学电路解题中的应用2024.pptx","736512","False","excluded","PPT/演示文稿","03/03/2025 00:01:52"
"/物理类/CASIO fx-999CN CW 中文版科学计算器在物理计算中的应用/卡西欧fx-999CNCW计算器在电工学解题中的应用.mp4","/物理类/CASIO fx-999CN CW 中文版科学计算器在物理计算中的应用","卡西欧fx-999CNCW计算器在电工学解题中的应用.mp4","114292119","False","excluded","超过本次小文件上限 10 MiB","03/03/2025 00:02:16"
"/物理类/CASIO fx-999CN CW 中文版科学计算器在物理计算中的应用/卡西欧fx-999CNCW计算器在电类科目解题中的应用2024.pdf","/物理类/CASIO fx-999CN CW 中文版科学计算器在物理计算中的应用","卡西欧fx-999CNCW计算器在电类科目解题中的应用2024.pdf","1268777","False","included","小型课程资料","03/03/2025 00:02:17"
"/物理类/CASIO fx-999CN CW 中文版科学计算器在物理计算中的应用/卡西欧fx-999CNCW计算器在电类科目解题中的应用2024.pptx","/物理类/CASIO fx-999CN CW 中文版科学计算器在物理计算中的应用","卡西欧fx-999CNCW计算器在电类科目解题中的应用2024.pptx","1379811","False","excluded","PPT/演示文稿","03/03/2025 00:02:17"
"/物理类/CASIO fx-999CN CW 中文版科学计算器在物理计算中的应用/大学物理普通物理学卡西欧fx-999CN  CW介绍2024.pdf","/物理类/CASIO fx-999CN CW 中文版科学计算器在物理计算中的应用","大学物理普通物理学卡西欧fx-999CN  CW介绍2024.pdf","1364232","False","excluded","PDF 未识别为往年题、作业、笔记、总结或课程报告","03/02/2025 23:55:39"
"/物理类/CASIO fx-999CN CW 中文版科学计算器在物理计算中的应用/大学物理普通物理学卡西欧fx-999CN  CW介绍2024.pptx","/物理类/CASIO fx-999CN CW 中文版科学计算器在物理计算中的应用","大学物理普通物理学卡西欧fx-999CN  CW介绍2024.pptx","4582159","False","excluded","PPT/演示文稿","03/02/2025 23:57:19"
"/物理类/光学/光学_母国光 战元龄.pdf","/物理类/光学","光学_母国光 战元龄.pdf","58165562","False","excluded","超过本次小文件上限 10 MiB","09/19/2023 20:37:03"
"/物理类/光学/光学原理  光的传播干涉和衍射的电磁理论_14066334.pdf","/物理类/光学","光学原理  光的传播干涉和衍射的电磁理论_14066334.pdf","117940212","False","excluded","超过本次小文件上限 10 MiB","09/19/2023 20:36:43"
"/物理类/光学/光学原理：光的传播、干涉和衍射的电磁理论（第7版）清晰版.pdf","/物理类/光学","光学原理：光的传播、干涉和衍射的电磁理论（第7版）清晰版.pdf","77899077","False","excluded","超过本次小文件上限 10 MiB","09/19/2023 20:35:33"
"/物理类/光学/衍射、傅里叶光学及成像.pdf by 衍射、傅里叶光学及成像.pdf (z-lib.org).pdf","/物理类/光学","衍射、傅里叶光学及成像.pdf by 衍射、傅里叶光学及成像.pdf (z-lib.org).pdf","25711805","False","excluded","超过本次小文件上限 10 MiB","09/19/2023 20:37:10"
"/物理类/其他电子书/Altland, Simons, Condensed Matter Field Theory 2010.pdf","/物理类/其他电子书","Altland, Simons, Condensed Matter Field Theory 2010.pdf","8805737","False","excluded","课本、教材、讲义或课件","10/16/2024 10:04:30"
"/物理类/其他电子书/Basic Notions Of Condensed Matter Physics (Advanced Books Classics) (Philip W. Anderson) (Z-Library).pdf","/物理类/其他电子书","Basic Notions Of Condensed Matter Physics (Advanced Books Classics) (Philip W. Anderson) (Z-Library).pdf","11521568","False","excluded","超过本次小文件上限 10 MiB","01/23/2025 21:29:23"
"/物理类/其他电子书/CallenThermo.pdf","/物理类/其他电子书","CallenThermo.pdf","9626379","False","excluded","课本、教材、讲义或课件","11/02/2024 16:15:06"
"/物理类/其他电子书/Coleman, Introduction to Many-Body Physics.pdf","/物理类/其他电子书","Coleman, Introduction to Many-Body Physics.pdf","25251252","False","excluded","超过本次小文件上限 10 MiB","10/16/2024 10:06:21"
"/物理类/其他电子书/Gerald D. Mahan - Many-Particle Physics (3rd, 2000, Kluwer Academic_Plenum Publicers).pdf","/物理类/其他电子书","Gerald D. Mahan - Many-Particle Physics (3rd, 2000, Kluwer Academic_Plenum Publicers).pdf","13758593","False","excluded","超过本次小文件上限 10 MiB","10/16/2024 10:09:56"
"/物理类/其他电子书/GR_Schutz_light.pdf","/物理类/其他电子书","GR_Schutz_light.pdf","7378881","False","excluded","课本、教材、讲义或课件","11/02/2024 16:15:43"
"/物理类/其他电子书/Group theory in a nutshell for physicists (Zee, A) (Z-Library).pdf","/物理类/其他电子书","Group theory in a nutshell for physicists (Zee, A) (Z-Library).pdf","4096348","False","excluded","课本、教材、讲义或课件","01/03/2025 22:03:37"
"/物理类/其他电子书/Jakob Schwichtenberg - Teach Yourself Physics (2020, No-Nonsense Books) - libgen.lc.pdf","/物理类/其他电子书","Jakob Schwichtenberg - Teach Yourself Physics (2020, No-Nonsense Books) - libgen.lc.pdf","4965077","False","excluded","课本、教材、讲义或课件","05/23/2021 15:20:25"
"/物理类/其他电子书/MathematicalMethodsinPhysics.pdf","/物理类/其他电子书","MathematicalMethodsinPhysics.pdf","5172598","False","excluded","课本、教材、讲义或课件","11/02/2024 16:16:02"
"/物理类/其他电子书/PhysicsfromSymmetry.pdf","/物理类/其他电子书","PhysicsfromSymmetry.pdf","2800261","False","excluded","课本、教材、讲义或课件","11/02/2024 16:15:26"
"/物理类/其他电子书/USTC数学学习指南.pdf","/物理类/其他电子书","USTC数学学习指南.pdf","9292055","False","excluded","课本、教材、讲义或课件","05/23/2021 15:33:08"
"/物理类/其他电子书/俄罗斯数学教材选译] 29.理论力学(第3版) by 马尔挈夫 (z-lib.org).pdf","/物理类/其他电子书","俄罗斯数学教材选译] 29.理论力学(第3版) by 马尔挈夫 (z-lib.org).pdf","18712080","False","excluded","超过本次小文件上限 10 MiB","09/19/2023 20:45:03"
"/物理类/其他电子书/固体物理学 (黄昆, 韩汝琦) (Z-Library).pdf","/物理类/其他电子书","固体物理学 (黄昆, 韩汝琦) (Z-Library).pdf","10704828","False","excluded","超过本次小文件上限 10 MiB","03/18/2025 16:39:40"
"/物理类/其他电子书/物理学家用微分几何第二版.pdf","/物理类/其他电子书","物理学家用微分几何第二版.pdf","13785856","False","excluded","超过本次小文件上限 10 MiB","09/19/2023 20:46:11"
"/物理类/其他电子书/物理系兵器全库.pdf","/物理类/其他电子书","物理系兵器全库.pdf","6486765","False","excluded","课本、教材、讲义或课件","05/23/2021 15:14:48"
"/物理类/其他电子书/物理系基科宝典.pdf","/物理类/其他电子书","物理系基科宝典.pdf","1675996","False","excluded","课本、教材、讲义或课件","05/23/2021 15:14:45"
"/物理类/其他电子书/理论力学+马尔契夫.pdf","/物理类/其他电子书","理论力学+马尔契夫.pdf","10515304","False","excluded","超过本次小文件上限 10 MiB","09/29/2024 15:50:58"
"/物理类/分析力学/Analytical__ mechanics_Hand_Finch.pdf","/物理类/分析力学","Analytical__ mechanics_Hand_Finch.pdf","40104865","False","excluded","超过本次小文件上限 10 MiB","02/14/2023 19:28:55"
"/物理类/分析力学/Herbert Goldstein, Charles P. Poole, John L. Safko-Classical Mechanics (3rd Edition)-Addison Wesley (2001).pdf","/物理类/分析力学","Herbert Goldstein, Charles P. Poole, John L. Safko-Classical Mechanics (3rd Edition)-Addison Wesley (2001).pdf","27926538","False","excluded","超过本次小文件上限 10 MiB","02/14/2023 19:29:03"
"/物理类/分析力学/分析力学.pdf","/物理类/分析力学","分析力学.pdf","6168351","False","excluded","PDF 未识别为往年题、作业、笔记、总结或课程报告","02/14/2023 19:29:07"
"/物理类/分析力学/分析力学试卷.pdf","/物理类/分析力学","分析力学试卷.pdf","265913","False","included","小型课程资料","07/19/2023 11:43:26"
"/物理类/分析力学/朗道理论物理-力学.pdf","/物理类/分析力学","朗道理论物理-力学.pdf","3636528","False","excluded","PDF 未识别为往年题、作业、笔记、总结或课程报告","02/14/2023 19:29:10"
"/物理类/分析力学/李岩松分析力学讲义.pdf","/物理类/分析力学","李岩松分析力学讲义.pdf","49506872","False","excluded","超过本次小文件上限 10 MiB","09/23/2022 20:26:50"
"/物理类/原子分子物理/lecture-1.pdf","/物理类/原子分子物理","lecture-1.pdf","4893749","False","excluded","PDF 未识别为往年题、作业、笔记、总结或课程报告","03/02/2022 22:30:40"
"/物理类/原子分子物理/lecture-2.pdf","/物理类/原子分子物理","lecture-2.pdf","1554385","False","excluded","PDF 未识别为往年题、作业、笔记、总结或课程报告","03/02/2022 22:30:41"
"/物理类/原子分子物理/lecture-3.pdf","/物理类/原子分子物理","lecture-3.pdf","2745087","False","excluded","PDF 未识别为往年题、作业、笔记、总结或课程报告","03/02/2022 22:30:42"
"/物理类/原子分子物理/lecture-4.pdf","/物理类/原子分子物理","lecture-4.pdf","1620567","False","excluded","PDF 未识别为往年题、作业、笔记、总结或课程报告","03/02/2022 22:30:43"
"/物理类/原子分子物理/lecture-5.pdf","/物理类/原子分子物理","lecture-5.pdf","1312964","False","excluded","PDF 未识别为往年题、作业、笔记、总结或课程报告","03/02/2022 22:30:44"
"/物理类/原子分子物理/lecture-6.pdf","/物理类/原子分子物理","lecture-6.pdf","2290250","False","excluded","PDF 未识别为往年题、作业、笔记、总结或课程报告","03/02/2022 22:30:45"
"/物理类/原子分子物理/lecture-7.pdf","/物理类/原子分子物理","lecture-7.pdf","3376421","False","excluded","PDF 未识别为往年题、作业、笔记、总结或课程报告","03/02/2022 22:30:46"
"/物理类/原子分子物理/lecture-8.pdf","/物理类/原子分子物理","lecture-8.pdf","1943424","False","excluded","PDF 未识别为往年题、作业、笔记、总结或课程报告","03/02/2022 22:30:47"
"/物理类/原子分子物理/lecture-9.pdf","/物理类/原子分子物理","lecture-9.pdf","6452012","False","excluded","PDF 未识别为往年题、作业、笔记、总结或课程报告","03/02/2022 22:30:50"
"/物理类/基础拓扑学/main.pdf","/物理类/基础拓扑学","main.pdf","1452684","False","excluded","PDF 未识别为往年题、作业、笔记、总结或课程报告","02/14/2023 19:30:52"
"/物理类/基础拓扑学/nash-topology.pdf","/物理类/基础拓扑学","nash-topology.pdf","642513","False","excluded","PDF 未识别为往年题、作业、笔记、总结或课程报告","02/14/2023 19:30:54"
"/物理类/基础拓扑学/拓扑学 讲义.pdf","/物理类/基础拓扑学","拓扑学 讲义.pdf","1440076","False","excluded","课本、教材、讲义或课件","02/14/2023 19:30:56"
"/物理类/大学物理学基础/大学物理学基础(第1卷)：力学与热力学-[美]M.Alonso＆E.J.Finn-高等教育出版社-1983.pdf","/物理类/大学物理学基础","大学物理学基础(第1卷)：力学与热力学-[美]M.Alonso＆E.J.Finn-高等教育出版社-1983.pdf","9049967","False","excluded","PDF 未识别为往年题、作业、笔记、总结或课程报告","09/19/2023 20:44:51"
"/物理类/大学物理学基础/大学物理学基础(第2卷)：场与波-[美]M.Alonso＆E.J.Finn-高等教育出版社-1985.pdf","/物理类/大学物理学基础","大学物理学基础(第2卷)：场与波-[美]M.Alonso＆E.J.Finn-高等教育出版社-1985.pdf","12281887","False","excluded","超过本次小文件上限 10 MiB","09/19/2023 20:44:48"
"/物理类/大学物理学基础/大学物理学基础(第3卷)：量子物理学与统计物理学-[美]M.Alonso＆E.J.Finn-高等教育出版社-1981.pdf","/物理类/大学物理学基础","大学物理学基础(第3卷)：量子物理学与统计物理学-[美]M.Alonso＆E.J.Finn-高等教育出版社-1981.pdf","11891850","False","excluded","超过本次小文件上限 10 MiB","09/19/2023 20:44:55"
"/物理类/实验凝聚态物理选讲/Class-1.pdf","/物理类/实验凝聚态物理选讲","Class-1.pdf","623753","False","excluded","PDF 未识别为往年题、作业、笔记、总结或课程报告","03/08/2022 18:35:15"
"/物理类/实验凝聚态物理选讲/Class-10.pdf","/物理类/实验凝聚态物理选讲","Class-10.pdf","1560441","False","excluded","PDF 未识别为往年题、作业、笔记、总结或课程报告","03/08/2022 18:35:16"
"/物理类/实验凝聚态物理选讲/Class-11.pdf","/物理类/实验凝聚态物理选讲","Class-11.pdf","769615","False","excluded","PDF 未识别为往年题、作业、笔记、总结或课程报告","03/08/2022 18:35:17"
"/物理类/实验凝聚态物理选讲/Class-12.pdf","/物理类/实验凝聚态物理选讲","Class-12.pdf","784305","False","excluded","PDF 未识别为往年题、作业、笔记、总结或课程报告","03/08/2022 18:35:18"
"/物理类/实验凝聚态物理选讲/Class-13.pdf","/物理类/实验凝聚态物理选讲","Class-13.pdf","1068304","False","excluded","PDF 未识别为往年题、作业、笔记、总结或课程报告","03/08/2022 18:35:18"
"/物理类/实验凝聚态物理选讲/Class-14.pdf","/物理类/实验凝聚态物理选讲","Class-14.pdf","1229098","False","excluded","PDF 未识别为往年题、作业、笔记、总结或课程报告","03/08/2022 18:35:19"
"/物理类/实验凝聚态物理选讲/Class-15.pdf","/物理类/实验凝聚态物理选讲","Class-15.pdf","2505684","False","excluded","PDF 未识别为往年题、作业、笔记、总结或课程报告","03/08/2022 18:35:20"
"/物理类/实验凝聚态物理选讲/Class-16.pdf","/物理类/实验凝聚态物理选讲","Class-16.pdf","2005045","False","excluded","PDF 未识别为往年题、作业、笔记、总结或课程报告","03/08/2022 18:35:21"
"/物理类/实验凝聚态物理选讲/Class-17.pdf","/物理类/实验凝聚态物理选讲","Class-17.pdf","1879579","False","excluded","PDF 未识别为往年题、作业、笔记、总结或课程报告","03/08/2022 18:35:22"
"/物理类/实验凝聚态物理选讲/Class-18.pdf","/物理类/实验凝聚态物理选讲","Class-18.pdf","974618","False","excluded","PDF 未识别为往年题、作业、笔记、总结或课程报告","03/08/2022 18:35:23"
"/物理类/实验凝聚态物理选讲/Class-19.pdf","/物理类/实验凝聚态物理选讲","Class-19.pdf","473882","False","excluded","PDF 未识别为往年题、作业、笔记、总结或课程报告","03/08/2022 18:35:24"
"/物理类/实验凝聚态物理选讲/Class-2.pdf","/物理类/实验凝聚态物理选讲","Class-2.pdf","701266","False","excluded","PDF 未识别为往年题、作业、笔记、总结或课程报告","03/08/2022 18:35:24"
"/物理类/实验凝聚态物理选讲/Class-20.pdf","/物理类/实验凝聚态物理选讲","Class-20.pdf","361640","False","excluded","PDF 未识别为往年题、作业、笔记、总结或课程报告","03/08/2022 18:35:25"
"/物理类/实验凝聚态物理选讲/Class-21.pdf","/物理类/实验凝聚态物理选讲","Class-21.pdf","1368899","False","excluded","PDF 未识别为往年题、作业、笔记、总结或课程报告","03/08/2022 18:35:26"
"/物理类/实验凝聚态物理选讲/Class-22.pdf","/物理类/实验凝聚态物理选讲","Class-22.pdf","812091","False","excluded","PDF 未识别为往年题、作业、笔记、总结或课程报告","03/08/2022 18:35:27"
"/物理类/实验凝聚态物理选讲/Class-23.pdf","/物理类/实验凝聚态物理选讲","Class-23.pdf","2423759","False","excluded","PDF 未识别为往年题、作业、笔记、总结或课程报告","03/08/2022 18:35:28"
"/物理类/实验凝聚态物理选讲/Class-24.pdf","/物理类/实验凝聚态物理选讲","Class-24.pdf","1109767","False","excluded","PDF 未识别为往年题、作业、笔记、总结或课程报告","03/08/2022 18:35:29"
"/物理类/实验凝聚态物理选讲/Class-25.pdf","/物理类/实验凝聚态物理选讲","Class-25.pdf","789601","False","excluded","PDF 未识别为往年题、作业、笔记、总结或课程报告","03/08/2022 18:35:30"
"/物理类/实验凝聚态物理选讲/Class-26.pdf","/物理类/实验凝聚态物理选讲","Class-26.pdf","1195133","False","excluded","PDF 未识别为往年题、作业、笔记、总结或课程报告","03/08/2022 18:35:30"
"/物理类/实验凝聚态物理选讲/Class-27.pdf","/物理类/实验凝聚态物理选讲","Class-27.pdf","1266563","False","excluded","PDF 未识别为往年题、作业、笔记、总结或课程报告","03/08/2022 18:35:31"
"/物理类/实验凝聚态物理选讲/Class-28.pdf","/物理类/实验凝聚态物理选讲","Class-28.pdf","1255578","False","excluded","PDF 未识别为往年题、作业、笔记、总结或课程报告","03/08/2022 18:35:32"
"/物理类/实验凝聚态物理选讲/Class-29.pdf","/物理类/实验凝聚态物理选讲","Class-29.pdf","1718409","False","excluded","PDF 未识别为往年题、作业、笔记、总结或课程报告","03/08/2022 18:35:33"
"/物理类/实验凝聚态物理选讲/Class-3.pdf","/物理类/实验凝聚态物理选讲","Class-3.pdf","737595","False","excluded","PDF 未识别为往年题、作业、笔记、总结或课程报告","03/08/2022 18:35:34"
"/物理类/实验凝聚态物理选讲/Class-4.pdf","/物理类/实验凝聚态物理选讲","Class-4.pdf","998755","False","excluded","PDF 未识别为往年题、作业、笔记、总结或课程报告","03/08/2022 18:35:35"
"/物理类/实验凝聚态物理选讲/Class-5.pdf","/物理类/实验凝聚态物理选讲","Class-5.pdf","631111","False","excluded","PDF 未识别为往年题、作业、笔记、总结或课程报告","03/08/2022 18:35:35"
"/物理类/实验凝聚态物理选讲/Class-6.pdf","/物理类/实验凝聚态物理选讲","Class-6.pdf","828344","False","excluded","PDF 未识别为往年题、作业、笔记、总结或课程报告","03/08/2022 18:35:36"
"/物理类/实验凝聚态物理选讲/Class-7.ppt","/物理类/实验凝聚态物理选讲","Class-7.ppt","1922560","False","excluded","PPT/演示文稿","03/08/2022 18:35:37"
"/物理类/实验凝聚态物理选讲/Class-8.pdf","/物理类/实验凝聚态物理选讲","Class-8.pdf","443626","False","excluded","PDF 未识别为往年题、作业、笔记、总结或课程报告","03/08/2022 18:35:38"
"/物理类/实验凝聚态物理选讲/Class-9.pdf","/物理类/实验凝聚态物理选讲","Class-9.pdf","895058","False","excluded","PDF 未识别为往年题、作业、笔记、总结或课程报告","03/08/2022 18:35:39"
"/物理类/尤力量子力学期末/答案4.jpg","/物理类/尤力量子力学期末","答案4.jpg","145679","False","included","小型课程资料","01/24/2025 17:17:57"
"/物理类/尤力量子力学期末/答案5.jpg","/物理类/尤力量子力学期末","答案5.jpg","114582","False","included","小型课程资料","01/24/2025 17:17:57"
"/物理类/尤力量子力学期末/答案Q1 Q2.pdf","/物理类/尤力量子力学期末","答案Q1 Q2.pdf","463848","False","included","小型课程资料","01/24/2025 17:17:57"
"/物理类/尤力量子力学期末/试卷1.jpg","/物理类/尤力量子力学期末","试卷1.jpg","176296","False","included","小型课程资料","01/24/2025 17:17:58"
"/物理类/尤力量子力学期末/试卷2.jpg","/物理类/尤力量子力学期末","试卷2.jpg","163650","False","included","小型课程资料","01/24/2025 17:17:58"
"/物理类/广义相对论/Spacetime and Geometry An Introduction to General Relativity by Sean Carroll (z-lib.org).pdf","/物理类/广义相对论","Spacetime and Geometry An Introduction to General Relativity by Sean Carroll (z-lib.org).pdf","25316969","False","excluded","超过本次小文件上限 10 MiB","06/14/2022 00:35:17"
"/物理类/广义相对论/引力和宇宙学——广义相对论的原理和应用 by [美]S. 温伯格 Steven Weinberg (z-lib.org).pdf","/物理类/广义相对论","引力和宇宙学——广义相对论的原理和应用 by [美]S. 温伯格 Steven Weinberg (z-lib.org).pdf","98756606","False","excluded","超过本次小文件上限 10 MiB","09/19/2023 20:45:39"
"/物理类/广义相对论/微分几何入门与广义相对论上（梁灿彬）.pdf","/物理类/广义相对论","微分几何入门与广义相对论上（梁灿彬）.pdf","48362268","False","excluded","超过本次小文件上限 10 MiB","09/19/2023 20:46:08"
"/物理类/广义相对论/微分几何入门与广义相对论下（梁灿彬）.pdf","/物理类/广义相对论","微分几何入门与广义相对论下（梁灿彬）.pdf","12459582","False","excluded","超过本次小文件上限 10 MiB","09/19/2023 20:45:50"
"/物理类/广义相对论/微分几何入门与广义相对论中（梁灿彬）.pdf","/物理类/广义相对论","微分几何入门与广义相对论中（梁灿彬）.pdf","10297491","False","excluded","PDF 未识别为往年题、作业、笔记、总结或课程报告","09/19/2023 20:45:45"
"/物理类/广义相对论/微分几何入门及广义相对论答案.pdf","/物理类/广义相对论","微分几何入门及广义相对论答案.pdf","1483621","False","included","小型课程资料","09/19/2023 20:45:40"
"/物理类/引力理论选讲/homework1.pdf","/物理类/引力理论选讲","homework1.pdf","22594","False","included","小型课程资料","07/15/2022 14:31:35"
"/物理类/引力理论选讲/homework2.pdf","/物理类/引力理论选讲","homework2.pdf","15409","False","included","小型课程资料","07/15/2022 14:31:34"
"/物理类/引力理论选讲/homework3-2022.pdf","/物理类/引力理论选讲","homework3-2022.pdf","26809","False","included","小型课程资料","07/15/2022 14:31:34"
"/物理类/引力理论选讲/homework4-2022.pdf","/物理类/引力理论选讲","homework4-2022.pdf","25681","False","included","小型课程资料","07/15/2022 14:31:35"
"/物理类/引力理论选讲/homework5 - 2022.pdf","/物理类/引力理论选讲","homework5 - 2022.pdf","30247","False","included","小型课程资料","07/15/2022 14:31:33"
"/物理类/引力理论选讲/homework7-2022.pdf","/物理类/引力理论选讲","homework7-2022.pdf","36584","False","included","小型课程资料","07/15/2022 14:31:34"
"/物理类/引力理论选讲/lec-14-mass-2022.pdf","/物理类/引力理论选讲","lec-14-mass-2022.pdf","20039940","False","excluded","超过本次小文件上限 10 MiB","07/15/2022 14:31:33"
"/物理类/引力理论选讲/Lec10-Energy Conditions-2022.pdf","/物理类/引力理论选讲","Lec10-Energy Conditions-2022.pdf","22367168","False","excluded","超过本次小文件上限 10 MiB","07/15/2022 14:31:03"
"/物理类/引力理论选讲/Lec11-singularity+theorem-2022.pdf","/物理类/引力理论选讲","Lec11-singularity+theorem-2022.pdf","24128204","False","excluded","超过本次小文件上限 10 MiB","07/15/2022 14:30:48"
"/物理类/引力理论选讲/Lec12-cosmic+censorship2022.pdf","/物理类/引力理论选讲","Lec12-cosmic+censorship2022.pdf","22114448","False","excluded","超过本次小文件上限 10 MiB","07/15/2022 14:30:28"
"/物理类/引力理论选讲/Lec13-topological+Censorship-2022+.pdf","/物理类/引力理论选讲","Lec13-topological+Censorship-2022+.pdf","16491291","False","excluded","超过本次小文件上限 10 MiB","07/15/2022 14:30:08"
"/物理类/引力理论选讲/Lec15-2022.pdf","/物理类/引力理论选讲","Lec15-2022.pdf","11105670","False","excluded","超过本次小文件上限 10 MiB","07/15/2022 14:29:51"
"/物理类/引力理论选讲/Lec16-2022.pdf","/物理类/引力理论选讲","Lec16-2022.pdf","13705431","False","excluded","超过本次小文件上限 10 MiB","07/15/2022 14:29:42"
"/物理类/引力理论选讲/Lec17-2022.pdf","/物理类/引力理论选讲","Lec17-2022.pdf","15015429","False","excluded","超过本次小文件上限 10 MiB","07/15/2022 14:29:27"
"/物理类/引力理论选讲/Lec18-2022.pdf","/物理类/引力理论选讲","Lec18-2022.pdf","11911197","False","excluded","超过本次小文件上限 10 MiB","07/15/2022 14:29:17"
"/物理类/引力理论选讲/lec19-2022.pdf","/物理类/引力理论选讲","lec19-2022.pdf","14832570","False","excluded","超过本次小文件上限 10 MiB","07/15/2022 14:29:06"
"/物理类/引力理论选讲/Lec2-veilbein-2022 2.pdf","/物理类/引力理论选讲","Lec2-veilbein-2022 2.pdf","22524046","False","excluded","超过本次小文件上限 10 MiB","07/15/2022 14:31:20"
"/物理类/引力理论选讲/Lec20-2022.pdf","/物理类/引力理论选讲","Lec20-2022.pdf","13078994","False","excluded","超过本次小文件上限 10 MiB","07/15/2022 14:28:49"
"/物理类/引力理论选讲/Lec21-2022.pdf","/物理类/引力理论选讲","Lec21-2022.pdf","17691418","False","excluded","超过本次小文件上限 10 MiB","07/15/2022 14:28:40"
"/物理类/引力理论选讲/lec23-2022.pdf","/物理类/引力理论选讲","lec23-2022.pdf","20704532","False","excluded","超过本次小文件上限 10 MiB","07/15/2022 14:28:28"
"/物理类/引力理论选讲/Lec24-2022.pdf","/物理类/引力理论选讲","Lec24-2022.pdf","22956021","False","excluded","超过本次小文件上限 10 MiB","07/15/2022 14:26:27"
"/物理类/引力理论选讲/Lec25-EE-2022.pdf","/物理类/引力理论选讲","Lec25-EE-2022.pdf","13123442","False","excluded","超过本次小文件上限 10 MiB","07/15/2022 14:26:05"
"/物理类/引力理论选讲/Lec26-EE-2022.pdf","/物理类/引力理论选讲","Lec26-EE-2022.pdf","39914017","False","excluded","超过本次小文件上限 10 MiB","07/15/2022 14:25:50"
"/物理类/引力理论选讲/Lec3-penrose Diagram-2022 2.pdf","/物理类/引力理论选讲","Lec3-penrose Diagram-2022 2.pdf","18947629","False","excluded","超过本次小文件上限 10 MiB","07/15/2022 14:28:13"
"/物理类/引力理论选讲/Lec5-bh1-2022.pdf","/物理类/引力理论选讲","Lec5-bh1-2022.pdf","28958601","False","excluded","超过本次小文件上限 10 MiB","07/15/2022 14:27:57"
"/物理类/引力理论选讲/Lec6-schwartzschild-2022.pdf","/物理类/引力理论选讲","Lec6-schwartzschild-2022.pdf","16980181","False","excluded","超过本次小文件上限 10 MiB","07/15/2022 14:27:27"
"/物理类/引力理论选讲/Lec7-0th Law-2022.pdf","/物理类/引力理论选讲","Lec7-0th Law-2022.pdf","10315719","False","excluded","PDF 未识别为往年题、作业、笔记、总结或课程报告","07/15/2022 14:27:08"
"/物理类/引力理论选讲/Lec8-causal Structure-2022.pdf","/物理类/引力理论选讲","Lec8-causal Structure-2022.pdf","16041045","False","excluded","超过本次小文件上限 10 MiB","07/15/2022 14:27:00"
"/物理类/引力理论选讲/Lec9 Causal Conditioning-2022.pdf","/物理类/引力理论选讲","Lec9 Causal Conditioning-2022.pdf","18981225","False","excluded","超过本次小文件上限 10 MiB","07/15/2022 14:26:45"
"/物理类/引力理论选讲/Lecture 1.pdf","/物理类/引力理论选讲","Lecture 1.pdf","12802678","False","excluded","超过本次小文件上限 10 MiB","07/15/2022 14:25:20"
"/物理类/数学物理方法/[现代物理基础丛书]3 数学物理方程及其近似方法 程建春 2004.5 461s.pdf","/物理类/数学物理方法","[现代物理基础丛书]3 数学物理方程及其近似方法 程建春 2004.5 461s.pdf","13429085","False","excluded","超过本次小文件上限 10 MiB","09/19/2023 20:37:31"
"/物理类/数学物理方法/Methods of Mathematical Physics [Vol 1](classic) by R. Courant, D. Hilbert (z-lib.org).pdf","/物理类/数学物理方法","Methods of Mathematical Physics [Vol 1](classic) by R. Courant, D. Hilbert (z-lib.org).pdf","24556190","False","excluded","超过本次小文件上限 10 MiB","09/19/2023 20:37:37"
"/物理类/数学物理方法/Methods of Mathematical Physics [Vol 2](classic) by R. Courant, D. Hilbert (z-lib.org).pdf","/物理类/数学物理方法","Methods of Mathematical Physics [Vol 2](classic) by R. Courant, D. Hilbert (z-lib.org).pdf","37142833","False","excluded","超过本次小文件上限 10 MiB","09/19/2023 20:37:25"
"/物理类/数学物理方法/Volume 2, Methods of Mathematical Physics by R. Courant, D. Hilbert (z-lib.org).pdf","/物理类/数学物理方法","Volume 2, Methods of Mathematical Physics by R. Courant, D. Hilbert (z-lib.org).pdf","12851638","False","excluded","超过本次小文件上限 10 MiB","09/19/2023 20:37:15"
"/物理类/数学物理方法/吴崇试2_ans.pdf","/物理类/数学物理方法","吴崇试2_ans.pdf","818382","False","excluded","PDF 未识别为往年题、作业、笔记、总结或课程报告","02/14/2023 19:30:05"
"/物理类/数学物理方法/复分析_阿尔福斯.pdf","/物理类/数学物理方法","复分析_阿尔福斯.pdf","6133258","False","excluded","PDF 未识别为往年题、作业、笔记、总结或课程报告","02/14/2023 19:29:51"
"/物理类/数学物理方法/应用数学方法22.pdf","/物理类/数学物理方法","应用数学方法22.pdf","25057714","False","excluded","超过本次小文件上限 10 MiB","10/26/2021 16:24:37"
"/物理类/数学物理方法/数学物理方法 by 顾樵 (z-lib.org).pdf","/物理类/数学物理方法","数学物理方法 by 顾樵 (z-lib.org).pdf","40682711","False","excluded","超过本次小文件上限 10 MiB","09/19/2023 20:37:48"
"/物理类/数学物理方法/数学物理方法+吴崇试+习题解答.pdf","/物理类/数学物理方法","数学物理方法+吴崇试+习题解答.pdf","6853406","False","included","小型课程资料","02/14/2023 19:30:04"
"/物理类/数学物理方法/数学物理方法_梁昆淼.pdf","/物理类/数学物理方法","数学物理方法_梁昆淼.pdf","37575010","False","excluded","超过本次小文件上限 10 MiB","02/14/2023 19:30:00"
"/物理类/数学物理方法/李岩松数理方程讲义.pdf","/物理类/数学物理方法","李岩松数理方程讲义.pdf","6878414","False","excluded","课本、教材、讲义或课件","10/26/2021 16:12:32"
"/物理类/数学物理方法/特殊函数概论,.王竹溪,.郭敦仁,.2000.708s.pdf","/物理类/数学物理方法","特殊函数概论,.王竹溪,.郭敦仁,.2000.708s.pdf","7731698","False","excluded","PDF 未识别为往年题、作业、笔记、总结或课程报告","09/19/2023 20:37:27"
"/物理类/数学物理方法/特殊函数概论（王竹溪 郭敦仁）.pdf","/物理类/数学物理方法","特殊函数概论（王竹溪 郭敦仁）.pdf","13900001","False","excluded","超过本次小文件上限 10 MiB","10/26/2021 16:24:13"
"/物理类/数学物理方法/经典力学的数学方法 by В. И. 阿诺尔德  齐民友 (z-lib.org).pdf","/物理类/数学物理方法","经典力学的数学方法 by В. И. 阿诺尔德  齐民友 (z-lib.org).pdf","18867813","False","excluded","超过本次小文件上限 10 MiB","09/19/2023 20:37:55"
"/物理类/物理实验/Book1.xlsx","/物理类/物理实验","Book1.xlsx","12007","False","included","小型课程资料","03/05/2021 17:08:16"
"/物理类/物理实验/dd.docx","/物理类/物理实验","dd.docx","17129","False","included","小型课程资料","03/05/2021 17:08:17"
"/物理类/物理实验/DSC04503 (1).jpg","/物理类/物理实验","DSC04503 (1).jpg","1800018","False","included","小型课程资料","03/05/2021 17:08:17"
"/物理类/物理实验/f-h_experiment-am[1].j.phys.74-423_51301457.pdf","/物理类/物理实验","f-h_experiment-am[1].j.phys.74-423_51301457.pdf","167745","False","excluded","PDF 未识别为往年题、作业、笔记、总结或课程报告","03/05/2021 17:08:18"
"/物理类/物理实验/传感器2.doc","/物理类/物理实验","传感器2.doc","181248","False","included","小型课程资料","03/05/2021 17:08:24"
"/物理类/物理实验/偏振.xls","/物理类/物理实验","偏振.xls","33280","False","included","小型课程资料","11/25/2022 21:59:58"
"/物理类/物理实验/偏振光学实验.docx","/物理类/物理实验","偏振光学实验.docx","21252","False","included","小型课程资料","03/05/2021 17:08:27"
"/物理类/物理实验/偏振实验模板.docx","/物理类/物理实验","偏振实验模板.docx","208110","False","included","小型课程资料","03/05/2021 17:08:27"
"/物理类/物理实验/吸收曲线.doc","/物理类/物理实验","吸收曲线.doc","181760","False","included","小型课程资料","03/05/2021 17:08:59"
"/物理类/物理实验/密立根油滴.xlsx","/物理类/物理实验","密立根油滴.xlsx","12876","False","included","小型课程资料","03/05/2021 17:12:16"
"/物理类/物理实验/弗兰克-赫兹(Franck-Hertz)实验[课程版_20100420修改]_664307851.pdf","/物理类/物理实验","弗兰克-赫兹(Franck-Hertz)实验[课程版_20100420修改]_664307851.pdf","1764180","False","excluded","PDF 未识别为往年题、作业、笔记、总结或课程报告","03/05/2021 17:12:17"
"/物理类/物理实验/最小二乘法示例[Excel求解]_22970220.pptx","/物理类/物理实验","最小二乘法示例[Excel求解]_22970220.pptx","266416","False","excluded","PPT/演示文稿","03/05/2021 17:12:40"
"/物理类/物理实验/滞磁.rar","/物理类/物理实验","滞磁.rar","1055035","False","excluded","压缩包","03/05/2021 17:12:52"
"/物理类/物理实验/直流电路设计实验总结报告.doc","/物理类/物理实验","直流电路设计实验总结报告.doc","125440","False","included","小型课程资料","03/05/2021 17:12:55"
"/物理类/物理实验/讲义.pdf","/物理类/物理实验","讲义.pdf","824350","False","excluded","课本、教材、讲义或课件","03/05/2021 17:13:02"
"/物理类/物理实验/逸出功.xlsx","/物理类/物理实验","逸出功.xlsx","17320","False","included","小型课程资料","03/05/2021 17:13:59"
"/物理类/物理实验/逸出功的测量实验报告--李士阳.doc","/物理类/物理实验","逸出功的测量实验报告--李士阳.doc","189440","False","included","小型课程资料","03/05/2021 17:13:59"
"/物理类/物理实验/霍尔.rar","/物理类/物理实验","霍尔.rar","162052","False","excluded","压缩包","03/05/2021 17:14:01"
"/物理类/物理实验/音频信号光纤通信原理[课程简编版2010]_724607917.pdf","/物理类/物理实验","音频信号光纤通信原理[课程简编版2010]_724607917.pdf","1177634","False","excluded","PDF 未识别为往年题、作业、笔记、总结或课程报告","03/05/2021 17:14:04"
"/物理类/物理实验/高温超导.docx","/物理类/物理实验","高温超导.docx","333244","False","included","小型课程资料","03/05/2021 17:14:08"
"/物理类/物理实验/高温超导.xlsx","/物理类/物理实验","高温超导.xlsx","30112","False","included","小型课程资料","03/05/2021 17:14:08"
"/物理类/电动力学/2022春电动力学大纲&习题.pdf","/物理类/电动力学","2022春电动力学大纲&习题.pdf","209571","False","included","小型课程资料","04/07/2022 01:06:55"
"/物理类/电动力学/2025春王青电动第一次考试题目.pdf","/物理类/电动力学","2025春王青电动第一次考试题目.pdf","269476","False","included","小型课程资料","05/06/2025 17:00:29"
"/物理类/电动力学/王青电动力学课件.pdf","/物理类/电动力学","王青电动力学课件.pdf","10713591","False","excluded","超过本次小文件上限 10 MiB","04/07/2022 01:05:37"
"/物理类/电工与电子技术/2022年春-期末考试题.pdf","/物理类/电工与电子技术","2022年春-期末考试题.pdf","1256905","False","included","小型课程资料","06/28/2022 16:29:31"
"/物理类/电工与电子技术/322 期末复习_20220606 (1).pptx","/物理类/电工与电子技术","322 期末复习_20220606 (1).pptx","2190472","False","excluded","PPT/演示文稿","06/28/2022 16:29:43"
"/物理类/电工与电子技术/电工与电子技术实验指导书.pdf","/物理类/电工与电子技术","电工与电子技术实验指导书.pdf","64431254","False","excluded","超过本次小文件上限 10 MiB","06/28/2022 16:41:37"
"/物理类/电工与电子技术/电工与电子技术-模拟试题.docx","/物理类/电工与电子技术","电工与电子技术-模拟试题.docx","885512","False","included","小型课程资料","06/28/2022 16:29:25"
"/物理类/群论/Chp1-1.pdf","/物理类/群论","Chp1-1.pdf","541001","False","excluded","PDF 未识别为往年题、作业、笔记、总结或课程报告","06/20/2024 11:11:06"
"/物理类/群论/Chp1-2.pdf","/物理类/群论","Chp1-2.pdf","579385","False","excluded","PDF 未识别为往年题、作业、笔记、总结或课程报告","06/20/2024 11:11:06"
"/物理类/群论/Chp2.pdf","/物理类/群论","Chp2.pdf","759844","False","excluded","PDF 未识别为往年题、作业、笔记、总结或课程报告","06/20/2024 11:11:06"
"/物理类/群论/Chp3-SO3SU2.pdf","/物理类/群论","Chp3-SO3SU2.pdf","929854","False","excluded","PDF 未识别为往年题、作业、笔记、总结或课程报告","06/20/2024 11:11:07"
"/物理类/群论/Chp4.pdf","/物理类/群论","Chp4.pdf","839173","False","excluded","PDF 未识别为往年题、作业、笔记、总结或课程报告","06/20/2024 11:11:07"
"/物理类/费曼物理学/徐湛-2021费曼3学习指导.zip","/物理类/费曼物理学","徐湛-2021费曼3学习指导.zip","18094197","False","excluded","超过本次小文件上限 10 MiB","10/26/2021 16:17:31"
"/物理类/量子人工智能/Quantum-AI Lec 0.pdf","/物理类/量子人工智能","Quantum-AI Lec 0.pdf","21015805","False","excluded","超过本次小文件上限 10 MiB","03/09/2022 12:20:06"
"/物理类/量子人工智能/Quantum-AI Lec 1.pdf","/物理类/量子人工智能","Quantum-AI Lec 1.pdf","759136","False","excluded","PDF 未识别为往年题、作业、笔记、总结或课程报告","03/09/2022 12:20:06"
"/物理类/量子人工智能/Quantum-AI Lec 10.pdf","/物理类/量子人工智能","Quantum-AI Lec 10.pdf","6001508","False","excluded","PDF 未识别为往年题、作业、笔记、总结或课程报告","03/09/2022 12:20:34"
"/物理类/量子人工智能/Quantum-AI Lec 11.pdf","/物理类/量子人工智能","Quantum-AI Lec 11.pdf","20372667","False","excluded","超过本次小文件上限 10 MiB","03/09/2022 12:20:39"
"/物理类/量子人工智能/Quantum-AI Lec 12.pdf","/物理类/量子人工智能","Quantum-AI Lec 12.pdf","6455364","False","excluded","PDF 未识别为往年题、作业、笔记、总结或课程报告","03/09/2022 12:20:41"
"/物理类/量子人工智能/Quantum-AI Lec 13.pdf","/物理类/量子人工智能","Quantum-AI Lec 13.pdf","6916971","False","excluded","PDF 未识别为往年题、作业、笔记、总结或课程报告","03/09/2022 12:20:43"
"/物理类/量子人工智能/Quantum-AI Lec 14.pdf","/物理类/量子人工智能","Quantum-AI Lec 14.pdf","11285135","False","excluded","超过本次小文件上限 10 MiB","03/09/2022 12:20:46"
"/物理类/量子人工智能/Quantum-AI Lec 15.pdf","/物理类/量子人工智能","Quantum-AI Lec 15.pdf","20644767","False","excluded","超过本次小文件上限 10 MiB","03/09/2022 12:20:51"
"/物理类/量子人工智能/Quantum-AI Lec 2.pdf","/物理类/量子人工智能","Quantum-AI Lec 2.pdf","9829731","False","excluded","PDF 未识别为往年题、作业、笔记、总结或课程报告","03/09/2022 12:20:09"
"/物理类/量子人工智能/Quantum-AI Lec 3.pdf","/物理类/量子人工智能","Quantum-AI Lec 3.pdf","9226045","False","excluded","PDF 未识别为往年题、作业、笔记、总结或课程报告","03/09/2022 12:20:12"
"/物理类/量子人工智能/Quantum-AI Lec 4.pdf","/物理类/量子人工智能","Quantum-AI Lec 4.pdf","8053332","False","excluded","PDF 未识别为往年题、作业、笔记、总结或课程报告","03/09/2022 12:20:14"
"/物理类/量子人工智能/Quantum-AI Lec 5.pdf","/物理类/量子人工智能","Quantum-AI Lec 5.pdf","15567772","False","excluded","超过本次小文件上限 10 MiB","03/09/2022 12:20:18"
"/物理类/量子人工智能/Quantum-AI Lec 6.pdf","/物理类/量子人工智能","Quantum-AI Lec 6.pdf","8788203","False","excluded","PDF 未识别为往年题、作业、笔记、总结或课程报告","03/09/2022 12:20:20"
"/物理类/量子人工智能/Quantum-AI Lec 7.pdf","/物理类/量子人工智能","Quantum-AI Lec 7.pdf","12504698","False","excluded","超过本次小文件上限 10 MiB","03/09/2022 12:20:24"
"/物理类/量子人工智能/Quantum-AI Lec 8.pdf","/物理类/量子人工智能","Quantum-AI Lec 8.pdf","12503475","False","excluded","超过本次小文件上限 10 MiB","03/09/2022 12:20:29"
"/物理类/量子人工智能/Quantum-AI Lec 9.pdf","/物理类/量子人工智能","Quantum-AI Lec 9.pdf","7299765","False","excluded","PDF 未识别为往年题、作业、笔记、总结或课程报告","03/09/2022 12:20:32"
"/物理类/量子力学/【北京大学物理学丛书】群论和量子力学中的对称性 - 朱洪元.pdf","/物理类/量子力学","【北京大学物理学丛书】群论和量子力学中的对称性 - 朱洪元.pdf","8999311","False","excluded","PDF 未识别为往年题、作业、笔记、总结或课程报告","09/19/2023 20:37:58"
"/物理类/量子力学/量子力学新讲_陈童.pdf","/物理类/量子力学","量子力学新讲_陈童.pdf","8972578","False","excluded","PDF 未识别为往年题、作业、笔记、总结或课程报告","06/04/2024 11:10:04"
"/物理类/量子物理计算方法选讲/210913.key.pdf","/物理类/量子物理计算方法选讲","210913.key.pdf","4255673","False","excluded","PDF 未识别为往年题、作业、笔记、总结或课程报告","03/15/2022 18:30:49"
"/物理类/量子物理计算方法选讲/210918.key.pdf","/物理类/量子物理计算方法选讲","210918.key.pdf","3798924","False","excluded","PDF 未识别为往年题、作业、笔记、总结或课程报告","03/15/2022 18:30:51"
"/物理类/量子物理计算方法选讲/210927.key.pdf","/物理类/量子物理计算方法选讲","210927.key.pdf","7588321","False","excluded","PDF 未识别为往年题、作业、笔记、总结或课程报告","03/15/2022 18:30:53"
"/物理类/量子物理计算方法选讲/211004.key.pdf","/物理类/量子物理计算方法选讲","211004.key.pdf","3656409","False","excluded","PDF 未识别为往年题、作业、笔记、总结或课程报告","03/15/2022 18:30:54"
"/物理类/量子物理计算方法选讲/211011.key.pdf","/物理类/量子物理计算方法选讲","211011.key.pdf","3938272","False","excluded","PDF 未识别为往年题、作业、笔记、总结或课程报告","03/15/2022 18:30:56"
"/物理类/量子物理计算方法选讲/211018.key.pdf","/物理类/量子物理计算方法选讲","211018.key.pdf","3056226","False","excluded","PDF 未识别为往年题、作业、笔记、总结或课程报告","03/15/2022 18:30:57"
"/物理类/量子物理计算方法选讲/211025.key.pdf","/物理类/量子物理计算方法选讲","211025.key.pdf","941740","False","excluded","PDF 未识别为往年题、作业、笔记、总结或课程报告","03/15/2022 18:30:58"
"/物理类/量子物理计算方法选讲/211101.key.pdf","/物理类/量子物理计算方法选讲","211101.key.pdf","7589704","False","excluded","PDF 未识别为往年题、作业、笔记、总结或课程报告","03/15/2022 18:31:00"
"/物理类/量子物理计算方法选讲/211108.key.pdf","/物理类/量子物理计算方法选讲","211108.key.pdf","10193597","False","excluded","PDF 未识别为往年题、作业、笔记、总结或课程报告","03/15/2022 18:31:03"
"/物理类/量子物理计算方法选讲/211115.key.pdf","/物理类/量子物理计算方法选讲","211115.key.pdf","8179674","False","excluded","PDF 未识别为往年题、作业、笔记、总结或课程报告","03/15/2022 18:31:06"
"/物理类/量子物理计算方法选讲/211122.key.pdf","/物理类/量子物理计算方法选讲","211122.key.pdf","5348802","False","excluded","PDF 未识别为往年题、作业、笔记、总结或课程报告","03/15/2022 18:31:07"
"/物理类/量子物理计算方法选讲/211129.key.pdf","/物理类/量子物理计算方法选讲","211129.key.pdf","5641425","False","excluded","PDF 未识别为往年题、作业、笔记、总结或课程报告","03/15/2022 18:30:40"
"/物理类/量子物理计算方法选讲/211206.key.pdf","/物理类/量子物理计算方法选讲","211206.key.pdf","9997351","False","excluded","PDF 未识别为往年题、作业、笔记、总结或课程报告","03/15/2022 18:30:43"
"/物理类/量子物理计算方法选讲/211213.key.pdf","/物理类/量子物理计算方法选讲","211213.key.pdf","8063684","False","excluded","PDF 未识别为往年题、作业、笔记、总结或课程报告","03/15/2022 18:30:46"
"/物理类/量子物理计算方法选讲/211220.key.pdf","/物理类/量子物理计算方法选讲","211220.key.pdf","7666067","False","excluded","PDF 未识别为往年题、作业、笔记、总结或课程报告","03/15/2022 18:30:48"
"/计算机类/离散数学（1）/2020.md","/计算机类/离散数学（1）","2020.md","2231","False","included","小型课程资料","12/28/2025 14:11:08"
"/计算机类/离散数学（1）/2020.pdf","/计算机类/离散数学（1）","2020.pdf","469086","False","excluded","PDF 未识别为往年题、作业、笔记、总结或课程报告","12/28/2025 14:11:08"
"/计算机类/离散数学（1）/2022-2023离散数学1期末考试.pdf","/计算机类/离散数学（1）","2022-2023离散数学1期末考试.pdf","163452","False","included","小型课程资料","01/06/2026 22:19:40"
"/计算机类/离散数学（1）/2024回忆版.md","/计算机类/离散数学（1）","2024回忆版.md","1716","False","included","小型课程资料","12/28/2025 14:11:08"
"/计算机类/离散数学（1）/2024回忆版.pdf","/计算机类/离散数学（1）","2024回忆版.pdf","343299","False","excluded","PDF 未识别为往年题、作业、笔记、总结或课程报告","12/28/2025 14:11:07"
"/计算机类/离散数学（1）/20260103094608-张溢致的快速会议-视频-1 (1).mp4","/计算机类/离散数学（1）","20260103094608-张溢致的快速会议-视频-1 (1).mp4","360949033","False","excluded","超过本次小文件上限 10 MiB","01/03/2026 19:03:10"
"/计算机类/离散数学（1）/20260103094608-张溢致的快速会议-视频-1.mp4","/计算机类/离散数学（1）","20260103094608-张溢致的快速会议-视频-1.mp4","360949033","False","excluded","超过本次小文件上限 10 MiB","01/03/2026 15:09:24"
"/计算机类/离散数学（1）/README.txt","/计算机类/离散数学（1）","README.txt","171","False","included","小型课程资料","12/28/2025 14:16:56"
"/计算机类/离散数学（1）/离散1小班辅导讲义（知识点，重难点梳理）.pdf","/计算机类/离散数学（1）","离散1小班辅导讲义（知识点，重难点梳理）.pdf","293222","False","excluded","课本、教材、讲义或课件","12/28/2025 14:20:36"
"/计算机类/离散数学（1）/离散数学期末考试样卷.pdf","/计算机类/离散数学（1）","离散数学期末考试样卷.pdf","493747","False","included","小型课程资料","12/28/2025 14:20:24"
"/计算机类/离散数学（1）/离散数学期末考试样卷_答案.pdf","/计算机类/离散数学（1）","离散数学期末考试样卷_答案.pdf","466739","False","included","小型课程资料","12/28/2025 14:20:24"
"/计算机类/离散数学（1）/罗素.md","/计算机类/离散数学（1）","罗素.md","5336","False","included","小型课程资料","12/28/2025 12:50:11"
"/计算机类/离散数学（1）/罗素.pdf","/计算机类/离散数学（1）","罗素.pdf","352565","False","excluded","PDF 未识别为往年题、作业、笔记、总结或课程报告","12/28/2025 12:50:11"
"/计算机类/离散数学（2）/离散2小班辅导讲义.pdf","/计算机类/离散数学（2）","离散2小班辅导讲义.pdf","375723","False","excluded","课本、教材、讲义或课件","06/23/2026 00:00:26"
"/计算机类/高等线性代数选讲/2019-2020春期末试题A卷.pdf","/计算机类/高等线性代数选讲","2019-2020春期末试题A卷.pdf","235593","False","included","小型课程资料","05/27/2026 17:54:32"
"/计算机类/高等线性代数选讲/2021期末模拟.pdf","/计算机类/高等线性代数选讲","2021期末模拟.pdf","59608","False","included","小型课程资料","05/27/2026 17:54:32"
"/计算机类/高等线性代数选讲/2021期末模拟解答.pdf","/计算机类/高等线性代数选讲","2021期末模拟解答.pdf","2800982","False","included","小型课程资料","05/27/2026 17:54:34"
"/计算机类/高等线性代数选讲/20260607094047-张溢致的快速会议-视频-1.mp4","/计算机类/高等线性代数选讲","20260607094047-张溢致的快速会议-视频-1.mp4","508322446","False","excluded","超过本次小文件上限 10 MiB","06/07/2026 13:00:51"
"/计算机类/高等线性代数选讲/Jordan证明练习.pdf","/计算机类/高等线性代数选讲","Jordan证明练习.pdf","53221","False","excluded","PDF 未识别为往年题、作业、笔记、总结或课程报告","06/07/2026 13:00:51"
"/计算机类/高等线性代数选讲/样卷一.pdf","/计算机类/高等线性代数选讲","样卷一.pdf","52912","False","excluded","PDF 未识别为往年题、作业、笔记、总结或课程报告","06/01/2026 22:21:03"
"/计算机类/高等线性代数选讲/样卷二.pdf","/计算机类/高等线性代数选讲","样卷二.pdf","341217","False","excluded","PDF 未识别为往年题、作业、笔记、总结或课程报告","06/01/2026 22:21:13"
"/计算机类/高等线性代数选讲/高代选2026样题.pdf","/计算机类/高等线性代数选讲","高代选2026样题.pdf","46704","False","excluded","PDF 未识别为往年题、作业、笔记、总结或课程报告","05/27/2026 17:54:32"
"/计算机类/高等线性代数选讲/高代选期末复习.pdf","/计算机类/高等线性代数选讲","高代选期末复习.pdf","273402","False","included","小型课程资料","05/27/2026 17:54:34"
"/计算机类/高等线性代数选讲/高代选期末复习讲义（新）.pdf","/计算机类/高等线性代数选讲","高代选期末复习讲义（新）.pdf","276323","False","included","小型课程资料","06/01/2026 14:02:53"
"/数学类/复分析/作业/complex_analysis_homework_1.pdf","/数学类/复分析/作业","complex_analysis_homework_1.pdf","149506","False","included","小型课程资料","03/01/2026 23:27:15"
"/数学类/复分析/作业/complex_analysis_homework_10.pdf","/数学类/复分析/作业","complex_analysis_homework_10.pdf","189973","False","included","小型课程资料","05/10/2026 21:25:55"
"/数学类/复分析/作业/complex_analysis_homework_2.pdf","/数学类/复分析/作业","complex_analysis_homework_2.pdf","203638","False","included","小型课程资料","03/11/2026 16:13:01"
"/数学类/复分析/作业/complex_analysis_homework_3.pdf","/数学类/复分析/作业","complex_analysis_homework_3.pdf","157284","False","included","小型课程资料","03/17/2026 01:18:11"
"/数学类/复分析/作业/complex_analysis_homework_4.pdf","/数学类/复分析/作业","complex_analysis_homework_4.pdf","185974","False","included","小型课程资料","03/26/2026 19:43:13"
"/数学类/复分析/作业/complex_analysis_homework_5.pdf","/数学类/复分析/作业","complex_analysis_homework_5.pdf","125332","False","included","小型课程资料","03/30/2026 20:54:00"
"/数学类/复分析/作业/complex_analysis_homework_6.pdf","/数学类/复分析/作业","complex_analysis_homework_6.pdf","139773","False","included","小型课程资料","04/06/2026 21:28:18"
"/数学类/复分析/作业/complex_analysis_homework_7.pdf","/数学类/复分析/作业","complex_analysis_homework_7.pdf","203258","False","included","小型课程资料","04/13/2026 01:24:41"
"/数学类/复分析/作业/complex_analysis_homework_8.pdf","/数学类/复分析/作业","complex_analysis_homework_8.pdf","155182","False","included","小型课程资料","04/23/2026 19:35:06"
"/数学类/复分析/作业/complex_analysis_homework_9.pdf","/数学类/复分析/作业","complex_analysis_homework_9.pdf","120631","False","included","小型课程资料","04/27/2026 19:55:08"
"/数学类/复分析/作业/Stein复分析解答1.pdf","/数学类/复分析/作业","Stein复分析解答1.pdf","323304","False","included","小型课程资料","07/19/2023 11:51:01"
"/数学类/复分析/作业/stein复分析解答2.pdf","/数学类/复分析/作业","stein复分析解答2.pdf","321305","False","included","小型课程资料","07/19/2023 11:51:02"
"/数学类/复分析/作业/stein复分析解答3.pdf","/数学类/复分析/作业","stein复分析解答3.pdf","4363558","False","included","小型课程资料","07/19/2023 11:51:06"
"/数学类/复分析/复分析往年试题/2007春复分析.doc","/数学类/复分析/复分析往年试题","2007春复分析.doc","98816","False","included","小型课程资料","07/19/2023 11:49:35"
"/数学类/复分析/复分析往年试题/2012张广远复分析期中.pdf","/数学类/复分析/复分析往年试题","2012张广远复分析期中.pdf","46844","False","included","小型课程资料","07/19/2023 11:49:36"
"/数学类/复分析/复分析往年试题/2013张广远复分析期中.jpg","/数学类/复分析/复分析往年试题","2013张广远复分析期中.jpg","69682","False","included","小型课程资料","07/19/2023 11:49:37"
"/数学类/复分析/复分析往年试题/2014张广远复分析期末.jpg","/数学类/复分析/复分析往年试题","2014张广远复分析期末.jpg","1836958","False","included","小型课程资料","07/19/2023 11:49:40"
"/数学类/复分析/复分析往年试题/2014张广远复分析第1次.jpg","/数学类/复分析/复分析往年试题","2014张广远复分析第1次.jpg","1154542","False","included","小型课程资料","07/19/2023 11:49:41"
"/数学类/复分析/复分析往年试题/2014张广远复分析第1次答案.docx","/数学类/复分析/复分析往年试题","2014张广远复分析第1次答案.docx","218463","False","included","小型课程资料","07/19/2023 11:49:43"
"/数学类/复分析/复分析往年试题/2014张广远复分析第1次答案.pdf","/数学类/复分析/复分析往年试题","2014张广远复分析第1次答案.pdf","412186","False","included","小型课程资料","07/19/2023 11:49:44"
"/数学类/复分析/复分析往年试题/2014张广远复分析第2次.jpg","/数学类/复分析/复分析往年试题","2014张广远复分析第2次.jpg","1112530","False","included","小型课程资料","07/19/2023 11:49:46"
"/数学类/复分析/复分析往年试题/2014张广远复分析第3次.jpg","/数学类/复分析/复分析往年试题","2014张广远复分析第3次.jpg","902802","False","included","小型课程资料","07/19/2023 11:49:47"
"/数学类/复分析/复分析往年试题/2015张广远复分析第2次.jpg","/数学类/复分析/复分析往年试题","2015张广远复分析第2次.jpg","341855","False","included","小型课程资料","07/19/2023 11:49:49"
"/数学类/复分析/复分析往年试题/2015张广远复分析第3次.jpg","/数学类/复分析/复分析往年试题","2015张广远复分析第3次.jpg","287974","False","included","小型课程资料","07/19/2023 11:49:50"
"/数学类/复分析/复分析往年试题/2016张广远期中题目&解答.pdf","/数学类/复分析/复分析往年试题","2016张广远期中题目&解答.pdf","188756","False","included","小型课程资料","07/19/2023 11:49:51"
"/数学类/复分析/复分析往年试题/2017张友金复分析期末-1.jpg","/数学类/复分析/复分析往年试题","2017张友金复分析期末-1.jpg","3921272","False","included","小型课程资料","07/19/2023 11:49:55"
"/数学类/复分析/复分析往年试题/2017张友金复分析期末-2.jpg","/数学类/复分析/复分析往年试题","2017张友金复分析期末-2.jpg","3531539","False","included","小型课程资料","07/19/2023 11:50:00"
"/数学类/复分析/复分析往年试题/2017张广远复分析期中.jpg","/数学类/复分析/复分析往年试题","2017张广远复分析期中.jpg","3245873","False","included","小型课程资料","07/19/2023 11:50:04"
"/数学类/复分析/复分析往年试题/2017张广远复分析期末.jpg","/数学类/复分析/复分析往年试题","2017张广远复分析期末.jpg","3745168","False","included","小型课程资料","07/19/2023 11:50:08"
"/数学类/复分析/复分析往年试题/2017张广远期中答案（助教手写稿）.rar","/数学类/复分析/复分析往年试题","2017张广远期中答案（助教手写稿）.rar","904685","False","excluded","压缩包","07/19/2023 11:50:10"
"/数学类/复分析/复分析往年试题/2021xj CA Final.pdf","/数学类/复分析/复分析往年试题","2021xj CA Final.pdf","156845","False","included","小型课程资料","07/19/2023 11:50:11"
"/数学类/复分析/复分析往年试题/2021xj CA midterm.pdf","/数学类/复分析/复分析往年试题","2021xj CA midterm.pdf","119259","False","included","小型课程资料","07/19/2023 11:50:12"
"/数学类/复分析/复分析往年试题/2021xj solution to CA final.pdf","/数学类/复分析/复分析往年试题","2021xj solution to CA final.pdf","23689636","False","excluded","超过本次小文件上限 10 MiB","07/19/2023 11:50:34"
"/数学类/复分析/复分析往年试题/2021xj solutions to CA midterm.pdf","/数学类/复分析/复分析往年试题","2021xj solutions to CA midterm.pdf","18848248","False","excluded","超过本次小文件上限 10 MiB","07/19/2023 11:50:52"
"/数学类/复分析/复分析往年试题/2022lsq期中.png","/数学类/复分析/复分析往年试题","2022lsq期中.png","166898","False","included","小型课程资料","07/19/2023 11:50:53"
"/数学类/复分析/复分析往年试题/2022lsq期末0.png","/数学类/复分析/复分析往年试题","2022lsq期末0.png","133915","False","included","小型课程资料","07/19/2023 11:50:54"
"/数学类/复分析/复分析往年试题/2022lsq期末1.png","/数学类/复分析/复分析往年试题","2022lsq期末1.png","119851","False","included","小型课程资料","07/19/2023 11:50:56"
"/数学类/复分析/复分析往年试题/2022lsq期末2.png","/数学类/复分析/复分析往年试题","2022lsq期末2.png","76801","False","included","小型课程资料","07/19/2023 11:50:57"
"/数学类/复分析/复分析往年试题/2022lsq期末3.png","/数学类/复分析/复分析往年试题","2022lsq期末3.png","78838","False","included","小型课程资料","07/19/2023 11:50:58"
"/数学类/复分析/复分析往年试题/2022lsq期末4.png","/数学类/复分析/复分析往年试题","2022lsq期末4.png","88408","False","included","小型课程资料","07/19/2023 11:50:59"
"/数学类/复分析/复分析往年试题/2022肖建复分析期末.pdf","/数学类/复分析/复分析往年试题","2022肖建复分析期末.pdf","122444","False","included","小型课程资料","07/19/2023 11:51:00"
"/数学类/复分析/复分析往年试题/2023薛金鑫复分析期中.pdf","/数学类/复分析/复分析往年试题","2023薛金鑫复分析期中.pdf","33306","False","included","小型课程资料","05/13/2026 13:27:03"
"/数学类/复分析/复分析往年试题/2023薛金鑫复分析期末.pdf","/数学类/复分析/复分析往年试题","2023薛金鑫复分析期末.pdf","500025","False","included","小型课程资料","04/07/2026 18:40:16"
"/数学类/复分析/复分析往年试题/Stein复分析解答1.pdf","/数学类/复分析/复分析往年试题","Stein复分析解答1.pdf","323304","False","included","小型课程资料","07/19/2023 11:51:01"
"/数学类/复分析/复分析往年试题/stein复分析解答2.pdf","/数学类/复分析/复分析往年试题","stein复分析解答2.pdf","321305","False","included","小型课程资料","07/19/2023 11:51:02"
"/数学类/复分析/复分析往年试题/stein复分析解答3.pdf","/数学类/复分析/复分析往年试题","stein复分析解答3.pdf","4363558","False","included","小型课程资料","07/19/2023 11:51:06"
"/数学类/常微分方程/往年题/2018年瞿燕辉ODE期末试题.pdf","/数学类/常微分方程/往年题","2018年瞿燕辉ODE期末试题.pdf","588204","False","included","小型课程资料","01/05/2026 21:31:11"
"/数学类/常微分方程/往年题/2020年瞿燕辉ODE期末试卷.pdf","/数学类/常微分方程/往年题","2020年瞿燕辉ODE期末试卷.pdf","464248","False","included","小型课程资料","01/05/2026 21:31:12"
"/数学类/常微分方程/往年题/2022-2023瞿燕辉ode期末.pdf","/数学类/常微分方程/往年题","2022-2023瞿燕辉ode期末.pdf","829877","False","included","小型课程资料","01/05/2026 21:31:12"
"/数学类/常微分方程/往年题/2024秋ode期末.pdf","/数学类/常微分方程/往年题","2024秋ode期末.pdf","611740","False","included","小型课程资料","01/05/2026 21:31:12"
"/数学类/常微分方程/往年题/ode期末 瞿燕辉 2022.12.30.pdf","/数学类/常微分方程/往年题","ode期末 瞿燕辉 2022.12.30.pdf","560352","False","included","小型课程资料","01/05/2026 21:31:12"
"/数学类/常微分方程/往年题/期末猜题.txt","/数学类/常微分方程/往年题","期末猜题.txt","315","False","included","小型课程资料","01/13/2026 17:29:01"
"/数学类/常微分方程/讲义/ODE讲义合并版.pdf","/数学类/常微分方程/讲义","ODE讲义合并版.pdf","6280484","False","excluded","课本、教材、讲义或课件","11/19/2025 19:32:46"
"/数学类/常微分方程/讲义/第一部分--一些典型的例子.pdf","/数学类/常微分方程/讲义","第一部分--一些典型的例子.pdf","1154284","False","excluded","课本、教材、讲义或课件","11/19/2025 19:32:46"
"/数学类/常微分方程/讲义/第三部分--一阶ODE的核心基础理论.pdf","/数学类/常微分方程/讲义","第三部分--一阶ODE的核心基础理论.pdf","1276018","False","excluded","课本、教材、讲义或课件","11/19/2025 19:32:47"
"/数学类/常微分方程/讲义/第二部分--平面线性系统.pdf","/数学类/常微分方程/讲义","第二部分--平面线性系统.pdf","1641270","False","excluded","课本、教材、讲义或课件","11/19/2025 19:32:47"
"/数学类/常微分方程/讲义/第五部分--Sturm-Liouville理论-new.pdf","/数学类/常微分方程/讲义","第五部分--Sturm-Liouville理论-new.pdf","1106878","False","excluded","课本、教材、讲义或课件","11/19/2025 19:32:47"
"/数学类/常微分方程/讲义/第四部分--一般线性系统.pdf","/数学类/常微分方程/讲义","第四部分--一般线性系统.pdf","1102184","False","excluded","课本、教材、讲义或课件","11/19/2025 19:32:48"
"/数学类/常微分方程/部分讲义之外的笔记/局部共轭.jpg","/数学类/常微分方程/部分讲义之外的笔记","局部共轭.jpg","3247242","False","excluded","课本、教材、讲义或课件","01/07/2026 15:04:32"
"/数学类/常微分方程/部分讲义之外的笔记/平衡点.jpg","/数学类/常微分方程/部分讲义之外的笔记","平衡点.jpg","136429","False","excluded","课本、教材、讲义或课件","01/07/2026 15:07:29"
"/数学类/常微分方程/部分讲义之外的笔记/非线性自治系统.jpg","/数学类/常微分方程/部分讲义之外的笔记","非线性自治系统.jpg","3975068","False","excluded","课本、教材、讲义或课件","01/07/2026 15:04:29"
"/数学类/抽象代数/个人笔记/抽代笔记-改版.pdf","/数学类/抽象代数/个人笔记","抽代笔记-改版.pdf","207940","False","included","小型课程资料","11/18/2025 15:26:28"
"/数学类/抽象代数/作业/Homework1.pdf","/数学类/抽象代数/作业","Homework1.pdf","106265","False","included","小型课程资料","11/18/2025 15:25:56"
"/数学类/抽象代数/作业/Homework2.pdf","/数学类/抽象代数/作业","Homework2.pdf","110711","False","included","小型课程资料","11/18/2025 15:25:56"
"/数学类/抽象代数/作业/Homework3.pdf","/数学类/抽象代数/作业","Homework3.pdf","73221","False","included","小型课程资料","11/18/2025 15:25:56"
"/数学类/抽象代数/作业/Homework4.pdf","/数学类/抽象代数/作业","Homework4.pdf","112673","False","included","小型课程资料","11/18/2025 15:25:56"
"/数学类/抽象代数/作业/Homework5.pdf","/数学类/抽象代数/作业","Homework5.pdf","141172","False","included","小型课程资料","11/21/2025 00:02:29"
"/数学类/抽象代数/作业/Homework6.pdf","/数学类/抽象代数/作业","Homework6.pdf","120047","False","included","小型课程资料","12/02/2025 15:42:10"
"/数学类/抽象代数/作业/Homework7.pdf","/数学类/抽象代数/作业","Homework7.pdf","99324","False","included","小型课程资料","12/18/2025 14:39:03"
"/数学类/抽象代数/作业/Homework8.pdf","/数学类/抽象代数/作业","Homework8.pdf","132377","False","included","小型课程资料","12/18/2025 14:39:03"
"/数学类/抽象代数/作业/抽代第1次作业.pdf","/数学类/抽象代数/作业","抽代第1次作业.pdf","187579","False","included","小型课程资料","11/18/2025 15:24:55"
"/数学类/抽象代数/作业/抽代第2次作业.pdf","/数学类/抽象代数/作业","抽代第2次作业.pdf","132315","False","included","小型课程资料","11/18/2025 15:25:10"
"/数学类/抽象代数/作业/抽代第3次作业.pdf","/数学类/抽象代数/作业","抽代第3次作业.pdf","109224","False","included","小型课程资料","11/18/2025 15:25:10"
"/数学类/抽象代数/作业/抽代第4次作业.pdf","/数学类/抽象代数/作业","抽代第4次作业.pdf","137290","False","included","小型课程资料","11/18/2025 15:25:11"
"/数学类/抽象代数/作业/抽代第5次作业.pdf","/数学类/抽象代数/作业","抽代第5次作业.pdf","154887","False","included","小型课程资料","11/23/2025 15:38:06"
"/数学类/抽象代数/作业/抽代第6次作业.pdf","/数学类/抽象代数/作业","抽代第6次作业.pdf","128696","False","included","小型课程资料","12/02/2025 15:41:27"
"/数学类/抽象代数/作业/抽代第6次作业新.pdf","/数学类/抽象代数/作业","抽代第6次作业新.pdf","128529","False","included","小型课程资料","12/16/2025 23:27:52"
"/数学类/抽象代数/作业/抽代第7次作业.pdf","/数学类/抽象代数/作业","抽代第7次作业.pdf","142910","False","included","小型课程资料","12/10/2025 23:15:00"
"/数学类/抽象代数/作业/抽代第8次作业.pdf","/数学类/抽象代数/作业","抽代第8次作业.pdf","120641","False","included","小型课程资料","12/28/2025 23:54:32"
"/数学类/抽象代数/作业/抽代第五次作业练习题.pdf","/数学类/抽象代数/作业","抽代第五次作业练习题.pdf","106559","False","included","小型课程资料","11/23/2025 23:15:21"
"/数学类/抽象代数/期中复习相关/MidTermRevisiion.pdf","/数学类/抽象代数/期中复习相关","MidTermRevisiion.pdf","68011","False","included","小型课程资料","11/18/2025 15:25:55"
"/数学类/抽象代数/期中复习相关/抽代期中复习(1).pdf","/数学类/抽象代数/期中复习相关","抽代期中复习(1).pdf","235961","False","included","小型课程资料","11/19/2025 19:41:55"
"/数学类/抽象代数/期中复习相关/抽代期中复习题修正版.pdf","/数学类/抽象代数/期中复习相关","抽代期中复习题修正版.pdf","127482","False","included","小型课程资料","11/19/2025 19:39:51"
"/数学类/抽象代数/期中复习相关/抽代期中复习题自制解答——水至月生.pdf","/数学类/抽象代数/期中复习相关","抽代期中复习题自制解答——水至月生.pdf","129733","False","included","小型课程资料","11/18/2025 15:25:49"
"/数学类/抽象代数/期末复习/Revision.pdf","/数学类/抽象代数/期末复习","Revision.pdf","122307","False","included","小型课程资料","12/22/2025 01:33:24"
"/数学类/抽象代数/期末复习/抽象代数25年期末考试.pdf","/数学类/抽象代数/期末复习","抽象代数25年期末考试.pdf","797859","False","included","小型课程资料","01/06/2026 19:27:20"
"/数学类/抽象代数/期末复习/抽象代数期末复习.pdf","/数学类/抽象代数/期末复习","抽象代数期末复习.pdf","225862","False","included","小型课程资料","12/22/2025 01:33:31"
"/数学类/抽象代数/期末复习/抽象代数期末复习勘误与注解.pdf","/数学类/抽象代数/期末复习","抽象代数期末复习勘误与注解.pdf","183506","False","included","小型课程资料","01/05/2026 15:41:07"
"/数学类/抽象代数/期末复习/抽象代数期末复习新.pdf","/数学类/抽象代数/期末复习","抽象代数期末复习新.pdf","208490","False","included","小型课程资料","01/02/2026 16:49:52"
"/数学类/抽象代数/期末复习/抽象代数期末复习（1.4更新）.pdf","/数学类/抽象代数/期末复习","抽象代数期末复习（1.4更新）.pdf","231439","False","included","小型课程资料","01/04/2026 23:11:02"
"/数学类/抽象代数/期末复习/抽象代数期末复习（1.5更新）.pdf","/数学类/抽象代数/期末复习","抽象代数期末复习（1.5更新）.pdf","232778","False","included","小型课程资料","01/05/2026 14:07:47"
"/数学类/抽象代数/期末复习/抽象代数期末复习（12.23更新）.pdf","/数学类/抽象代数/期末复习","抽象代数期末复习（12.23更新）.pdf","231867","False","included","小型课程资料","12/23/2025 22:14:44"
"/数学类/抽象代数/期末复习/更新日志.txt","/数学类/抽象代数/期末复习","更新日志.txt","141","False","included","小型课程资料","01/05/2026 14:07:43"
"/数学类/抽象代数/期末复习/期末复习.pdf","/数学类/抽象代数/期末复习","期末复习.pdf","200351","False","included","小型课程资料","12/29/2025 09:34:02"
"/数学类/抽象代数/课本习题答案（部分）/抽代习题——更新至4.7.12.pdf","/数学类/抽象代数/课本习题答案（部分）","抽代习题——更新至4.7.12.pdf","287809","False","excluded","课本、教材、讲义或课件","11/23/2025 23:16:40"
"/数学类/抽象代数/课本习题答案（部分）/抽象代数习题——更新至3.6.1，3.6.12.1-7.pdf","/数学类/抽象代数/课本习题答案（部分）","抽象代数习题——更新至3.6.1，3.6.12.1-7.pdf","230677","False","excluded","课本、教材、讲义或课件","11/18/2025 15:26:37"
"/数学类/概率论（1）/习题课/概率论第1次习题课.pdf","/数学类/概率论（1）/习题课","概率论第1次习题课.pdf","211570","False","included","小型课程资料","03/23/2026 03:20:02"
"/数学类/概率论（1）/习题课/概率论第2次习题课.pdf","/数学类/概率论（1）/习题课","概率论第2次习题课.pdf","196807","False","included","小型课程资料","04/07/2026 00:24:44"
"/数学类/概率论（1）/习题课/概率论第3次习题课.pdf","/数学类/概率论（1）/习题课","概率论第3次习题课.pdf","154187","False","included","小型课程资料","04/20/2026 23:25:26"
"/数学类/概率论（1）/习题课/概率论第4次习题课.pdf","/数学类/概率论（1）/习题课","概率论第4次习题课.pdf","144890","False","included","小型课程资料","05/18/2026 15:36:19"
"/数学类/概率论（1）/习题课/概率论第5次习题课.pdf","/数学类/概率论（1）/习题课","概率论第5次习题课.pdf","165167","False","included","小型课程资料","06/03/2026 15:05:07"
"/数学类/概率论（1）/习题课/概率论第6次习题课.pdf","/数学类/概率论（1）/习题课","概率论第6次习题课.pdf","172208","False","included","小型课程资料","06/09/2026 16:52:06"
"/数学类/概率论（1）/作业/概率论第一周作业.pdf","/数学类/概率论（1）/作业","概率论第一周作业.pdf","538522","False","included","小型课程资料","03/05/2026 19:22:43"
"/数学类/概率论（1）/作业/概率论第七周作业.pdf","/数学类/概率论（1）/作业","概率论第七周作业.pdf","134147","False","included","小型课程资料","04/09/2026 21:12:06"
"/数学类/概率论（1）/作业/概率论第三周作业.pdf","/数学类/概率论（1）/作业","概率论第三周作业.pdf","157695","False","included","小型课程资料","03/13/2026 19:38:40"
"/数学类/概率论（1）/作业/概率论第九周作业.pdf","/数学类/概率论（1）/作业","概率论第九周作业.pdf","137113","False","included","小型课程资料","04/21/2026 00:43:05"
"/数学类/概率论（1）/作业/概率论第五周作业.pdf","/数学类/概率论（1）/作业","概率论第五周作业.pdf","128775","False","included","小型课程资料","03/26/2026 21:33:59"
"/数学类/概率论（1）/作业/概率论第八周作业.pdf","/数学类/概率论（1）/作业","概率论第八周作业.pdf","241059","False","included","小型课程资料","04/16/2026 21:20:08"
"/数学类/概率论（1）/作业/概率论第六周作业.pdf","/数学类/概率论（1）/作业","概率论第六周作业.pdf","96718","False","included","小型课程资料","04/01/2026 01:27:46"
"/数学类/概率论（1）/作业/概率论第十一周作业.pdf","/数学类/概率论（1）/作业","概率论第十一周作业.pdf","187463","False","included","小型课程资料","05/09/2026 15:34:46"
"/数学类/概率论（1）/作业/概率论第十三周作业.pdf","/数学类/概率论（1）/作业","概率论第十三周作业.pdf","188469","False","included","小型课程资料","05/21/2026 15:31:12"
"/数学类/概率论（1）/作业/概率论第十二周作业.pdf","/数学类/概率论（1）/作业","概率论第十二周作业.pdf","170846","False","included","小型课程资料","05/12/2026 20:04:00"
"/数学类/概率论（1）/作业/概率论第十五周作业.pdf","/数学类/概率论（1）/作业","概率论第十五周作业.pdf","178329","False","included","小型课程资料","06/03/2026 15:05:50"
"/数学类/概率论（1）/作业/概率论第十周作业.pdf","/数学类/概率论（1）/作业","概率论第十周作业.pdf","133039","False","included","小型课程资料","05/09/2026 15:34:45"
"/数学类/概率论（1）/作业/概率论第十四周作业.pdf","/数学类/概率论（1）/作业","概率论第十四周作业.pdf","228450","False","included","小型课程资料","05/28/2026 15:01:54"
"/数学类/概率论（1）/作业/概率论第四周作业.pdf","/数学类/概率论（1）/作业","概率论第四周作业.pdf","142750","False","included","小型课程资料","03/17/2026 02:25:17"
"/数学类/概率论（1）/往届试题/0106葛余博.doc","/数学类/概率论（1）/往届试题","0106葛余博.doc","31232","False","included","小型课程资料","03/05/2021 17:01:05"
"/数学类/概率论（1）/往届试题/0304陈大岳期中.pdf","/数学类/概率论（1）/往届试题","0304陈大岳期中.pdf","96142","False","included","小型课程资料","03/05/2021 17:01:06"
"/数学类/概率论（1）/往届试题/0312葛余博 _整理.pdf","/数学类/概率论（1）/往届试题","0312葛余博 _整理.pdf","471407","False","included","小型课程资料","03/05/2021 17:01:06"
"/数学类/概率论（1）/往届试题/0406葛余博.pdf","/数学类/概率论（1）/往届试题","0406葛余博.pdf","556019","False","included","小型课程资料","03/05/2021 17:01:06"
"/数学类/概率论（1）/往届试题/0501葛余博.pdf","/数学类/概率论（1）/往届试题","0501葛余博.pdf","562338","False","included","小型课程资料","03/05/2021 17:01:06"
"/数学类/概率论（1）/往届试题/0604林元烈期中.pdf","/数学类/概率论（1）/往届试题","0604林元烈期中.pdf","58445","False","included","小型课程资料","03/05/2021 17:01:07"
"/数学类/概率论（1）/往届试题/0606林元烈期末（1）.pdf","/数学类/概率论（1）/往届试题","0606林元烈期末（1）.pdf","78006","False","included","小型课程资料","03/05/2021 17:01:07"
"/数学类/概率论（1）/往届试题/0606林元烈期末（2）.pdf","/数学类/概率论（1）/往届试题","0606林元烈期末（2）.pdf","80610","False","included","小型课程资料","03/05/2021 17:01:07"
"/数学类/概率论（1）/往届试题/0701期末.pdf","/数学类/概率论（1）/往届试题","0701期末.pdf","464760","False","included","小型课程资料","03/05/2021 17:01:08"
"/数学类/概率论（1）/往届试题/0701王晓峰.doc","/数学类/概率论（1）/往届试题","0701王晓峰.doc","21504","False","included","小型课程资料","03/05/2021 17:01:08"
"/数学类/概率论（1）/往届试题/0706王晓峰.pdf","/数学类/概率论（1）/往届试题","0706王晓峰.pdf","243050","False","included","小型课程资料","03/05/2021 17:01:08"
"/数学类/概率论（1）/往届试题/0706葛余博.pdf","/数学类/概率论（1）/往届试题","0706葛余博.pdf","464619","False","included","小型课程资料","03/05/2021 17:01:08"
"/数学类/概率论（1）/往届试题/1001概率期末_698001423.pdf","/数学类/概率论（1）/往届试题","1001概率期末_698001423.pdf","298014","False","included","小型课程资料","03/05/2021 17:01:09"
"/数学类/概率论（1）/往届试题/2007年1月10日概率试题.pdf","/数学类/概率论（1）/往届试题","2007年1月10日概率试题.pdf","183136","False","included","小型课程资料","03/05/2021 17:01:09"
"/数学类/概率论（1）/往届试题/2007年春季学期概率论试卷--葛余博.pdf","/数学类/概率论（1）/往届试题","2007年春季学期概率论试卷--葛余博.pdf","3848326","False","included","小型课程资料","03/05/2021 17:01:10"
"/数学类/概率论（1）/往届试题/2008-2009学年春季学期概率论与数理统计期末考试要求.doc","/数学类/概率论（1）/往届试题","2008-2009学年春季学期概率论与数理统计期末考试要求.doc","33792","False","included","小型课程资料","03/05/2021 17:01:10"
"/数学类/概率论（1）/往届试题/2009-2010秋季学期概率统计参考答案_671208387.pdf","/数学类/概率论（1）/往届试题","2009-2010秋季学期概率统计参考答案_671208387.pdf","243418","False","included","小型课程资料","03/05/2021 17:01:10"
"/数学类/概率论（1）/往届试题/2010年1月18日概率试题.pdf","/数学类/概率论（1）/往届试题","2010年1月18日概率试题.pdf","794795","False","included","小型课程资料","03/05/2021 17:01:10"
"/数学类/概率论（1）/往届试题/2025春季学期lzx概率论期末考试.pdf","/数学类/概率论（1）/往届试题","2025春季学期lzx概率论期末考试.pdf","81176","False","included","小型课程资料","03/02/2026 02:13:00"
"/数学类/概率论（1）/往届试题/22春 概率论(1) 荆文甲 期中 答案.pdf","/数学类/概率论（1）/往届试题","22春 概率论(1) 荆文甲 期中 答案.pdf","522776","False","included","小型课程资料","04/20/2022 14:12:59"
"/数学类/概率论（1）/往届试题/22春 概率论(1) 荆文甲 期末.pdf","/数学类/概率论（1）/往届试题","22春 概率论(1) 荆文甲 期末.pdf","112481","False","included","小型课程资料","06/14/2022 08:58:23"
"/数学类/概率论（1）/往届试题/22春 概率论（1） 梁宗霞 期末.pdf","/数学类/概率论（1）/往届试题","22春 概率论（1） 梁宗霞 期末.pdf","264824","False","included","小型课程资料","06/28/2022 21:14:18"
"/数学类/概率论（1）/往届试题/lzx概率论往年考题.zip","/数学类/概率论（1）/往届试题","lzx概率论往年考题.zip","10246464","False","excluded","压缩包","06/28/2022 09:52:34"
"/数学类/概率论（1）/往届试题/两份未知样题.doc","/数学类/概率论（1）/往届试题","两份未知样题.doc","206848","False","included","小型课程资料","03/05/2021 17:01:11"
"/数学类/概率论（1）/往届试题/前面是10道填空.docx","/数学类/概率论（1）/往届试题","前面是10道填空.docx","15729","False","included","小型课程资料","03/05/2021 17:01:11"
"/数学类/概率论（1）/往届试题/四分样题-未知-03林元烈-01葛余博-03葛余博.doc","/数学类/概率论（1）/往届试题","四分样题-未知-03林元烈-01葛余博-03葛余博.doc","43008","False","included","小型课程资料","03/05/2021 17:01:11"
"/数学类/概率论（1）/往届试题/土木概率试题1.pdf","/数学类/概率论（1）/往届试题","土木概率试题1.pdf","300443","False","included","小型课程资料","03/05/2021 17:01:11"
"/数学类/概率论（1）/往届试题/土木概率试题2.pdf","/数学类/概率论（1）/往届试题","土木概率试题2.pdf","178558","False","included","小型课程资料","03/05/2021 17:01:12"
"/数学类/概率论（1）/往届试题/土木概率试题3.pdf","/数学类/概率论（1）/往届试题","土木概率试题3.pdf","280617","False","included","小型课程资料","03/05/2021 17:01:12"
"/数学类/概率论（1）/往届试题/土木概率试题4.pdf","/数学类/概率论（1）/往届试题","土木概率试题4.pdf","165381","False","included","小型课程资料","03/05/2021 17:01:12"
"/数学类/概率论（1）/往届试题/未知.doc","/数学类/概率论（1）/往届试题","未知.doc","46592","False","included","小型课程资料","03/05/2021 17:01:13"
"/数学类/概率论（1）/往届试题/概率07.pdf","/数学类/概率论（1）/往届试题","概率07.pdf","499538","False","included","小型课程资料","03/05/2021 17:01:13"
"/数学类/概率论（1）/往届试题/概率09.doc","/数学类/概率论（1）/往届试题","概率09.doc","201728","False","included","小型课程资料","03/05/2021 17:01:13"
"/数学类/概率论（1）/往届试题/概率10.pdf","/数学类/概率论（1）/往届试题","概率10.pdf","794795","False","included","小型课程资料","03/05/2021 17:01:14"
"/数学类/概率论（1）/往届试题/概率2003.pdf","/数学类/概率论（1）/往届试题","概率2003.pdf","471407","False","included","小型课程资料","03/05/2021 17:01:14"
"/数学类/概率论（1）/往届试题/概率2004.pdf","/数学类/概率论（1）/往届试题","概率2004.pdf","556019","False","included","小型课程资料","03/05/2021 17:01:14"
"/数学类/概率论（1）/往届试题/概率2005.pdf","/数学类/概率论（1）/往届试题","概率2005.pdf","562338","False","included","小型课程资料","03/05/2021 17:01:15"
"/数学类/概率论（1）/往届试题/概率2007ko.pdf","/数学类/概率论（1）/往届试题","概率2007ko.pdf","450433","False","included","小型课程资料","03/05/2021 17:01:15"
"/数学类/概率论（1）/往届试题/概率考题.pdf","/数学类/概率论（1）/往届试题","概率考题.pdf","183136","False","included","小型课程资料","03/05/2021 17:01:15"
"/数学类/概率论（1）/往届试题/概率论.zip","/数学类/概率论（1）/往届试题","概率论.zip","1377159","False","excluded","压缩包","06/28/2022 09:54:54"
"/数学类/概率论（1）/往届试题/概率试题.doc","/数学类/概率论（1）/往届试题","概率试题.doc","54272","False","included","小型课程资料","03/05/2021 17:01:15"
"/数学类/概率论（1）/往届试题/葛余博概率2003.12.pdf","/数学类/概率论（1）/往届试题","葛余博概率2003.12.pdf","471407","False","included","小型课程资料","03/05/2021 17:01:16"
"/数学类/概率论（1）/往届试题/葛余博概率2004.06.pdf","/数学类/概率论（1）/往届试题","葛余博概率2004.06.pdf","556019","False","included","小型课程资料","03/05/2021 17:01:16"
"/数学类/概率论（1）/往届试题/葛余博概率2005.01.pdf","/数学类/概率论（1）/往届试题","葛余博概率2005.01.pdf","562338","False","included","小型课程资料","03/05/2021 17:01:16"
"/数学类/概率论（1）/往届试题/葛余博概率2007.06.25.pdf","/数学类/概率论（1）/往届试题","葛余博概率2007.06.25.pdf","464619","False","included","小型课程资料","03/05/2021 17:01:17"
"/数学类/概率论（1）/梁宗霞概率论往年题/2011期末.pdf","/数学类/概率论（1）/梁宗霞概率论往年题","2011期末.pdf","186227","False","included","小型课程资料","04/07/2026 18:39:58"
"/数学类/概率论（1）/梁宗霞概率论往年题/2012期末.pdf","/数学类/概率论（1）/梁宗霞概率论往年题","2012期末.pdf","78526","False","included","小型课程资料","04/07/2026 18:39:59"
"/数学类/概率论（1）/梁宗霞概率论往年题/2013期末.pdf","/数学类/概率论（1）/梁宗霞概率论往年题","2013期末.pdf","77512","False","included","小型课程资料","04/07/2026 18:39:59"
"/数学类/概率论（1）/梁宗霞概率论往年题/2014期末.pdf","/数学类/概率论（1）/梁宗霞概率论往年题","2014期末.pdf","250173","False","included","小型课程资料","04/07/2026 18:39:59"
"/数学类/概率论（1）/梁宗霞概率论往年题/2015期末.pdf","/数学类/概率论（1）/梁宗霞概率论往年题","2015期末.pdf","227208","False","included","小型课程资料","04/07/2026 18:39:59"
"/数学类/概率论（1）/梁宗霞概率论往年题/2017期末.pdf","/数学类/概率论（1）/梁宗霞概率论往年题","2017期末.pdf","91068","False","included","小型课程资料","04/07/2026 18:39:59"
"/数学类/概率论（1）/梁宗霞概率论往年题/2018期末-答案.pdf","/数学类/概率论（1）/梁宗霞概率论往年题","2018期末-答案.pdf","5635902","False","included","小型课程资料","04/07/2026 18:40:00"
"/数学类/概率论（1）/梁宗霞概率论往年题/2018期末.pdf","/数学类/概率论（1）/梁宗霞概率论往年题","2018期末.pdf","92152","False","included","小型课程资料","04/07/2026 18:40:00"
"/数学类/概率论（1）/梁宗霞概率论往年题/2019期末-答案.pdf","/数学类/概率论（1）/梁宗霞概率论往年题","2019期末-答案.pdf","6603878","False","included","小型课程资料","04/07/2026 18:40:00"
"/数学类/概率论（1）/梁宗霞概率论往年题/2019期末.pdf","/数学类/概率论（1）/梁宗霞概率论往年题","2019期末.pdf","88305","False","included","小型课程资料","04/07/2026 18:40:00"
"/数学类/概率论（1）/梁宗霞概率论往年题/2020期末.pdf","/数学类/概率论（1）/梁宗霞概率论往年题","2020期末.pdf","101786","False","included","小型课程资料","04/07/2026 18:40:01"
"/数学类/概率论（1）/梁宗霞概率论往年题/2021期末.pdf","/数学类/概率论（1）/梁宗霞概率论往年题","2021期末.pdf","215774","False","included","小型课程资料","04/07/2026 18:40:01"
"/数学类/概率论（1）/梁宗霞概率论往年题/2022年春概率论(I)试题A.pdf","/数学类/概率论（1）/梁宗霞概率论往年题","2022年春概率论(I)试题A.pdf","264824","False","included","小型课程资料","04/07/2026 18:46:12"
"/数学类/概率论（1）/梁宗霞概率论往年题/2022期末.pdf","/数学类/概率论（1）/梁宗霞概率论往年题","2022期末.pdf","264824","False","included","小型课程资料","04/07/2026 18:40:01"
"/数学类/概率论（1）/梁宗霞概率论往年题/2023年春期中概率论(I)试题(1).pdf","/数学类/概率论（1）/梁宗霞概率论往年题","2023年春期中概率论(I)试题(1).pdf","223856","False","included","小型课程资料","04/07/2026 18:46:12"
"/数学类/概率论（1）/梁宗霞概率论往年题/2023期末.pdf","/数学类/概率论（1）/梁宗霞概率论往年题","2023期末.pdf","269027","False","included","小型课程资料","04/07/2026 18:40:01"
"/数学类/概率论（1）/梁宗霞概率论往年题/2024期中.pdf","/数学类/概率论（1）/梁宗霞概率论往年题","2024期中.pdf","243287","False","included","小型课程资料","04/07/2026 18:40:02"
"/数学类/概率论（1）/梁宗霞概率论往年题/2025第一次自学作业（7分））.pdf","/数学类/概率论（1）/梁宗霞概率论往年题","2025第一次自学作业（7分））.pdf","778483","False","included","小型课程资料","04/07/2026 18:40:02"
"/数学类/概率论（1）/概率论25春/2025春季学期lzx概率论期末考试.pdf","/数学类/概率论（1）/概率论25春","2025春季学期lzx概率论期末考试.pdf","81176","False","included","小型课程资料","03/02/2026 02:13:00"
"/数学类/概率论（1）/概率论25春/A Course in Probability Theory by Kai Lai Chung (z-lib.org).pdf","/数学类/概率论（1）/概率论25春","A Course in Probability Theory by Kai Lai Chung (z-lib.org).pdf","18528400","False","excluded","超过本次小文件上限 10 MiB","03/02/2026 02:13:02"
"/数学类/概率论（1）/概率论25春/Kolmogorov‘s Converegence Theorem.pdf","/数学类/概率论（1）/概率论25春","Kolmogorov‘s Converegence Theorem.pdf","201264","False","excluded","PDF 未识别为往年题、作业、笔记、总结或课程报告","03/02/2026 02:13:02"
"/数学类/概率论（1）/概率论25春/Probability Theory and Examples, Third Edition by Richard Durrett (z-lib.org).pdf","/数学类/概率论（1）/概率论25春","Probability Theory and Examples, Third Edition by Richard Durrett (z-lib.org).pdf","14819444","False","excluded","超过本次小文件上限 10 MiB","03/02/2026 02:13:04"
"/数学类/概率论（1）/概率论25春/概率论 杨振明.pdf","/数学类/概率论（1）/概率论25春","概率论 杨振明.pdf","134085973","False","excluded","超过本次小文件上限 10 MiB","03/02/2026 02:13:16"
"/数学类/概率论（1）/概率论25春/概率论作业.pdf","/数学类/概率论（1）/概率论25春","概率论作业.pdf","1079298","False","included","小型课程资料","03/02/2026 02:13:16"
"/数学类/概率论（1）/概率论25春/概率论教程 by 缪柏其 胡太忠 (z-lib.org).pdf","/数学类/概率论（1）/概率论25春","概率论教程 by 缪柏其 胡太忠 (z-lib.org).pdf","10288689","False","excluded","PDF 未识别为往年题、作业、笔记、总结或课程报告","03/02/2026 02:13:17"
"/数学类/概率论（1）/概率论25春/概率论教程-钟开莱.pdf","/数学类/概率论（1）/概率论25春","概率论教程-钟开莱.pdf","11543285","False","excluded","超过本次小文件上限 10 MiB","03/02/2026 02:13:19"
"/数学类/概率论（1）/概率论25春/概率论期末复习.pdf","/数学类/概率论（1）/概率论25春","概率论期末复习.pdf","358470","False","included","小型课程资料","03/02/2026 02:13:19"
"/数学类/概率论（1）/概率论25春/第一次自学作业.pdf","/数学类/概率论（1）/概率论25春","第一次自学作业.pdf","105222","False","included","小型课程资料","03/02/2026 02:13:20"
"/数学类/概率论（1）/课本和学习用书/概率论基础 第三版 (李贤平) (z-library.sk, 1lib.sk.pdf","/数学类/概率论（1）/课本和学习用书","概率论基础 第三版 (李贤平) (z-library.sk, 1lib.sk.pdf","18979217","False","excluded","超过本次小文件上限 10 MiB","04/23/2026 15:59:58"
"/数学类/概率论（1）/课本和学习用书/概率论基础学习指导书 (李贤平 陈子毅) (z-libr.pdf","/数学类/概率论（1）/课本和学习用书","概率论基础学习指导书 (李贤平 陈子毅) (z-libr.pdf","65826895","False","excluded","超过本次小文件上限 10 MiB","04/23/2026 16:00:05"
"/数学类/测度与积分/习题/README.txt","/数学类/测度与积分/习题","README.txt","207","False","included","小型课程资料","12/09/2025 00:20:33"
"/数学类/测度与积分/习题/测度与积分习题第1章.pdf","/数学类/测度与积分/习题","测度与积分习题第1章.pdf","269491","False","included","小型课程资料","02/08/2026 21:32:31"
"/数学类/测度与积分/习题/测度与积分习题第2章.pdf","/数学类/测度与积分/习题","测度与积分习题第2章.pdf","218770","False","included","小型课程资料","02/08/2026 21:32:31"
"/数学类/测度与积分/习题/测度与积分习题第3章.pdf","/数学类/测度与积分/习题","测度与积分习题第3章.pdf","276853","False","included","小型课程资料","02/09/2026 21:10:06"
"/数学类/测度与积分/习题/测度与积分习题第4章.pdf","/数学类/测度与积分/习题","测度与积分习题第4章.pdf","238745","False","included","小型课程资料","02/13/2026 14:23:20"
"/数学类/测度与积分/习题/测度与积分习题第5章.pdf","/数学类/测度与积分/习题","测度与积分习题第5章.pdf","347740","False","included","小型课程资料","02/15/2026 16:18:42"
"/数学类/测度与积分/习题/测度与积分习题第6章.pdf","/数学类/测度与积分/习题","测度与积分习题第6章.pdf","552410","False","included","小型课程资料","02/19/2026 00:21:54"
"/数学类/测度与积分/习题/测度与积分习题第7章.pdf","/数学类/测度与积分/习题","测度与积分习题第7章.pdf","433526","False","included","小型课程资料","02/26/2026 11:05:38"
"/数学类/测度与积分/习题/测度与积分习题第8章.pdf","/数学类/测度与积分/习题","测度与积分习题第8章.pdf","172969","False","included","小型课程资料","02/21/2026 01:07:19"
"/数学类/测度与积分/习题/测度与积分习题第9章.pdf","/数学类/测度与积分/习题","测度与积分习题第9章.pdf","316045","False","included","小型课程资料","02/20/2026 23:32:18"
"/数学类/测度与积分/卢旭光老师考试/2020卢旭光测度与积分期中.pdf","/数学类/测度与积分/卢旭光老师考试","2020卢旭光测度与积分期中.pdf","54877","False","included","小型课程资料","04/25/2026 20:21:12"
"/数学类/测度与积分/卢旭光老师考试/2020卢旭光测度与积分期末.pdf","/数学类/测度与积分/卢旭光老师考试","2020卢旭光测度与积分期末.pdf","50912","False","included","小型课程资料","04/25/2026 20:21:12"
"/数学类/测度与积分/卢旭光老师考试/2022测度与积分期末试题解答参考-卢旭光.pdf","/数学类/测度与积分/卢旭光老师考试","2022测度与积分期末试题解答参考-卢旭光.pdf","117088","False","included","小型课程资料","06/28/2022 09:36:23"
"/数学类/测度与积分/卢旭光老师考试/2024个人测度与积分期中试题和解答参考.pdf","/数学类/测度与积分/卢旭光老师考试","2024个人测度与积分期中试题和解答参考.pdf","419352","False","included","小型课程资料","06/28/2024 20:09:50"
"/数学类/测度与积分/卢旭光老师考试/2024春测度与积分期末试题和解答参考-卢旭光.pdf","/数学类/测度与积分/卢旭光老师考试","2024春测度与积分期末试题和解答参考-卢旭光.pdf","450849","False","included","小型课程资料","06/28/2024 20:07:59"
"/数学类/测度与积分/卢旭光老师考试/2024测度与积分期中补考试题和解答参考.pdf","/数学类/测度与积分/卢旭光老师考试","2024测度与积分期中补考试题和解答参考.pdf","393620","False","included","小型课程资料","06/28/2024 20:09:50"
"/数学类/测度与积分/卢旭光老师考试/2024测度与积分期中试题和解答参考.pdf","/数学类/测度与积分/卢旭光老师考试","2024测度与积分期中试题和解答参考.pdf","414179","False","included","小型课程资料","06/28/2024 20:09:50"
"/数学类/测度与积分/往年题/2022测度与积分期末试题解答参考-卢旭光.pdf","/数学类/测度与积分/往年题","2022测度与积分期末试题解答参考-卢旭光.pdf","117088","False","included","小型课程资料","02/21/2026 01:07:40"
"/数学类/测度与积分/往年题/2024个人测度与积分期中试题和解答参考.pdf","/数学类/测度与积分/往年题","2024个人测度与积分期中试题和解答参考.pdf","419352","False","included","小型课程资料","02/21/2026 01:07:40"
"/数学类/测度与积分/往年题/2024春测度与积分期末试题和解答参考-卢旭光.pdf","/数学类/测度与积分/往年题","2024春测度与积分期末试题和解答参考-卢旭光.pdf","450849","False","included","小型课程资料","02/21/2026 01:07:41"
"/数学类/测度与积分/往年题/2024测度与积分期中补考试题和解答参考.pdf","/数学类/测度与积分/往年题","2024测度与积分期中补考试题和解答参考.pdf","393620","False","included","小型课程资料","02/21/2026 01:07:40"
"/数学类/测度与积分/往年题/2024测度与积分期中试题和解答参考.pdf","/数学类/测度与积分/往年题","2024测度与积分期中试题和解答参考.pdf","414179","False","included","小型课程资料","02/21/2026 01:07:41"
"/数学类/测度与积分/讲义/2024年测度与积分讲义new.pdf","/数学类/测度与积分/讲义","2024年测度与积分讲义new.pdf","3280098","False","excluded","课本、教材、讲义或课件","02/07/2026 20:35:41"
"/物理类/光学/Laser/Introduction to laser technology by C. Breck Hitz, James J. Ewing, Jeff Hecht (z-lib.org).pdf","/物理类/光学/Laser","Introduction to laser technology by C. Breck Hitz, James J. Ewing, Jeff Hecht (z-lib.org).pdf","10974744","False","excluded","超过本次小文件上限 10 MiB","09/19/2023 20:36:00"
"/物理类/光学/Laser/Laser Physics by Milonni P.W., Eberly J.H. (z-lib.org).pdf","/物理类/光学/Laser","Laser Physics by Milonni P.W., Eberly J.H. (z-lib.org).pdf","4442139","False","excluded","PDF 未识别为往年题、作业、笔记、总结或课程报告","09/19/2023 20:35:42"
"/物理类/光学/Laser/Lasers fundamentals and applications by K. Thyagarajan, Ajoy Ghatak (auth.) (z-lib.org).pdf","/物理类/光学/Laser","Lasers fundamentals and applications by K. Thyagarajan, Ajoy Ghatak (auth.) (z-lib.org).pdf","9711295","False","excluded","PDF 未识别为往年题、作业、笔记、总结或课程报告","09/19/2023 20:35:53"
"/物理类/光学/Laser/Optics, Photonics and Laser Technology by Paulo A. Ribeiro, Maria Raposo (z-lib.org).pdf","/物理类/光学/Laser","Optics, Photonics and Laser Technology by Paulo A. Ribeiro, Maria Raposo (z-lib.org).pdf","12166252","False","excluded","超过本次小文件上限 10 MiB","09/19/2023 20:35:40"
"/物理类/光学/Laser/Principles of Lasers by Orazio Svelto (z-lib.org).pdf","/物理类/光学/Laser","Principles of Lasers by Orazio Svelto (z-lib.org).pdf","14848000","False","excluded","超过本次小文件上限 10 MiB","09/19/2023 20:35:47"
"/物理类/光学/Laser/激光原理 by 周炳琨, 高以智,陈倜嵘, 陈家骅 (z-lib.org).pdf","/物理类/光学/Laser","激光原理 by 周炳琨, 高以智,陈倜嵘, 陈家骅 (z-lib.org).pdf","8311941","False","excluded","PDF 未识别为往年题、作业、笔记、总结或课程报告","09/19/2023 20:35:56"
"/物理类/其他电子书/Leonard Susskind's Theoretical Minimum/(The Theoretical Minimum 3) Leonard Susskind, Art Friedman - Special Relativity and Classical Field Theory_ The Theoretical Minimum-Penguin (2017).pdf","/物理类/其他电子书/Leonard Susskind's Theoretical Minimum","(The Theoretical Minimum 3) Leonard Susskind, Art Friedman - Special Relativity and Classical Field Theory_ The Theoretical Minimum-Penguin (2017).pdf","37721165","False","excluded","超过本次小文件上限 10 MiB","05/23/2021 15:16:08"
"/物理类/其他电子书/Leonard Susskind's Theoretical Minimum/[The Theoretical Minimum] Leonard Susskind _ Art Friedman - Special Relativity and Classical Field Theory (2017, Basic Books) - libgen.lc.pdf","/物理类/其他电子书/Leonard Susskind's Theoretical Minimum","[The Theoretical Minimum] Leonard Susskind _ Art Friedman - Special Relativity and Classical Field Theory (2017, Basic Books) - libgen.lc.pdf","8049837","False","excluded","课本、教材、讲义或课件","05/23/2021 15:25:31"
"/物理类/其他电子书/Leonard Susskind's Theoretical Minimum/Leonard Susskind, Art Friedman - Quantum mechanics. The theoretical minimum-Basic Books (2014).pdf","/物理类/其他电子书/Leonard Susskind's Theoretical Minimum","Leonard Susskind, Art Friedman - Quantum mechanics. The theoretical minimum-Basic Books (2014).pdf","1386036","False","excluded","课本、教材、讲义或课件","05/23/2021 15:15:56"
"/物理类/其他电子书/Leonard Susskind's Theoretical Minimum/Leonard Susskind, George Hrabovsky - The Theoretical Minimum_ What You Need to Know to Start Doing Physics-Basic Books (2013).pdf","/物理类/其他电子书/Leonard Susskind's Theoretical Minimum","Leonard Susskind, George Hrabovsky - The Theoretical Minimum_ What You Need to Know to Start Doing Physics-Basic Books (2013).pdf","4159113","False","excluded","课本、教材、讲义或课件","05/23/2021 15:15:55"
"/物理类/其他电子书/分析力学/[Arnold]_经典力学的数学方法__阿诺尔德.pdf","/物理类/其他电子书/分析力学","[Arnold]_经典力学的数学方法__阿诺尔德.pdf","20317031","False","excluded","超过本次小文件上限 10 MiB","03/31/2021 22:14:51"
"/物理类/其他电子书/分析力学/AdvancedClassicalMechanicsMIT8_09F14.pdf","/物理类/其他电子书/分析力学","AdvancedClassicalMechanicsMIT8_09F14.pdf","6408918","False","excluded","课本、教材、讲义或课件","05/23/2021 15:22:26"
"/物理类/其他电子书/分析力学/Analytical Mechanics by Hand L.N., Finch J.D. (z-lib.org).pdf","/物理类/其他电子书/分析力学","Analytical Mechanics by Hand L.N., Finch J.D. (z-lib.org).pdf","130675697","False","excluded","超过本次小文件上限 10 MiB","05/23/2021 15:17:54"
"/物理类/其他电子书/分析力学/Jakob Schwichtenberg - No-Nonsense Classical Mecnanics. A Student- Friendly introduction (2019, NO-NONSENSE BOOKS) - libgen.lc.pdf","/物理类/其他电子书/分析力学","Jakob Schwichtenberg - No-Nonsense Classical Mecnanics. A Student- Friendly introduction (2019, NO-NONSENSE BOOKS) - libgen.lc.pdf","19380296","False","excluded","超过本次小文件上限 10 MiB","05/23/2021 15:20:06"
"/物理类/其他电子书/分析力学/Jennifer Coopersmith - The Lazy Universe_ An Introduction to the Principle of Least Action (2017, Oxford University Press) - libgen.lc.pdf","/物理类/其他电子书/分析力学","Jennifer Coopersmith - The Lazy Universe_ An Introduction to the Principle of Least Action (2017, Oxford University Press) - libgen.lc.pdf","3038177","False","excluded","课本、教材、讲义或课件","05/23/2021 15:20:34"
"/物理类/其他电子书/力学专业书籍推荐/[有限元分析及应用].文字版_曾攀.pdf","/物理类/其他电子书/力学专业书籍推荐","[有限元分析及应用].文字版_曾攀.pdf","96973957","False","excluded","超过本次小文件上限 10 MiB","09/19/2023 20:40:43"
"/物理类/其他电子书/力学专业书籍推荐/Diana Hacker, Nancy Sommers-Rules for Writers, 7th edition.pdf","/物理类/其他电子书/力学专业书籍推荐","Diana Hacker, Nancy Sommers-Rules for Writers, 7th edition.pdf","26168466","False","excluded","超过本次小文件上限 10 MiB","09/19/2023 20:38:13"
"/物理类/其他电子书/力学专业书籍推荐/I.M. Ward, J. Sweeney-Mechanical Properties of Solid Polymers-3rd.pdf","/物理类/其他电子书/力学专业书籍推荐","I.M. Ward, J. Sweeney-Mechanical Properties of Solid Polymers-3rd.pdf","30288507","False","excluded","超过本次小文件上限 10 MiB","09/19/2023 20:38:44"
"/物理类/其他电子书/力学专业书籍推荐/K.L.Johnson-Contact Mechanics.pdf","/物理类/其他电子书/力学专业书籍推荐","K.L.Johnson-Contact Mechanics.pdf","4988760","False","excluded","课本、教材、讲义或课件","09/19/2023 20:39:31"
"/物理类/其他电子书/力学专业书籍推荐/M.E. Gurtin, E. Fried, L. Anand-The Mechanics and Thermodynamics of Continua.pdf","/物理类/其他电子书/力学专业书籍推荐","M.E. Gurtin, E. Fried, L. Anand-The Mechanics and Thermodynamics of Continua.pdf","5526254","False","excluded","课本、教材、讲义或课件","09/19/2023 20:39:36"
"/物理类/其他电子书/力学专业书籍推荐/O. C. Zienkiewicz, R. L. Taylor, J.Z. Zhu-The finite element method its basis and fundamentals.pdf","/物理类/其他电子书/力学专业书籍推荐","O. C. Zienkiewicz, R. L. Taylor, J.Z. Zhu-The finite element method its basis and fundamentals.pdf","6869950","False","excluded","课本、教材、讲义或课件","09/19/2023 20:38:04"
"/物理类/其他电子书/力学专业书籍推荐/R.Hill-The Mathematical Theory of Plasticity.pdf","/物理类/其他电子书/力学专业书籍推荐","R.Hill-The Mathematical Theory of Plasticity.pdf","51193494","False","excluded","超过本次小文件上限 10 MiB","09/19/2023 20:39:49"
"/物理类/其他电子书/力学专业书籍推荐/Robert D. Cook, David S. Malkus, Michael E. Plesha, Robert J. Witt-Concepts and Applications of finite element analysis.pdf","/物理类/其他电子书/力学专业书籍推荐","Robert D. Cook, David S. Malkus, Michael E. Plesha, Robert J. Witt-Concepts and Applications of finite element analysis.pdf","25817303","False","excluded","超过本次小文件上限 10 MiB","09/19/2023 20:38:33"
"/物理类/其他电子书/力学专业书籍推荐/Ted Belytschko, Wing Kam Liu, Brian Moran-Nonlinear Finite Elements for Continua and Structures.pdf","/物理类/其他电子书/力学专业书籍推荐","Ted Belytschko, Wing Kam Liu, Brian Moran-Nonlinear Finite Elements for Continua and Structures.pdf","3011086","False","excluded","课本、教材、讲义或课件","09/19/2023 20:38:24"
"/物理类/其他电子书/力学专业书籍推荐/Thomas A. Garrity, Lori Pedersen-All the Mathematics You Missed But Need to Know for Graduate School.pdf","/物理类/其他电子书/力学专业书籍推荐","Thomas A. Garrity, Lori Pedersen-All the Mathematics You Missed But Need to Know for Graduate School.pdf","9959138","False","excluded","课本、教材、讲义或课件","09/19/2023 20:38:02"
"/物理类/其他电子书/力学专业书籍推荐/Valentin L. Popov-Contact Mechanics and Friction Physical Principles and Applications.pdf","/物理类/其他电子书/力学专业书籍推荐","Valentin L. Popov-Contact Mechanics and Friction Physical Principles and Applications.pdf","15584916","False","excluded","超过本次小文件上限 10 MiB","09/19/2023 20:39:26"
"/物理类/其他电子书/力学专业书籍推荐/William D Callister, Jr._ David G Rethwisch-Materials science and engineering _ an introduction-Wiley (2014).pdf","/物理类/其他电子书/力学专业书籍推荐","William D Callister, Jr._ David G Rethwisch-Materials science and engineering _ an introduction-Wiley (2014).pdf","26849874","False","excluded","超过本次小文件上限 10 MiB","09/19/2023 20:38:20"
"/物理类/其他电子书/力学专业书籍推荐/塑性力学 余同希 .pdf","/物理类/其他电子书/力学专业书籍推荐","塑性力学 余同希 .pdf","32607771","False","excluded","超过本次小文件上限 10 MiB","09/19/2023 20:39:22"
"/物理类/其他电子书/力学专业书籍推荐/塑性力学(徐秉业).pdf","/物理类/其他电子书/力学专业书籍推荐","塑性力学(徐秉业).pdf","12087992","False","excluded","超过本次小文件上限 10 MiB","09/19/2023 20:39:34"
"/物理类/其他电子书/力学专业书籍推荐/塑性力学引论(修订版)(王仁 ,北京大学出版社).pdf","/物理类/其他电子书/力学专业书籍推荐","塑性力学引论(修订版)(王仁 ,北京大学出版社).pdf","7507725","False","excluded","课本、教材、讲义或课件","09/19/2023 20:38:23"
"/物理类/其他电子书/力学专业书籍推荐/弹性力学（吴家龙）.pdf","/物理类/其他电子书/力学专业书籍推荐","弹性力学（吴家龙）.pdf","22809491","False","excluded","超过本次小文件上限 10 MiB","09/19/2023 20:40:10"
"/物理类/其他电子书/力学专业书籍推荐/弹性理论-铁摩辛柯.pdf","/物理类/其他电子书/力学专业书籍推荐","弹性理论-铁摩辛柯.pdf","8980664","False","excluded","课本、教材、讲义或课件","09/19/2023 20:39:29"
"/物理类/其他电子书/力学专业书籍推荐/有限元分析的概念与应用-第四版(R.D.库克).pdf","/物理类/其他电子书/力学专业书籍推荐","有限元分析的概念与应用-第四版(R.D.库克).pdf","63618291","False","excluded","超过本次小文件上限 10 MiB","09/19/2023 20:39:13"
"/物理类/其他电子书/力学专业书籍推荐/连续介质力学基础(黄筑平).pdf","/物理类/其他电子书/力学专业书籍推荐","连续介质力学基础(黄筑平).pdf","7216233","False","excluded","课本、教材、讲义或课件","09/19/2023 20:38:07"
"/物理类/其他电子书/力学专业书籍推荐/连续介质力学简明理论和例题_查德威克.pdf","/物理类/其他电子书/力学专业书籍推荐","连续介质力学简明理论和例题_查德威克.pdf","8563515","False","excluded","课本、教材、讲义或课件","09/19/2023 20:38:26"
"/物理类/其他电子书/力学专业书籍推荐/连续体和结构的非线性有限元-庄茁（译）.pdf","/物理类/其他电子书/力学专业书籍推荐","连续体和结构的非线性有限元-庄茁（译）.pdf","12391109","False","excluded","超过本次小文件上限 10 MiB","09/19/2023 20:38:36"
"/物理类/其他电子书/力学专业书籍推荐/高分子物理 (第三版) 何曼君.pdf","/物理类/其他电子书/力学专业书籍推荐","高分子物理 (第三版) 何曼君.pdf","25709186","False","excluded","超过本次小文件上限 10 MiB","09/19/2023 20:39:59"
"/物理类/其他电子书/力学专业书籍推荐/高聚物的力学性能(第二版).pdf","/物理类/其他电子书/力学专业书籍推荐","高聚物的力学性能(第二版).pdf","42618953","False","excluded","超过本次小文件上限 10 MiB","09/19/2023 20:38:54"
"/物理类/其他电子书/原子分子物理/Atomic physics by Christopher J. Foot (z-lib.org).pdf","/物理类/其他电子书/原子分子物理","Atomic physics by Christopher J. Foot (z-lib.org).pdf","4696477","False","excluded","课本、教材、讲义或课件","05/23/2021 15:34:05"
"/物理类/其他电子书/原子分子物理/Hui Zhai - Ultracold Atomic Physics (2020) - libgen.li.pdf","/物理类/其他电子书/原子分子物理","Hui Zhai - Ultracold Atomic Physics (2020) - libgen.li.pdf","15848168","False","excluded","超过本次小文件上限 10 MiB","05/23/2021 15:31:21"
"/物理类/其他电子书/固体物理/David W. Snoke - Solid State Physics_ Essential Concepts (2020, Cambridge University Press) - libgen.lc.pdf","/物理类/其他电子书/固体物理","David W. Snoke - Solid State Physics_ Essential Concepts (2020, Cambridge University Press) - libgen.lc.pdf","8787551","False","excluded","课本、教材、讲义或课件","05/23/2021 15:33:26"
"/物理类/其他电子书/大题典第2版/1力学 上.pdf","/物理类/其他电子书/大题典第2版","1力学 上.pdf","186380598","False","excluded","超过本次小文件上限 10 MiB","12/30/2022 19:43:25"
"/物理类/其他电子书/大题典第2版/1力学 下.pdf","/物理类/其他电子书/大题典第2版","1力学 下.pdf","40921748","False","excluded","超过本次小文件上限 10 MiB","12/30/2022 19:43:34"
"/物理类/其他电子书/大题典第2版/2电磁学与电动力学.pdf","/物理类/其他电子书/大题典第2版","2电磁学与电动力学.pdf","69021921","False","excluded","超过本次小文件上限 10 MiB","12/30/2022 19:43:50"
"/物理类/其他电子书/大题典第2版/3光学.pdf","/物理类/其他电子书/大题典第2版","3光学.pdf","109539736","False","excluded","超过本次小文件上限 10 MiB","12/30/2022 19:44:15"
"/物理类/其他电子书/大题典第2版/4分子、原子与亚原子物理学.pdf","/物理类/其他电子书/大题典第2版","4分子、原子与亚原子物理学.pdf","81407632","False","excluded","超过本次小文件上限 10 MiB","12/30/2022 19:44:34"
"/物理类/其他电子书/大题典第2版/5热学 热力学 统计物理.pdf","/物理类/其他电子书/大题典第2版","5热学 热力学 统计物理.pdf","148370297","False","excluded","超过本次小文件上限 10 MiB","12/30/2022 19:45:09"
"/物理类/其他电子书/大题典第2版/6相对论物理学.pdf","/物理类/其他电子书/大题典第2版","6相对论物理学.pdf","54060744","False","excluded","超过本次小文件上限 10 MiB","12/30/2022 19:45:21"
"/物理类/其他电子书/大题典第2版/7量子力学 上.pdf","/物理类/其他电子书/大题典第2版","7量子力学 上.pdf","75786971","False","excluded","超过本次小文件上限 10 MiB","12/30/2022 19:45:39"
"/物理类/其他电子书/大题典第2版/7量子力学 下.pdf","/物理类/其他电子书/大题典第2版","7量子力学 下.pdf","128253423","False","excluded","超过本次小文件上限 10 MiB","12/30/2022 19:46:10"
"/物理类/其他电子书/大题典第2版/8固体物理及物理量测量.pdf","/物理类/其他电子书/大题典第2版","8固体物理及物理量测量.pdf","37906268","False","excluded","超过本次小文件上限 10 MiB","12/30/2022 19:46:18"
"/物理类/其他电子书/天体物理与宇宙学/Birney D S-Observational astronomy 2nd ed (2006, Cambridge University Press).pdf","/物理类/其他电子书/天体物理与宇宙学","Birney D S-Observational astronomy 2nd ed (2006, Cambridge University Press).pdf","17910468","False","excluded","超过本次小文件上限 10 MiB","03/01/2023 16:07:43"
"/物理类/其他电子书/天体物理与宇宙学/Bradley W. Carroll, Dale A. Ostlie - An Introduction to Modern Astrophysics-Cambridge University Press (2017).pdf","/物理类/其他电子书/天体物理与宇宙学","Bradley W. Carroll, Dale A. Ostlie - An Introduction to Modern Astrophysics-Cambridge University Press (2017).pdf","115644239","False","excluded","超过本次小文件上限 10 MiB","04/01/2021 14:09:50"
"/物理类/其他电子书/天体物理与宇宙学/Cosmology by Steven Weinberg z-liborg.pdf","/物理类/其他电子书/天体物理与宇宙学","Cosmology by Steven Weinberg z-liborg.pdf","2759331","False","excluded","课本、教材、讲义或课件","04/05/2021 21:09:25"
"/物理类/其他电子书/数学/2013_Book_MathematicalPhysics.pdf","/物理类/其他电子书/数学","2013_Book_MathematicalPhysics.pdf","10140363","False","excluded","课本、教材、讲义或课件","05/23/2021 15:16:28"
"/物理类/其他电子书/数学/2015_Book_AnIntroductionToTensorsAndGrou.pdf","/物理类/其他电子书/数学","2015_Book_AnIntroductionToTensorsAndGrou.pdf","3552575","False","excluded","课本、教材、讲义或课件","05/23/2021 15:22:07"
"/物理类/其他电子书/数学/[Graduate Student Series in Physics] Mikio Nakahara - Geometry, Topology and Physics, Second Edition (Graduate Student Series in Physics) (2003, Taylor & Francis) - libgen.lc.pdf","/物理类/其他电子书/数学","[Graduate Student Series in Physics] Mikio Nakahara - Geometry, Topology and Physics, Second Edition (Graduate Student Series in Physics) (2003, Taylor & Francis) - libgen.lc.pdf","5927523","False","excluded","课本、教材、讲义或课件","05/23/2021 15:19:51"
"/物理类/其他电子书/数学/[Springer Undergraduate Mathematics Series] Paul C. Matthews - Vector Calculus (1998 , Springer) - libgen.lc.pdf","/物理类/其他电子书/数学","[Springer Undergraduate Mathematics Series] Paul C. Matthews - Vector Calculus (1998 , Springer) - libgen.lc.pdf","6856668","False","excluded","课本、教材、讲义或课件","05/23/2021 15:26:32"
"/物理类/其他电子书/数学/[Undergraduate Texts in Mathematics] Sheldon Axler (auth.) - Linear Algebra Done Right (2015, Springer International Publishing) - libgen.lc.pdf","/物理类/其他电子书/数学","[Undergraduate Texts in Mathematics] Sheldon Axler (auth.) - Linear Algebra Done Right (2015, Springer International Publishing) - libgen.lc.pdf","3200459","False","excluded","课本、教材、讲义或课件","05/23/2021 15:16:25"
"/物理类/其他电子书/数学/A visual introduction to differential forms and calculus on manifolds by Fortney, Jon Pierre (z-lib.org).pdf","/物理类/其他电子书/数学","A visual introduction to differential forms and calculus on manifolds by Fortney, Jon Pierre (z-lib.org).pdf","5252603","False","excluded","课本、教材、讲义或课件","05/23/2021 15:18:27"
"/物理类/其他电子书/数学/Arnold Neumaier - Classical and quantum mechanics via Lie algebras.pdf","/物理类/其他电子书/数学","Arnold Neumaier - Classical and quantum mechanics via Lie algebras.pdf","3165411","False","excluded","课本、教材、讲义或课件","05/23/2021 15:27:46"
"/物理类/其他电子书/数学/Bretthorst, G. Larry_Jaynes, Edwin T - Probability theory_ the logic of science-Cambridge Univ. Press (2019).pdf","/物理类/其他电子书/数学","Bretthorst, G. Larry_Jaynes, Edwin T - Probability theory_ the logic of science-Cambridge Univ. Press (2019).pdf","5010445","False","excluded","课本、教材、讲义或课件","05/23/2021 15:23:17"
"/物理类/其他电子书/数学/David C. Lay, Steven R. Lay, Judi J. McDonald - Linear Algebra and Its Applications (c2016, Pearson Education) - libgen.lc.pdf","/物理类/其他电子书/数学","David C. Lay, Steven R. Lay, Judi J. McDonald - Linear Algebra and Its Applications (c2016, Pearson Education) - libgen.lc.pdf","33181053","False","excluded","超过本次小文件上限 10 MiB","05/23/2021 15:19:18"
"/物理类/其他电子书/数学/F. William Lawvere, Stephen H. Schanuel - Conceptual Mathematics_ A First Introduction to Categories (2009, Cambridge University Press) - libgen.lc.pdf","/物理类/其他电子书/数学","F. William Lawvere, Stephen H. Schanuel - Conceptual Mathematics_ A First Introduction to Categories (2009, Cambridge University Press) - libgen.lc.pdf","14287466","False","excluded","超过本次小文件上限 10 MiB","05/23/2021 15:19:12"
"/物理类/其他电子书/数学/Gilbert Strang - Introduction to Linear Algebra, Third Edition (2003) - libgen.lc.pdf","/物理类/其他电子书/数学","Gilbert Strang - Introduction to Linear Algebra, Third Edition (2003) - libgen.lc.pdf","54573676","False","excluded","超过本次小文件上限 10 MiB","05/23/2021 15:21:40"
"/物理类/其他电子书/数学/Ib Henning Madsen, Jørgen Tornehave - From calculus to cohomology_ de Rham cohomology and characteristic classes (1997, Cambridge University Press) - libgen.lc.pdf","/物理类/其他电子书/数学","Ib Henning Madsen, Jørgen Tornehave - From calculus to cohomology_ de Rham cohomology and characteristic classes (1997, Cambridge University Press) - libgen.lc.pdf","12779884","False","excluded","超过本次小文件上限 10 MiB","05/23/2021 15:22:05"
"/物理类/其他电子书/数学/Ib Henning Madsen, Jørgen Tornehave - From calculus to cohomology_ de Rham cohomology and characteristic classes (1997, Cambridge University Press) ver.2- libgen.lc.pdf","/物理类/其他电子书/数学","Ib Henning Madsen, Jørgen Tornehave - From calculus to cohomology_ de Rham cohomology and characteristic classes (1997, Cambridge University Press) ver.2- libgen.lc.pdf","13697021","False","excluded","超过本次小文件上限 10 MiB","03/31/2021 22:18:06"
"/物理类/其他电子书/数学/James Munkres - Topology, 2_E (2000, Prentic Hall _ Pearson) - libgen.lc.pdf","/物理类/其他电子书/数学","James Munkres - Topology, 2_E (2000, Prentic Hall _ Pearson) - libgen.lc.pdf","7685405","False","excluded","课本、教材、讲义或课件","05/23/2021 15:17:12"
"/物理类/其他电子书/数学/John Baez Physics, Topology, Logic and Computation A Rosetta Stone.pdf","/物理类/其他电子书/数学","John Baez Physics, Topology, Logic and Computation A Rosetta Stone.pdf","805215","False","excluded","课本、教材、讲义或课件","05/23/2021 15:32:52"
"/物理类/其他电子书/数学/Manifolds, Tensors and Forms.pdf","/物理类/其他电子书/数学","Manifolds, Tensors and Forms.pdf","6359173","False","excluded","课本、教材、讲义或课件","05/23/2021 15:22:10"
"/物理类/其他电子书/数学/Michael Stone, Paul Goldbart - Mathematics for Physics_ A Guided Tour for Graduate Students (2009, Cambridge University Press) - libgen.lc.pdf","/物理类/其他电子书/数学","Michael Stone, Paul Goldbart - Mathematics for Physics_ A Guided Tour for Graduate Students (2009, Cambridge University Press) - libgen.lc.pdf","5737211","False","excluded","课本、教材、讲义或课件","05/23/2021 15:19:19"
"/物理类/其他电子书/数学/Morandi1992_Book_TheRoleOfTopologyInClassicalAn.pdf","/物理类/其他电子书/数学","Morandi1992_Book_TheRoleOfTopologyInClassicalAn.pdf","8431028","False","excluded","课本、教材、讲义或课件","05/23/2021 15:26:42"
"/物理类/其他电子书/数学/Paolo Aluffi - Algebra_ Chapter 0 (2nd printing) (2009, American Mathematical Society(RI)) - libgen.lc.pdf","/物理类/其他电子书/数学","Paolo Aluffi - Algebra_ Chapter 0 (2nd printing) (2009, American Mathematical Society(RI)) - libgen.lc.pdf","6645632","False","excluded","课本、教材、讲义或课件","05/23/2021 15:21:30"
"/物理类/其他电子书/数学/tHooft Lie Groups in Physics.pdf","/物理类/其他电子书/数学","tHooft Lie Groups in Physics.pdf","461381","False","excluded","课本、教材、讲义或课件","05/23/2021 15:31:02"
"/物理类/其他电子书/数学/Tristan Needham - 复分析：可视化方法-人民邮电出版社 (2009).pdf","/物理类/其他电子书/数学","Tristan Needham - 复分析：可视化方法-人民邮电出版社 (2009).pdf","144983625","False","excluded","超过本次小文件上限 10 MiB","05/23/2021 15:23:15"
"/物理类/其他电子书/数学/UCSD Lecture Notes on Group Theory in Physics.pdf","/物理类/其他电子书/数学","UCSD Lecture Notes on Group Theory in Physics.pdf","14735175","False","excluded","超过本次小文件上限 10 MiB","05/23/2021 15:34:39"
"/物理类/其他电子书/数学/Walter Rudin - Principles of mathematical analysis-McGraw-Hill (1976).pdf","/物理类/其他电子书/数学","Walter Rudin - Principles of mathematical analysis-McGraw-Hill (1976).pdf","12814668","False","excluded","超过本次小文件上限 10 MiB","05/23/2021 15:17:15"
"/物理类/其他电子书/数学/Witten A Mini-Introduction To Information Theory.pdf","/物理类/其他电子书/数学","Witten A Mini-Introduction To Information Theory.pdf","378928","False","excluded","课本、教材、讲义或课件","05/23/2021 15:30:25"
"/物理类/其他电子书/数学/函数论与泛函分析初步.pdf","/物理类/其他电子书/数学","函数论与泛函分析初步.pdf","10394213","False","excluded","课本、教材、讲义或课件","05/23/2021 15:18:30"
"/物理类/其他电子书/数学/数学物理方法_梁昆淼.pdf","/物理类/其他电子书/数学","数学物理方法_梁昆淼.pdf","36735619","False","excluded","超过本次小文件上限 10 MiB","03/31/2021 22:20:02"
"/物理类/其他电子书/数学/李政道  物理学中的数学方法.pdf","/物理类/其他电子书/数学","李政道  物理学中的数学方法.pdf","5751466","False","excluded","课本、教材、讲义或课件","05/23/2021 15:23:38"
"/物理类/其他电子书/数学/特殊函数概论（王竹溪 郭敦仁）.pdf","/物理类/其他电子书/数学","特殊函数概论（王竹溪 郭敦仁）.pdf","13900001","False","excluded","超过本次小文件上限 10 MiB","05/23/2021 15:26:07"
"/物理类/其他电子书/数学/线性代数手写笔记Tautochrone.pdf","/物理类/其他电子书/数学","线性代数手写笔记Tautochrone.pdf","52417245","False","excluded","超过本次小文件上限 10 MiB","05/23/2021 15:21:18"
"/物理类/其他电子书/数学/群论李新征.pdf","/物理类/其他电子书/数学","群论李新征.pdf","8249241","False","excluded","课本、教材、讲义或课件","05/23/2021 15:21:09"
"/物理类/其他电子书/新概念物理教程/新概念物理学教程 力学 （第2版）.pdf","/物理类/其他电子书/新概念物理教程","新概念物理学教程 力学 （第2版）.pdf","83227323","False","excluded","超过本次小文件上限 10 MiB","09/19/2023 20:46:31"
"/物理类/其他电子书/新概念物理教程/新概念物理教程 光学.pdf","/物理类/其他电子书/新概念物理教程","新概念物理教程 光学.pdf","66558473","False","excluded","超过本次小文件上限 10 MiB","09/19/2023 20:47:21"
"/物理类/其他电子书/新概念物理教程/新概念物理教程 热学（第2版）.pdf","/物理类/其他电子书/新概念物理教程","新概念物理教程 热学（第2版）.pdf","34337336","False","excluded","超过本次小文件上限 10 MiB","09/19/2023 20:46:40"
"/物理类/其他电子书/新概念物理教程/新概念物理教程 电磁学（第2版）.pdf","/物理类/其他电子书/新概念物理教程","新概念物理教程 电磁学（第2版）.pdf","69559916","False","excluded","超过本次小文件上限 10 MiB","09/19/2023 20:46:58"
"/物理类/其他电子书/新概念物理教程/新概念物理教程 量子物理.pdf","/物理类/其他电子书/新概念物理教程","新概念物理教程 量子物理.pdf","10464377","False","excluded","课本、教材、讲义或课件","09/19/2023 20:47:02"
"/物理类/其他电子书/普通物理/[Volume 1] Richard P. Feynman, Robert B. Leighton, Matthew Sands - The Feynman Lectures on Physics, Vol. I_ The New Millennium Edition_ Mainly Mechanics, Radiation, and Heat (2011, Basic Books) - libgen.lc.pdf","/物理类/其他电子书/普通物理","[Volume 1] Richard P. Feynman, Robert B. Leighton, Matthew Sands - The Feynman Lectures on Physics, Vol. I_ The New Millennium Edition_ Mainly Mechanics, Radiation, and Heat (2011, Basic Books) - libgen.lc.pdf","17916318","False","excluded","超过本次小文件上限 10 MiB","05/23/2021 15:34:17"
"/物理类/其他电子书/普通物理/[Volume 2] Richard P. Feynman, Robert B. Leighton, Matthew Sands - The Feynman Lectures on Physics, Vol. II_ The New Millennium Edition_ Mainly Electromagnetism and Matter (2011, Basic Books) - libgen.lc.pdf","/物理类/其他电子书/普通物理","[Volume 2] Richard P. Feynman, Robert B. Leighton, Matthew Sands - The Feynman Lectures on Physics, Vol. II_ The New Millennium Edition_ Mainly Electromagnetism and Matter (2011, Basic Books) - libgen.lc.pdf","23307078","False","excluded","超过本次小文件上限 10 MiB","05/23/2021 15:34:25"
"/物理类/其他电子书/普通物理/[Volume 3] Richard P. Feynman, Robert B. Leighton, Matthew Sands - The Feynman Lectures on Physics, Vol. III_ The New Millennium Edition_ Quantum Mechanics (2011, Basic Books) - libgen.lc.pdf","/物理类/其他电子书/普通物理","[Volume 3] Richard P. Feynman, Robert B. Leighton, Matthew Sands - The Feynman Lectures on Physics, Vol. III_ The New Millennium Edition_ Quantum Mechanics (2011, Basic Books) - libgen.lc.pdf","8624501","False","excluded","课本、教材、讲义或课件","05/23/2021 15:34:20"
"/物理类/其他电子书/普通物理/Eugene Hecht - Optics (2016, Pearson Education) - libgen.lc.pdf","/物理类/其他电子书/普通物理","Eugene Hecht - Optics (2016, Pearson Education) - libgen.lc.pdf","35543009","False","excluded","超过本次小文件上限 10 MiB","05/23/2021 15:22:41"
"/物理类/其他电子书/普通物理/Herbert B. Callen - Thermodynamics and an Introduction to Thermostatistics (1985, Wiley) - libgen.lc.pdf","/物理类/其他电子书/普通物理","Herbert B. Callen - Thermodynamics and an Introduction to Thermostatistics (1985, Wiley) - libgen.lc.pdf","7515033","False","excluded","课本、教材、讲义或课件","05/23/2021 15:22:43"
"/物理类/其他电子书/普通物理/Stephen J. Blundell, Katherine M. Blundell - Concepts in Thermal Physics (2009, Oxford University Press) - libgen.lc.pdf","/物理类/其他电子书/普通物理","Stephen J. Blundell, Katherine M. Blundell - Concepts in Thermal Physics (2009, Oxford University Press) - libgen.lc.pdf","5109036","False","excluded","课本、教材、讲义或课件","05/23/2021 15:22:44"
"/物理类/其他电子书/普通物理/力学(物理类)-舒幼生 北京大学出版社.pdf","/物理类/其他电子书/普通物理","力学(物理类)-舒幼生 北京大学出版社.pdf","35636130","False","excluded","超过本次小文件上限 10 MiB","04/01/2021 14:10:07"
"/物理类/其他电子书/普通物理/现代光学基础（钟锡华）.pdf","/物理类/其他电子书/普通物理","现代光学基础（钟锡华）.pdf","9663402","False","excluded","课本、教材、讲义或课件","03/31/2021 22:19:31"
"/物理类/其他电子书/朗道/朗道理论物理教程(卷01)-力学(第5版)-[俄]朗道＆栗弗席兹-李俊峰＆鞠国兴(译)-高等教育出版社-2007.pdf","/物理类/其他电子书/朗道","朗道理论物理教程(卷01)-力学(第5版)-[俄]朗道＆栗弗席兹-李俊峰＆鞠国兴(译)-高等教育出版社-2007.pdf","14196287","False","excluded","超过本次小文件上限 10 MiB","03/31/2021 22:12:36"
"/物理类/其他电子书/朗道/朗道理论物理教程(卷02)-场论(第8版)-[俄]朗道＆栗弗席兹-鲁欣＆任朗(译)-高等教育出版社-2012.pdf","/物理类/其他电子书/朗道","朗道理论物理教程(卷02)-场论(第8版)-[俄]朗道＆栗弗席兹-鲁欣＆任朗(译)-高等教育出版社-2012.pdf","54489170","False","excluded","超过本次小文件上限 10 MiB","03/31/2021 22:12:48"
"/物理类/其他电子书/朗道/朗道理论物理教程(卷03)-量子力学：非相对论理论(第6版)-[俄]朗道＆栗弗席兹-严肃(译)-高等教育出版社-2008.pdf","/物理类/其他电子书/朗道","朗道理论物理教程(卷03)-量子力学：非相对论理论(第6版)-[俄]朗道＆栗弗席兹-严肃(译)-高等教育出版社-2008.pdf","98918983","False","excluded","超过本次小文件上限 10 MiB","03/31/2021 22:13:09"
"/物理类/其他电子书/朗道/朗道理论物理教程(卷04)-量子电动力学.pdf","/物理类/其他电子书/朗道","朗道理论物理教程(卷04)-量子电动力学.pdf","12617695","False","excluded","超过本次小文件上限 10 MiB","03/31/2021 22:13:12"
"/物理类/其他电子书/朗道/朗道理论物理教程(卷05)-统计物理学I(第5版)-[俄]朗道＆栗弗席兹-束仁贵＆束莼(译)-高等教育出版社-2011.pdf","/物理类/其他电子书/朗道","朗道理论物理教程(卷05)-统计物理学I(第5版)-[俄]朗道＆栗弗席兹-束仁贵＆束莼(译)-高等教育出版社-2011.pdf","64144811","False","excluded","超过本次小文件上限 10 MiB","03/31/2021 22:13:25"
"/物理类/其他电子书/朗道/朗道理论物理教程(卷06)-流体动力学(第5版)-[俄]朗道＆栗弗席兹-李植(译)-高等教育出版社-2013.pdf","/物理类/其他电子书/朗道","朗道理论物理教程(卷06)-流体动力学(第5版)-[俄]朗道＆栗弗席兹-李植(译)-高等教育出版社-2013.pdf","77765168","False","excluded","超过本次小文件上限 10 MiB","03/31/2021 22:13:42"
"/物理类/其他电子书/朗道/朗道理论物理教程(卷07)-弹性理论(第5版)-[俄]朗道＆栗弗席兹-曹富新(译)-高等教育出版社-2009.pdf","/物理类/其他电子书/朗道","朗道理论物理教程(卷07)-弹性理论(第5版)-[俄]朗道＆栗弗席兹-曹富新(译)-高等教育出版社-2009.pdf","27954236","False","excluded","超过本次小文件上限 10 MiB","03/31/2021 22:13:47"
"/物理类/其他电子书/朗道/朗道理论物理教程(卷08)-连续媒质电动力学(上册).pdf","/物理类/其他电子书/朗道","朗道理论物理教程(卷08)-连续媒质电动力学(上册).pdf","9311063","False","excluded","课本、教材、讲义或课件","03/31/2021 22:13:49"
"/物理类/其他电子书/朗道/朗道理论物理教程(卷08)-连续媒质电动力学(下册).pdf","/物理类/其他电子书/朗道","朗道理论物理教程(卷08)-连续媒质电动力学(下册).pdf","8727319","False","excluded","课本、教材、讲义或课件","03/31/2021 22:13:51"
"/物理类/其他电子书/朗道/朗道理论物理教程(卷08.老版)-连续介质电动力学(上册)-[苏]朗道＆栗弗席兹-人民教育出版社-1963.pdf","/物理类/其他电子书/朗道","朗道理论物理教程(卷08.老版)-连续介质电动力学(上册)-[苏]朗道＆栗弗席兹-人民教育出版社-1963.pdf","9311063","False","excluded","课本、教材、讲义或课件","03/31/2021 22:13:52"
"/物理类/其他电子书/朗道/朗道理论物理教程(卷08.老版)-连续介质电动力学(下册)-[苏]朗道＆栗弗席兹-人民教育出版社-1963.pdf","/物理类/其他电子书/朗道","朗道理论物理教程(卷08.老版)-连续介质电动力学(下册)-[苏]朗道＆栗弗席兹-人民教育出版社-1963.pdf","8727319","False","excluded","课本、教材、讲义或课件","03/31/2021 22:13:54"
"/物理类/其他电子书/朗道/朗道理论物理教程(卷09)-统计物理学II：凝聚态理论(第4版)-[俄]栗弗席兹＆皮塔耶夫斯基-王锡绂(译)-高等教育出版社-2008.pdf","/物理类/其他电子书/朗道","朗道理论物理教程(卷09)-统计物理学II：凝聚态理论(第4版)-[俄]栗弗席兹＆皮塔耶夫斯基-王锡绂(译)-高等教育出版社-2008.pdf","34954686","False","excluded","超过本次小文件上限 10 MiB","03/31/2021 22:14:02"
"/物理类/其他电子书/朗道/朗道理论物理教程(卷10)-物理动理学(第2版)-[俄]栗弗席兹＆皮塔耶夫斯基-徐锡申＆徐春华(译)-高等教育出版社-2008.pdf","/物理类/其他电子书/朗道","朗道理论物理教程(卷10)-物理动理学(第2版)-[俄]栗弗席兹＆皮塔耶夫斯基-徐锡申＆徐春华(译)-高等教育出版社-2008.pdf","26854058","False","excluded","超过本次小文件上限 10 MiB","03/31/2021 22:14:08"
"/物理类/其他电子书/朗道理论物理学教程/1-力学.pdf","/物理类/其他电子书/朗道理论物理学教程","1-力学.pdf","11982606","False","excluded","超过本次小文件上限 10 MiB","09/19/2023 20:42:22"
"/物理类/其他电子书/朗道理论物理学教程/10-物理动理学.pdf","/物理类/其他电子书/朗道理论物理学教程","10-物理动理学.pdf","20360034","False","excluded","超过本次小文件上限 10 MiB","09/19/2023 20:40:59"
"/物理类/其他电子书/朗道理论物理学教程/2-场论.pdf","/物理类/其他电子书/朗道理论物理学教程","2-场论.pdf","54489170","False","excluded","超过本次小文件上限 10 MiB","09/19/2023 20:42:07"
"/物理类/其他电子书/朗道理论物理学教程/3-量子力学：非相对论理论.pdf","/物理类/其他电子书/朗道理论物理学教程","3-量子力学：非相对论理论.pdf","30437703","False","excluded","超过本次小文件上限 10 MiB","09/19/2023 20:41:47"
"/物理类/其他电子书/朗道理论物理学教程/4-量子电动力学.pdf","/物理类/其他电子书/朗道理论物理学教程","4-量子电动力学.pdf","146463404","False","excluded","超过本次小文件上限 10 MiB","09/19/2023 20:43:15"
"/物理类/其他电子书/朗道理论物理学教程/5-统计物理学 1.pdf","/物理类/其他电子书/朗道理论物理学教程","5-统计物理学 1.pdf","22703078","False","excluded","超过本次小文件上限 10 MiB","09/19/2023 20:40:50"
"/物理类/其他电子书/朗道理论物理学教程/6-流体动力学.pdf","/物理类/其他电子书/朗道理论物理学教程","6-流体动力学.pdf","32155305","False","excluded","超过本次小文件上限 10 MiB","09/19/2023 20:43:25"
"/物理类/其他电子书/朗道理论物理学教程/7-弹性理论.pdf","/物理类/其他电子书/朗道理论物理学教程","7-弹性理论.pdf","6852322","False","excluded","课本、教材、讲义或课件","09/19/2023 20:42:10"
"/物理类/其他电子书/朗道理论物理学教程/8-连续介质电动力学.pdf","/物理类/其他电子书/朗道理论物理学教程","8-连续介质电动力学.pdf","107255077","False","excluded","超过本次小文件上限 10 MiB","09/19/2023 20:41:35"
"/物理类/其他电子书/朗道理论物理学教程/9-统计物理学凝聚态理论.pdf","/物理类/其他电子书/朗道理论物理学教程","9-统计物理学凝聚态理论.pdf","18561833","False","excluded","超过本次小文件上限 10 MiB","09/19/2023 20:42:18"
"/物理类/其他电子书/物理哲学/1967_Book_FoundationsOfPhysics.pdf","/物理类/其他电子书/物理哲学","1967_Book_FoundationsOfPhysics.pdf","50688733","False","excluded","超过本次小文件上限 10 MiB","05/23/2021 15:24:31"
"/物理类/其他电子书/物理哲学/Schrodinger Science and the Human Temperament.pdf","/物理类/其他电子书/物理哲学","Schrodinger Science and the Human Temperament.pdf","7332422","False","excluded","课本、教材、讲义或课件","05/23/2021 15:29:32"
"/物理类/其他电子书/现代物理学基础丛书/[现代物理基础丛书]24 实验数据多元统计分析 朱永生 2009 188s.pdf","/物理类/其他电子书/现代物理学基础丛书","[现代物理基础丛书]24 实验数据多元统计分析 朱永生 2009 188s.pdf","8691127","False","excluded","课本、教材、讲义或课件","09/19/2023 20:47:25"
"/物理类/其他电子书/现代物理学基础丛书/[现代物理基础丛书]29 经典电动力学 曹昌祺 2009 439s.pdf","/物理类/其他电子书/现代物理学基础丛书","[现代物理基础丛书]29 经典电动力学 曹昌祺 2009 439s.pdf","18448299","False","excluded","超过本次小文件上限 10 MiB","09/19/2023 20:48:02"
"/物理类/其他电子书/现代物理学基础丛书/[现代物理基础丛书]35 引力理论(上册)王永久.科学出版社.2011.pdf","/物理类/其他电子书/现代物理学基础丛书","[现代物理基础丛书]35 引力理论(上册)王永久.科学出版社.2011.pdf","22034701","False","excluded","超过本次小文件上限 10 MiB","09/19/2023 20:47:44"
"/物理类/其他电子书/现代物理学基础丛书/[现代物理基础丛书]35 引力理论(下册)王永久.科学出版社.2011.pdf","/物理类/其他电子书/现代物理学基础丛书","[现代物理基础丛书]35 引力理论(下册)王永久.科学出版社.2011.pdf","19431971","False","excluded","超过本次小文件上限 10 MiB","09/19/2023 20:47:38"
"/物理类/其他电子书/现代物理学基础丛书/[现代物理基础丛书]37量子物理新进展_梁九卿.pdf","/物理类/其他电子书/现代物理学基础丛书","[现代物理基础丛书]37量子物理新进展_梁九卿.pdf","18344557","False","excluded","超过本次小文件上限 10 MiB","09/19/2023 20:47:32"
"/物理类/其他电子书/现代物理学基础丛书/[现代物理基础丛书]4 计算物理学.马文淦.pdf","/物理类/其他电子书/现代物理学基础丛书","[现代物理基础丛书]4 计算物理学.马文淦.pdf","4249091","False","excluded","课本、教材、讲义或课件","09/19/2023 20:47:27"
"/物理类/其他电子书/现代物理学基础丛书/[现代物理基础丛书]8 物理学中的群论(马中骐).pdf","/物理类/其他电子书/现代物理学基础丛书","[现代物理基础丛书]8 物理学中的群论(马中骐).pdf","18437663","False","excluded","超过本次小文件上限 10 MiB","09/19/2023 20:47:55"
"/物理类/其他电子书/现代物理学基础丛书/现代物理基础丛书 27 工程电磁理论 张善杰 2009 .pdf","/物理类/其他电子书/现代物理学基础丛书","现代物理基础丛书 27 工程电磁理论 张善杰 2009 .pdf","23728317","False","excluded","超过本次小文件上限 10 MiB","09/19/2023 20:47:50"
"/物理类/其他电子书/经典场论/(Cambridge Monographs On Mathematical Physics) Penrose, Roger_ Rindler, Wolfgang - Spinors And Space-Time, Volume 1_ Two-Spinor Calculus And Relativistic Fields. 1-Cambridge University Press (2003).pdf","/物理类/其他电子书/经典场论","(Cambridge Monographs On Mathematical Physics) Penrose, Roger_ Rindler, Wolfgang - Spinors And Space-Time, Volume 1_ Two-Spinor Calculus And Relativistic Fields. 1-Cambridge University Press (2003).pdf","20019376","False","excluded","超过本次小文件上限 10 MiB","05/23/2021 15:31:39"
"/物理类/其他电子书/经典场论/(Cambridge Monographs On Mathematical Physics) Penrose, Roger_ Rindler, Wolfgang - Spinors And Space-Time, Volume 2_ Spinor And Twistor Methods In Space-Time Geometry. 2-Cambridge University Press (20.pdf","/物理类/其他电子书/经典场论","(Cambridge Monographs On Mathematical Physics) Penrose, Roger_ Rindler, Wolfgang - Spinors And Space-Time, Volume 2_ Spinor And Twistor Methods In Space-Time Geometry. 2-Cambridge University Press (20.pdf","22023109","False","excluded","超过本次小文件上限 10 MiB","05/23/2021 15:31:44"
"/物理类/其他电子书/经典场论/[Series on Knots and Everything] John Baez, Javier P Muniain - Gauge Fields, Knots and Gravity (0, World Scientific Publishing Company) - libgen.lc.pdf","/物理类/其他电子书/经典场论","[Series on Knots and Everything] John Baez, Javier P Muniain - Gauge Fields, Knots and Gravity (0, World Scientific Publishing Company) - libgen.lc.pdf","14227648","False","excluded","超过本次小文件上限 10 MiB","05/23/2021 15:27:32"
"/物理类/其他电子书/经典场论/A pictorial introduction to diﬀerential geometry, leading to Maxwell’s equations as three pictures.pdf","/物理类/其他电子书/经典场论","A pictorial introduction to diﬀerential geometry, leading to Maxwell’s equations as three pictures.pdf","1456576","False","excluded","课本、教材、讲义或课件","05/23/2021 15:20:46"
"/物理类/其他电子书/经典场论/David J. Griffiths-Introduction to Electrodynamics-Addison-Wesley (2012).pdf","/物理类/其他电子书/经典场论","David J. Griffiths-Introduction to Electrodynamics-Addison-Wesley (2012).pdf","4774432","False","excluded","课本、教材、讲义或课件","05/21/2021 22:09:31"
"/物理类/其他电子书/经典场论/Eric Poisson - A Relativistist's Toolkit.pdf","/物理类/其他电子书/经典场论","Eric Poisson - A Relativistist's Toolkit.pdf","4681267","False","excluded","课本、教材、讲义或课件","05/23/2021 15:27:54"
"/物理类/其他电子书/经典场论/John David Jackson - Classical Electrodynamics (1999, John Wiley) - libgen.lc.pdf","/物理类/其他电子书/经典场论","John David Jackson - Classical Electrodynamics (1999, John Wiley) - libgen.lc.pdf","59107141","False","excluded","超过本次小文件上限 10 MiB","05/23/2021 15:29:15"
"/物理类/其他电子书/经典场论/Nastase H - Classical field theory (2019, Cambridge University Press) - libgen.li.pdf","/物理类/其他电子书/经典场论","Nastase H - Classical field theory (2019, Cambridge University Press) - libgen.li.pdf","2664443","False","excluded","课本、教材、讲义或课件","05/23/2021 15:22:18"
"/物理类/其他电子书/经典场论/Richard Feynman (Author) - Feynman Lectures On Gravitation (2003, CRC Press) - libgen.li.pdf","/物理类/其他电子书/经典场论","Richard Feynman (Author) - Feynman Lectures On Gravitation (2003, CRC Press) - libgen.li.pdf","14435481","False","excluded","超过本次小文件上限 10 MiB","05/23/2021 15:31:56"
"/物理类/其他电子书/经典场论/tHooft Introduction to General Relativity.pdf","/物理类/其他电子书/经典场论","tHooft Introduction to General Relativity.pdf","506281","False","excluded","课本、教材、讲义或课件","05/23/2021 15:33:32"
"/物理类/其他电子书/统计物理/(Advanced Books Classics) Feynman, Richard P - Statistical Mechanics _ a Set of Lectures-Chapman and Hall_CRC (2018).pdf","/物理类/其他电子书/统计物理","(Advanced Books Classics) Feynman, Richard P - Statistical Mechanics _ a Set of Lectures-Chapman and Hall_CRC (2018).pdf","11856007","False","excluded","超过本次小文件上限 10 MiB","05/23/2021 15:19:41"
"/物理类/其他电子书/统计物理/[Classical Theoretical Physics] Walter Greiner, Ludwig Neise, Horst Stöcker, D. Rischke - Thermodynamics and Statistical Mechanics (2001, Springer) - libgen.lc.pdf","/物理类/其他电子书/统计物理","[Classical Theoretical Physics] Walter Greiner, Ludwig Neise, Horst Stöcker, D. Rischke - Thermodynamics and Statistical Mechanics (2001, Springer) - libgen.lc.pdf","27929357","False","excluded","超过本次小文件上限 10 MiB","05/23/2021 15:19:03"
"/物理类/其他电子书/统计物理/Daniel C. Mattis - Statistical Mechanics Made Simple_ A Guide for Students and Researchers-World Scientific Publishing Co Pte Ltd (2003).pdf","/物理类/其他电子书/统计物理","Daniel C. Mattis - Statistical Mechanics Made Simple_ A Guide for Students and Researchers-World Scientific Publishing Co Pte Ltd (2003).pdf","2494049","False","excluded","课本、教材、讲义或课件","05/23/2021 15:29:16"
"/物理类/其他电子书/统计物理/Landau L.D., Lifshitz E.M.  - Course of theoretical physics Vol. 5. Statistical physics, part 1 (1980,  Pergamon) - libgen.lc.pdf","/物理类/其他电子书/统计物理","Landau L.D., Lifshitz E.M.  - Course of theoretical physics Vol. 5. Statistical physics, part 1 (1980,  Pergamon) - libgen.lc.pdf","46417670","False","excluded","超过本次小文件上限 10 MiB","05/23/2021 15:29:26"
"/物理类/其他电子书/统计物理/Mehran Kardar - Statistical physics of particles (2007, Cambridge University Press) - libgen.lc.pdf","/物理类/其他电子书/统计物理","Mehran Kardar - Statistical physics of particles (2007, Cambridge University Press) - libgen.lc.pdf","1767372","False","excluded","课本、教材、讲义或课件","05/23/2021 15:28:08"
"/物理类/其他电子书/统计物理/PI Statistical Physics.pdf","/物理类/其他电子书/统计物理","PI Statistical Physics.pdf","5947011","False","excluded","课本、教材、讲义或课件","05/23/2021 15:33:56"
"/物理类/其他电子书/统计物理/Sethna Statistical Mechanics Entropy, Order Parameters, and Complexity.pdf","/物理类/其他电子书/统计物理","Sethna Statistical Mechanics Entropy, Order Parameters, and Complexity.pdf","19717017","False","excluded","超过本次小文件上限 10 MiB","05/23/2021 15:30:36"
"/物理类/其他电子书/统计物理/李政道 - 统计力学_ 李政道讲义 (2006, 上海科技出版发行有限公司) - libgen.lc.pdf","/物理类/其他电子书/统计物理","李政道 - 统计力学_ 李政道讲义 (2006, 上海科技出版发行有限公司) - libgen.lc.pdf","5964300","False","excluded","课本、教材、讲义或课件","05/23/2021 15:23:28"
"/物理类/其他电子书/量子力学/[Course of theoretical physics vol. 3. Ed. 3 Repr. 2010] Lifšic, Evgenij Michajlovič_Landau, Lev Davydovič - Quantum mechanics_ non-relativistic theory (2010, Butterworth-Heinemann) - libgen.lc.pdf","/物理类/其他电子书/量子力学","[Course of theoretical physics vol. 3. Ed. 3 Repr. 2010] Lifšic, Evgenij Michajlovič_Landau, Lev Davydovič - Quantum mechanics_ non-relativistic theory (2010, Butterworth-Heinemann) - libgen.lc.pdf","73654100","False","excluded","超过本次小文件上限 10 MiB","05/23/2021 15:30:55"
"/物理类/其他电子书/量子力学/[Graduate Texts in Mathematics 267] Brian C. Hall (auth.) - Quantum Theory for Mathematicians (2013, Springer-Verlag New York) - libgen.lc.pdf","/物理类/其他电子书/量子力学","[Graduate Texts in Mathematics 267] Brian C. Hall (auth.) - Quantum Theory for Mathematicians (2013, Springer-Verlag New York) - libgen.lc.pdf","4924608","False","excluded","课本、教材、讲义或课件","05/23/2021 15:25:10"
"/物理类/其他电子书/量子力学/[Oxford Graduate Texts in Mathematics_ Oxford graduate texts in mathematics.] Heunen, Chris_ Vicary, Jamie - Categories for Quantum Theory _ An Introduction (2019, Oxford University Press) - libgen.lc.pdf","/物理类/其他电子书/量子力学","[Oxford Graduate Texts in Mathematics_ Oxford graduate texts in mathematics.] Heunen, Chris_ Vicary, Jamie - Categories for Quantum Theory _ An Introduction (2019, Oxford University Press) - libgen.lc.pdf","7713127","False","excluded","课本、教材、讲义或课件","05/23/2021 15:21:23"
"/物理类/其他电子书/量子力学/DECOHERENCE, EINSELECTION, AND THE QUANTUM ORIGINS OF THE CLASSICAL.pdf","/物理类/其他电子书/量子力学","DECOHERENCE, EINSELECTION, AND THE QUANTUM ORIGINS OF THE CLASSICAL.pdf","1277520","False","excluded","课本、教材、讲义或课件","05/23/2021 15:25:36"
"/物理类/其他电子书/量子力学/Everett_The Many-Worlds Interpretation of Quantum Mechanics.pdf","/物理类/其他电子书/量子力学","Everett_The Many-Worlds Interpretation of Quantum Mechanics.pdf","4805035","False","excluded","课本、教材、讲义或课件","05/23/2021 15:25:45"
"/物理类/其他电子书/量子力学/Everett’s Theory of the Universal Wave Function.pdf","/物理类/其他电子书/量子力学","Everett’s Theory of the Universal Wave Function.pdf","603210","False","excluded","课本、教材、讲义或课件","05/23/2021 15:25:42"
"/物理类/其他电子书/量子力学/Kurt Jacobs - Quantum Measurement Theory and its Applications (2014, Cambridge University Press) - libgen.lc.pdf","/物理类/其他电子书/量子力学","Kurt Jacobs - Quantum Measurement Theory and its Applications (2014, Cambridge University Press) - libgen.lc.pdf","4313274","False","excluded","课本、教材、讲义或课件","05/23/2021 15:30:15"
"/物理类/其他电子书/量子力学/Modern Quantum Mechanics by Jun John Sakurai Jim Napolitano z-liborg.pdf","/物理类/其他电子书/量子力学","Modern Quantum Mechanics by Jun John Sakurai Jim Napolitano z-liborg.pdf","6378837","False","excluded","课本、教材、讲义或课件","04/05/2021 21:09:23"
"/物理类/其他电子书/量子力学/Neumann, John von_ Wheeler, Nicholas A. - Mathematical foundations of quantum mechanics (2018, Princeton University Press) - libgen.lc.pdf","/物理类/其他电子书/量子力学","Neumann, John von_ Wheeler, Nicholas A. - Mathematical foundations of quantum mechanics (2018, Princeton University Press) - libgen.lc.pdf","5590004","False","excluded","课本、教材、讲义或课件","05/23/2021 15:23:57"
"/物理类/其他电子书/量子力学/Notes on Koopman von Neumann Mechanics, and a Step Beyond.pdf","/物理类/其他电子书/量子力学","Notes on Koopman von Neumann Mechanics, and a Step Beyond.pdf","146747","False","excluded","课本、教材、讲义或课件","05/23/2021 15:30:55"
"/物理类/其他电子书/量子力学/Peres A. - Quantum theory, concepts and methods (2002, Kluwer) - libgen.lc.pdf","/物理类/其他电子书/量子力学","Peres A. - Quantum theory, concepts and methods (2002, Kluwer) - libgen.lc.pdf","4635295","False","excluded","课本、教材、讲义或课件","05/23/2021 15:18:40"
"/物理类/其他电子书/量子力学/Ramamurti Shankar - Principles of Quantum Mechanics, Second Edition   (1994, Springer) - libgen.lc.pdf","/物理类/其他电子书/量子力学","Ramamurti Shankar - Principles of Quantum Mechanics, Second Edition   (1994, Springer) - libgen.lc.pdf","7220706","False","excluded","课本、教材、讲义或课件","05/23/2021 15:17:01"
"/物理类/其他电子书/量子力学/Richard P. Feynman, Albert R. Hibbs, Daniel F. Styer - Quantum Mechanics and Path Integrals_ Emended Edition (Dover Books on Physics) (2010, Dover Publications) - libgen.lc.pdf","/物理类/其他电子书/量子力学","Richard P. Feynman, Albert R. Hibbs, Daniel F. Styer - Quantum Mechanics and Path Integrals_ Emended Edition (Dover Books on Physics) (2010, Dover Publications) - libgen.lc.pdf","27728198","False","excluded","超过本次小文件上限 10 MiB","05/23/2021 15:33:06"
"/物理类/其他电子书/量子力学/Steven Weinberg - Lectures on Quantum Mechanics (2015, Cambridge University Press) - libgen.lc.pdf","/物理类/其他电子书/量子力学","Steven Weinberg - Lectures on Quantum Mechanics (2015, Cambridge University Press) - libgen.lc.pdf","1842267","False","excluded","课本、教材、讲义或课件","05/23/2021 15:23:45"
"/物理类/其他电子书/量子力学/Woit Quantum Theory, Groups and Representations- An Introduction.pdf","/物理类/其他电子书/量子力学","Woit Quantum Theory, Groups and Representations- An Introduction.pdf","2325919","False","excluded","课本、教材、讲义或课件","05/23/2021 15:29:59"
"/物理类/其他电子书/量子力学/曾谨言量子力学教程.pdf","/物理类/其他电子书/量子力学","曾谨言量子力学教程.pdf","100361821","False","excluded","超过本次小文件上限 10 MiB","05/23/2021 15:24:17"
"/物理类/其他电子书/量子力学/狄拉克 量子力学原理.pdf","/物理类/其他电子书/量子力学","狄拉克 量子力学原理.pdf","11828950","False","excluded","超过本次小文件上限 10 MiB","05/23/2021 15:31:48"
"/物理类/其他电子书/量子力学/量子力学 by Claude Cohen-Tannoudji, Bernard Diu, Franck Laloë, 刘家谟(译), 陈星奎(译) (z-lib.org).pdf","/物理类/其他电子书/量子力学","量子力学 by Claude Cohen-Tannoudji, Bernard Diu, Franck Laloë, 刘家谟(译), 陈星奎(译) (z-lib.org).pdf","30640305","False","excluded","超过本次小文件上限 10 MiB","03/31/2021 22:12:01"
"/物理类/其他电子书/量子力学/量子力学 by Claude Cohen-Tannoudji, Bernard Diu, Franck Laloë, 陈星奎(译), 刘家谟(译) 2.pdf","/物理类/其他电子书/量子力学","量子力学 by Claude Cohen-Tannoudji, Bernard Diu, Franck Laloë, 陈星奎(译), 刘家谟(译) 2.pdf","26055363","False","excluded","超过本次小文件上限 10 MiB","03/31/2021 22:12:17"
"/物理类/其他电子书/量子力学/量子力学新讲陈童.pdf","/物理类/其他电子书/量子力学","量子力学新讲陈童.pdf","11389919","False","excluded","超过本次小文件上限 10 MiB","05/23/2021 15:26:18"
"/物理类/其他电子书/量子力学/量子热力学孙昌璞.pdf","/物理类/其他电子书/量子力学","量子热力学孙昌璞.pdf","1601907","False","excluded","课本、教材、讲义或课件","05/23/2021 15:23:54"
"/物理类/其他电子书/量子场论/2018_Book_PhysicsFromSymmetry.pdf","/物理类/其他电子书/量子场论","2018_Book_PhysicsFromSymmetry.pdf","2860168","False","excluded","课本、教材、讲义或课件","05/23/2021 15:19:27"
"/物理类/其他电子书/量子场论/Altland Alexander, Simons Ben D. - Condensed Matter Field Theory, Second Edition (2010, Cambridge University Press) - libgen.lc.pdf","/物理类/其他电子书/量子场论","Altland Alexander, Simons Ben D. - Condensed Matter Field Theory, Second Edition (2010, Cambridge University Press) - libgen.lc.pdf","7475523","False","excluded","课本、教材、讲义或课件","05/23/2021 15:28:04"
"/物理类/其他电子书/量子场论/David Tong Statistical Field Theory.pdf","/物理类/其他电子书/量子场论","David Tong Statistical Field Theory.pdf","2649031","False","excluded","课本、教材、讲义或课件","05/23/2021 15:34:46"
"/物理类/其他电子书/量子场论/Ed. Bryan Gin-ge Chen, David Derbes, David Griffiths, Brian Hill, Richard Sohn, Yuan-Sen Ting - Lectures of Sidney Coleman on quantum field theory (2019, World Scientific Publishing) - libgen.li.pdf","/物理类/其他电子书/量子场论","Ed. Bryan Gin-ge Chen, David Derbes, David Griffiths, Brian Hill, Richard Sohn, Yuan-Sen Ting - Lectures of Sidney Coleman on quantum field theory (2019, World Scientific Publishing) - libgen.li.pdf","18748170","False","excluded","超过本次小文件上限 10 MiB","05/23/2021 15:31:00"
"/物理类/其他电子书/量子场论/Hans Christian Öttinger - A Philosophical Approach to Quantum Field Theory-Cambridge University Press (2018).pdf","/物理类/其他电子书/量子场论","Hans Christian Öttinger - A Philosophical Approach to Quantum Field Theory-Cambridge University Press (2018).pdf","5476889","False","excluded","课本、教材、讲义或课件","05/23/2021 15:30:07"
"/物理类/其他电子书/量子场论/Jakob Schwichtenberg - No-Nonsense Quantum Field Theory_ A Student-Friendly Introduction (2020, No-Nonsense Books) - libgen.lc.pdf","/物理类/其他电子书/量子场论","Jakob Schwichtenberg - No-Nonsense Quantum Field Theory_ A Student-Friendly Introduction (2020, No-Nonsense Books) - libgen.lc.pdf","14735195","False","excluded","超过本次小文件上限 10 MiB","05/23/2021 15:20:14"
"/物理类/其他电子书/量子场论/Jørgen Rammer - Quantum Field Theory of Non-equilibrium States (2007).pdf","/物理类/其他电子书/量子场论","Jørgen Rammer - Quantum Field Theory of Non-equilibrium States (2007).pdf","4593447","False","excluded","课本、教材、讲义或课件","05/23/2021 15:34:52"
"/物理类/其他电子书/量子场论/Mehran Kardar - Statistical Physics of Fields (2012, Cambridge University Press) - libgen.lc.pdf","/物理类/其他电子书/量子场论","Mehran Kardar - Statistical Physics of Fields (2012, Cambridge University Press) - libgen.lc.pdf","2223884","False","excluded","课本、教材、讲义或课件","05/23/2021 15:28:54"
"/物理类/其他电子书/量子场论/Quantum Field Theory and the Standard Model by Schwartz MD z-liborg.pdf","/物理类/其他电子书/量子场论","Quantum Field Theory and the Standard Model by Schwartz MD z-liborg.pdf","14086666","False","excluded","超过本次小文件上限 10 MiB","04/05/2021 21:09:35"
"/物理类/其他电子书/量子场论/Quantum field theory in a nutshell by A Zee z-liborg.pdf","/物理类/其他电子书/量子场论","Quantum field theory in a nutshell by A Zee z-liborg.pdf","5871191","False","excluded","课本、教材、讲义或课件","04/05/2021 21:09:27"
"/物理类/其他电子书/量子场论/Robert D. Klauber - Student Friendly Quantum Field Theory (2015, Sandtrove Press) - libgen.lc.pdf","/物理类/其他电子书/量子场论","Robert D. Klauber - Student Friendly Quantum Field Theory (2015, Sandtrove Press) - libgen.lc.pdf","51722785","False","excluded","超过本次小文件上限 10 MiB","05/23/2021 15:21:07"
"/物理类/其他电子书/量子场论/Tom Lancaster, Stephen J. Blundell - Quantum field theory for the gifted amateur (2014, Oxford University Press) - libgen.lc.pdf","/物理类/其他电子书/量子场论","Tom Lancaster, Stephen J. Blundell - Quantum field theory for the gifted amateur (2014, Oxford University Press) - libgen.lc.pdf","7045086","False","excluded","课本、教材、讲义或课件","05/23/2021 15:26:24"
"/物理类/其他电子书/量子多体/2019_Book_QuantumInformationMeetsQuantum.pdf","/物理类/其他电子书/量子多体","2019_Book_QuantumInformationMeetsQuantum.pdf","11021246","False","excluded","超过本次小文件上限 10 MiB","05/23/2021 15:21:58"
"/物理类/其他电子书/量子计算/[Graduate Studies in Mathematics 047] A. Yu. Kitaev, A. H. Shen, M. N. Vyalyi - Classical and quantum computation (2002, Amer Mathematical Society) - libgen.lc.pdf","/物理类/其他电子书/量子计算","[Graduate Studies in Mathematics 047] A. Yu. Kitaev, A. H. Shen, M. N. Vyalyi - Classical and quantum computation (2002, Amer Mathematical Society) - libgen.lc.pdf","1446499","False","excluded","课本、教材、讲义或课件","05/23/2021 15:33:41"
"/物理类/其他电子书/量子计算/Aaronson, Scott - Quantum computing since democritus (2018, Cambridge University Press) - libgen.lc.pdf","/物理类/其他电子书/量子计算","Aaronson, Scott - Quantum computing since democritus (2018, Cambridge University Press) - libgen.lc.pdf","2907026","False","excluded","课本、教材、讲义或课件","05/23/2021 15:23:16"
"/物理类/其他电子书/量子计算/John Preskill Quantum Information Lecture Notes.pdf","/物理类/其他电子书/量子计算","John Preskill Quantum Information Lecture Notes.pdf","4418954","False","excluded","课本、教材、讲义或课件","05/23/2021 15:25:56"
"/物理类/其他电子书/量子计算/Michael A. Nielsen, Isaac L. Chuang - Quantum Computation and Quantum Information_ 10th Anniversary Edition (2011, Cambridge University Press) - libgen.lc.pdf","/物理类/其他电子书/量子计算","Michael A. Nielsen, Isaac L. Chuang - Quantum Computation and Quantum Information_ 10th Anniversary Edition (2011, Cambridge University Press) - libgen.lc.pdf","6945015","False","excluded","课本、教材、讲义或课件","05/23/2021 15:16:48"
"/物理类/其他电子书/量子计算/QCbyAaronson.pdf","/物理类/其他电子书/量子计算","QCbyAaronson.pdf","7189306","False","excluded","课本、教材、讲义或课件","05/23/2021 15:16:50"
"/物理类/其他电子书/非线性力学/Steven H. Strogatz - Nonlinear Dynamics and Chaos_ With Applications to Physics, Biology, Chemistry, and Engineering (2018, Westview Press_CRC Press) - libgen.lc.pdf","/物理类/其他电子书/非线性力学","Steven H. Strogatz - Nonlinear Dynamics and Chaos_ With Applications to Physics, Biology, Chemistry, and Engineering (2018, Westview Press_CRC Press) - libgen.lc.pdf","30874916","False","excluded","超过本次小文件上限 10 MiB","05/23/2021 15:32:46"
"/物理类/大学物理/1/大学物理例题整理.pdf","/物理类/大学物理/1","大学物理例题整理.pdf","2113597","False","included","小型课程资料","03/05/2021 17:14:09"
"/物理类/大学物理/1/大学物理（B）1期末考试例题整理.pdf","/物理类/大学物理/1","大学物理（B）1期末考试例题整理.pdf","2376650","False","included","小型课程资料","03/05/2021 17:14:10"
"/物理类/大学物理/1/清华大学《大学物理》习题库试题及答案__01_力学习题.docx","/物理类/大学物理/1","清华大学《大学物理》习题库试题及答案__01_力学习题.docx","352046","False","included","小型课程资料","03/05/2021 17:14:12"
"/物理类/大学物理/1/清华大学《大学物理》习题库试题及答案__04_机械振动习题.docx","/物理类/大学物理/1","清华大学《大学物理》习题库试题及答案__04_机械振动习题.docx","152670","False","included","小型课程资料","03/05/2021 17:14:13"
"/物理类/大学物理/1/清华大学《大学物理》习题库试题及答案__07_热学习题.docx","/物理类/大学物理/1","清华大学《大学物理》习题库试题及答案__07_热学习题.docx","180041","False","included","小型课程资料","03/05/2021 17:14:13"
"/物理类/大学物理/1/清华大学《大学物理》习题库试题及答案___03_相对论习题.docx","/物理类/大学物理/1","清华大学《大学物理》习题库试题及答案___03_相对论习题.docx","51100","False","included","小型课程资料","03/05/2021 17:14:13"
"/物理类/大学物理/1/清华大学《大学物理》习题库试题及答案___05_机械波习题.docx","/物理类/大学物理/1","清华大学《大学物理》习题库试题及答案___05_机械波习题.docx","271140","False","included","小型课程资料","03/05/2021 17:14:13"
"/物理类/大学物理/1/清华大学《大学物理》习题库试题及答案____02_刚体习题.docx","/物理类/大学物理/1","清华大学《大学物理》习题库试题及答案____02_刚体习题.docx","75139","False","included","小型课程资料","03/05/2021 17:14:14"
"/物理类/大学物理/2/大学物理习题集.doc","/物理类/大学物理/2","大学物理习题集.doc","842240","False","included","小型课程资料","03/05/2021 17:14:24"
"/物理类/大学物理/大物B/清华大学大学物理题库（latex排版by Argo）.pdf","/物理类/大学物理/大物B","清华大学大学物理题库（latex排版by Argo）.pdf","15443140","False","excluded","超过本次小文件上限 10 MiB","01/11/2024 20:43:04"
"/物理类/大学物理/教材/大学物理学. 力学、热学（第4版）.pdf","/物理类/大学物理/教材","大学物理学. 力学、热学（第4版）.pdf","105775959","False","excluded","超过本次小文件上限 10 MiB","02/09/2022 13:21:01"
"/物理类/大学物理/教材/大学物理学（第4版）学习辅导与习题解答.pdf","/物理类/大学物理/教材","大学物理学（第4版）学习辅导与习题解答.pdf","81450785","False","excluded","超过本次小文件上限 10 MiB","02/16/2022 14:35:02"
"/物理类/大学物理/教材/大学物理学（第4版）电磁学、光学、量子物理.pdf","/物理类/大学物理/教材","大学物理学（第4版）电磁学、光学、量子物理.pdf","99489997","False","excluded","超过本次小文件上限 10 MiB","09/11/2022 17:18:15"
"/物理类/大学物理/教材/张三慧_大学物理学（第3版）_光学、量子物理分册.pdf","/物理类/大学物理/教材","张三慧_大学物理学（第3版）_光学、量子物理分册.pdf","7951286","False","excluded","课本、教材、讲义或课件","08/01/2021 17:06:59"
"/物理类/大学物理/教材/张三慧_大学物理学（第3版）_力学、电磁学分册.pdf","/物理类/大学物理/教材","张三慧_大学物理学（第3版）_力学、电磁学分册.pdf","14328641","False","excluded","超过本次小文件上限 10 MiB","08/01/2021 17:07:11"
"/物理类/大学物理/教材/张三慧_大学物理学（第3版）_学习辅导与习题解答.pdf","/物理类/大学物理/教材","张三慧_大学物理学（第3版）_学习辅导与习题解答.pdf","9990117","False","excluded","课本、教材、讲义或课件","08/01/2021 17:07:25"
"/物理类/实验凝聚态物理选讲/paper/50years-of-localization.pdf","/物理类/实验凝聚态物理选讲/paper","50years-of-localization.pdf","610842","False","excluded","PDF 未识别为往年题、作业、笔记、总结或课程报告","03/08/2022 18:35:40"
"/物理类/实验凝聚态物理选讲/paper/a plea for pure Science - Rowland.pdf","/物理类/实验凝聚态物理选讲/paper","a plea for pure Science - Rowland.pdf","921926","False","excluded","PDF 未识别为往年题、作业、笔记、总结或课程报告","03/08/2022 18:35:40"
"/物理类/实验凝聚态物理选讲/paper/a topological look of QHE.pdf","/物理类/实验凝聚态物理选讲/paper","a topological look of QHE.pdf","2080168","False","excluded","PDF 未识别为往年题、作业、笔记、总结或课程报告","03/08/2022 18:35:41"
"/物理类/实验凝聚态物理选讲/paper/Anderson-localization-original.pdf","/物理类/实验凝聚态物理选讲/paper","Anderson-localization-original.pdf","2235264","False","excluded","PDF 未识别为往年题、作业、笔记、总结或课程报告","03/08/2022 18:35:42"
"/物理类/实验凝聚态物理选讲/paper/Artificial atoms Kastner.pdf","/物理类/实验凝聚态物理选讲/paper","Artificial atoms Kastner.pdf","2664434","False","excluded","PDF 未识别为往年题、作业、笔记、总结或课程报告","03/08/2022 18:35:44"
"/物理类/实验凝聚态物理选讲/paper/Binnig-Rohrer-Nobel-Lecture.pdf","/物理类/实验凝聚态物理选讲/paper","Binnig-Rohrer-Nobel-Lecture.pdf","837192","False","excluded","PDF 未识别为往年题、作业、笔记、总结或课程报告","03/08/2022 18:35:44"
"/物理类/实验凝聚态物理选讲/paper/Cold-atoms-Mott-Greiner.pdf","/物理类/实验凝聚态物理选讲/paper","Cold-atoms-Mott-Greiner.pdf","359608","False","excluded","PDF 未识别为往年题、作业、笔记、总结或课程报告","03/08/2022 18:35:45"
"/物理类/实验凝聚态物理选讲/paper/Fert-Nobel-Lecture.pdf","/物理类/实验凝聚态物理选讲/paper","Fert-Nobel-Lecture.pdf","418812","False","excluded","PDF 未识别为往年题、作业、笔记、总结或课程报告","03/08/2022 18:35:46"
"/物理类/实验凝聚态物理选讲/paper/Feymann-Plenty of room at the bottom.pdf","/物理类/实验凝聚态物理选讲/paper","Feymann-Plenty of room at the bottom.pdf","1611908","False","excluded","PDF 未识别为往年题、作业、笔记、总结或课程报告","03/08/2022 18:35:47"
"/物理类/实验凝聚态物理选讲/paper/FQHE-Original.pdf","/物理类/实验凝聚态物理选讲/paper","FQHE-Original.pdf","691521","False","excluded","PDF 未识别为往年题、作业、笔记、总结或课程报告","03/08/2022 18:35:47"
"/物理类/实验凝聚态物理选讲/paper/Gang-of-four-scaling.pdf","/物理类/实验凝聚态物理选讲/paper","Gang-of-four-scaling.pdf","638965","False","excluded","PDF 未识别为往年题、作业、笔记、总结或课程报告","03/08/2022 18:35:48"
"/物理类/实验凝聚态物理选讲/paper/History-QHE.pdf","/物理类/实验凝聚态物理选讲/paper","History-QHE.pdf","341014","False","excluded","PDF 未识别为往年题、作业、笔记、总结或课程报告","03/08/2022 18:35:49"
"/物理类/实验凝聚态物理选讲/paper/Huang-Yang-letter.pdf","/物理类/实验凝聚态物理选讲/paper","Huang-Yang-letter.pdf","2734897","False","excluded","PDF 未识别为往年题、作业、笔记、总结或课程报告","03/08/2022 18:35:50"
"/物理类/实验凝聚态物理选讲/paper/Imaging Wigner Crystal.pdf","/物理类/实验凝聚态物理选讲/paper","Imaging Wigner Crystal.pdf","2293522","False","excluded","PDF 未识别为往年题、作业、笔记、总结或课程报告","03/08/2022 18:35:51"
"/物理类/实验凝聚态物理选讲/paper/Jahn-Teller-C60.pdf","/物理类/实验凝聚态物理选讲/paper","Jahn-Teller-C60.pdf","263082","False","excluded","PDF 未识别为往年题、作业、笔记、总结或课程报告","03/08/2022 18:35:52"
"/物理类/实验凝聚态物理选讲/paper/Kondo-effect-in-SET.pdf","/物理类/实验凝聚态物理选讲/paper","Kondo-effect-in-SET.pdf","384265","False","excluded","PDF 未识别为往年题、作业、笔记、总结或课程报告","03/08/2022 18:35:52"
"/物理类/实验凝聚态物理选讲/paper/Kondo-Original.pdf","/物理类/实验凝聚态物理选讲/paper","Kondo-Original.pdf","874110","False","excluded","PDF 未识别为往年题、作业、笔记、总结或课程报告","03/08/2022 18:35:53"
"/物理类/实验凝聚态物理选讲/paper/Laughlin-nobel-lecture.pdf","/物理类/实验凝聚态物理选讲/paper","Laughlin-nobel-lecture.pdf","2113070","False","excluded","PDF 未识别为往年题、作业、笔记、总结或课程报告","03/08/2022 18:35:54"
"/物理类/实验凝聚态物理选讲/paper/Luttinger_Voit-brief.pdf","/物理类/实验凝聚态物理选讲/paper","Luttinger_Voit-brief.pdf","561598","False","excluded","PDF 未识别为往年题、作业、笔记、总结或课程报告","03/08/2022 18:35:55"
"/物理类/实验凝聚态物理选讲/paper/Milun-review-quantum-well.pdf","/物理类/实验凝聚态物理选讲/paper","Milun-review-quantum-well.pdf","660174","False","excluded","PDF 未识别为往年题、作业、笔记、总结或课程报告","03/08/2022 18:35:56"
"/物理类/实验凝聚态物理选讲/paper/Monopole-neutron-experiment.pdf","/物理类/实验凝聚态物理选讲/paper","Monopole-neutron-experiment.pdf","470872","False","excluded","PDF 未识别为往年题、作业、笔记、总结或课程报告","03/08/2022 18:35:56"
"/物理类/实验凝聚态物理选讲/paper/monopole-perspective.pdf","/物理类/实验凝聚态物理选讲/paper","monopole-perspective.pdf","885060","False","excluded","PDF 未识别为往年题、作业、笔记、总结或课程报告","03/08/2022 18:35:57"
"/物理类/实验凝聚态物理选讲/paper/More-Is-Different.pdf","/物理类/实验凝聚态物理选讲/paper","More-Is-Different.pdf","1162170","False","excluded","PDF 未识别为往年题、作业、笔记、总结或课程报告","03/08/2022 18:35:58"
"/物理类/实验凝聚态物理选讲/paper/Mott-original-1949.pdf","/物理类/实验凝聚态物理选讲/paper","Mott-original-1949.pdf","534808","False","excluded","PDF 未识别为往年题、作业、笔记、总结或课程报告","03/08/2022 18:35:59"
"/物理类/实验凝聚态物理选讲/paper/QHE-von-Klitzing-original.pdf","/物理类/实验凝聚态物理选讲/paper","QHE-von-Klitzing-original.pdf","612056","False","excluded","PDF 未识别为往年题、作业、笔记、总结或课程报告","03/08/2022 18:36:00"
"/物理类/实验凝聚态物理选讲/paper/Quantum-anomalous-Hall.pdf","/物理类/实验凝聚态物理选讲/paper","Quantum-anomalous-Hall.pdf","784452","False","excluded","PDF 未识别为往年题、作业、笔记、总结或课程报告","03/08/2022 18:36:01"
"/物理类/实验凝聚态物理选讲/paper/Review-Berlinsky-CDW.pdf","/物理类/实验凝聚态物理选讲/paper","Review-Berlinsky-CDW.pdf","2417688","False","excluded","PDF 未识别为往年题、作业、笔记、总结或课程报告","03/08/2022 18:36:02"
"/物理类/实验凝聚态物理选讲/paper/Review-Lee-Ramakrishnan.pdf","/物理类/实验凝聚态物理选讲/paper","Review-Lee-Ramakrishnan.pdf","10846589","False","excluded","超过本次小文件上限 10 MiB","03/08/2022 18:36:04"
"/物理类/实验凝聚态物理选讲/paper/Revival-of-Kondo-effect.pdf","/物理类/实验凝聚态物理选讲/paper","Revival-of-Kondo-effect.pdf","781833","False","excluded","PDF 未识别为往年题、作业、笔记、总结或课程报告","03/08/2022 18:36:05"
"/物理类/实验凝聚态物理选讲/paper/RMP-Mott-1968.pdf","/物理类/实验凝聚态物理选讲/paper","RMP-Mott-1968.pdf","1432562","False","excluded","PDF 未识别为往年题、作业、笔记、总结或课程报告","03/08/2022 18:36:06"
"/物理类/实验凝聚态物理选讲/paper/spin-ice-residual-entropy.pdf","/物理类/实验凝聚态物理选讲/paper","spin-ice-residual-entropy.pdf","290905","False","excluded","PDF 未识别为往年题、作业、笔记、总结或课程报告","03/08/2022 18:36:07"
"/物理类/实验凝聚态物理选讲/paper/Stormer-nobel-lecture.pdf","/物理类/实验凝聚态物理选讲/paper","Stormer-nobel-lecture.pdf","4055443","False","excluded","PDF 未识别为往年题、作业、笔记、总结或课程报告","03/08/2022 18:36:08"
"/物理类/实验凝聚态物理选讲/paper/thermoelectrics-review.pdf","/物理类/实验凝聚态物理选讲/paper","thermoelectrics-review.pdf","1493913","False","excluded","PDF 未识别为往年题、作业、笔记、总结或课程报告","03/08/2022 18:36:09"
"/物理类/实验凝聚态物理选讲/paper/Xue-Science-quantum-well.pdf","/物理类/实验凝聚态物理选讲/paper","Xue-Science-quantum-well.pdf","268119","False","excluded","PDF 未识别为往年题、作业、笔记、总结或课程报告","03/08/2022 18:36:10"
"/物理类/实验凝聚态物理选讲/实验凝聚态物理选讲-2020/Class-1.pdf","/物理类/实验凝聚态物理选讲/实验凝聚态物理选讲-2020","Class-1.pdf","670246","False","excluded","PDF 未识别为往年题、作业、笔记、总结或课程报告","03/08/2022 18:36:11"
"/物理类/实验凝聚态物理选讲/实验凝聚态物理选讲-2020/Class-10.pdf","/物理类/实验凝聚态物理选讲/实验凝聚态物理选讲-2020","Class-10.pdf","1598475","False","excluded","PDF 未识别为往年题、作业、笔记、总结或课程报告","03/08/2022 18:36:12"
"/物理类/实验凝聚态物理选讲/实验凝聚态物理选讲-2020/Class-11.pdf","/物理类/实验凝聚态物理选讲/实验凝聚态物理选讲-2020","Class-11.pdf","1026376","False","excluded","PDF 未识别为往年题、作业、笔记、总结或课程报告","03/08/2022 18:36:13"
"/物理类/实验凝聚态物理选讲/实验凝聚态物理选讲-2020/Class-12.pdf","/物理类/实验凝聚态物理选讲/实验凝聚态物理选讲-2020","Class-12.pdf","576055","False","excluded","PDF 未识别为往年题、作业、笔记、总结或课程报告","03/08/2022 18:36:14"
"/物理类/实验凝聚态物理选讲/实验凝聚态物理选讲-2020/Class-13.pdf","/物理类/实验凝聚态物理选讲/实验凝聚态物理选讲-2020","Class-13.pdf","810456","False","excluded","PDF 未识别为往年题、作业、笔记、总结或课程报告","03/08/2022 18:36:15"
"/物理类/实验凝聚态物理选讲/实验凝聚态物理选讲-2020/Class-14.pdf","/物理类/实验凝聚态物理选讲/实验凝聚态物理选讲-2020","Class-14.pdf","1287142","False","excluded","PDF 未识别为往年题、作业、笔记、总结或课程报告","03/08/2022 18:36:15"
"/物理类/实验凝聚态物理选讲/实验凝聚态物理选讲-2020/Class-15.pdf","/物理类/实验凝聚态物理选讲/实验凝聚态物理选讲-2020","Class-15.pdf","1492819","False","excluded","PDF 未识别为往年题、作业、笔记、总结或课程报告","03/08/2022 18:36:16"
"/物理类/实验凝聚态物理选讲/实验凝聚态物理选讲-2020/Class-16.pdf","/物理类/实验凝聚态物理选讲/实验凝聚态物理选讲-2020","Class-16.pdf","3318265","False","excluded","PDF 未识别为往年题、作业、笔记、总结或课程报告","03/08/2022 18:36:18"
"/物理类/实验凝聚态物理选讲/实验凝聚态物理选讲-2020/Class-17.pdf","/物理类/实验凝聚态物理选讲/实验凝聚态物理选讲-2020","Class-17.pdf","1842365","False","excluded","PDF 未识别为往年题、作业、笔记、总结或课程报告","03/08/2022 18:36:19"
"/物理类/实验凝聚态物理选讲/实验凝聚态物理选讲-2020/Class-18.pdf","/物理类/实验凝聚态物理选讲/实验凝聚态物理选讲-2020","Class-18.pdf","957562","False","excluded","PDF 未识别为往年题、作业、笔记、总结或课程报告","03/08/2022 18:36:19"
"/物理类/实验凝聚态物理选讲/实验凝聚态物理选讲-2020/Class-19.pdf","/物理类/实验凝聚态物理选讲/实验凝聚态物理选讲-2020","Class-19.pdf","566828","False","excluded","PDF 未识别为往年题、作业、笔记、总结或课程报告","03/08/2022 18:36:20"
"/物理类/实验凝聚态物理选讲/实验凝聚态物理选讲-2020/Class-2.pdf","/物理类/实验凝聚态物理选讲/实验凝聚态物理选讲-2020","Class-2.pdf","732383","False","excluded","PDF 未识别为往年题、作业、笔记、总结或课程报告","03/08/2022 18:36:21"
"/物理类/实验凝聚态物理选讲/实验凝聚态物理选讲-2020/Class-20.pdf","/物理类/实验凝聚态物理选讲/实验凝聚态物理选讲-2020","Class-20.pdf","414088","False","excluded","PDF 未识别为往年题、作业、笔记、总结或课程报告","03/08/2022 18:36:22"
"/物理类/实验凝聚态物理选讲/实验凝聚态物理选讲-2020/Class-21.pdf","/物理类/实验凝聚态物理选讲/实验凝聚态物理选讲-2020","Class-21.pdf","1389489","False","excluded","PDF 未识别为往年题、作业、笔记、总结或课程报告","03/08/2022 18:36:23"
"/物理类/实验凝聚态物理选讲/实验凝聚态物理选讲-2020/Class-22.pdf","/物理类/实验凝聚态物理选讲/实验凝聚态物理选讲-2020","Class-22.pdf","1593639","False","excluded","PDF 未识别为往年题、作业、笔记、总结或课程报告","03/08/2022 18:36:24"
"/物理类/实验凝聚态物理选讲/实验凝聚态物理选讲-2020/Class-23.pdf","/物理类/实验凝聚态物理选讲/实验凝聚态物理选讲-2020","Class-23.pdf","1785724","False","excluded","PDF 未识别为往年题、作业、笔记、总结或课程报告","03/08/2022 18:36:25"
"/物理类/实验凝聚态物理选讲/实验凝聚态物理选讲-2020/Class-24.pdf","/物理类/实验凝聚态物理选讲/实验凝聚态物理选讲-2020","Class-24.pdf","1090791","False","excluded","PDF 未识别为往年题、作业、笔记、总结或课程报告","03/08/2022 18:36:25"
"/物理类/实验凝聚态物理选讲/实验凝聚态物理选讲-2020/Class-25.pdf","/物理类/实验凝聚态物理选讲/实验凝聚态物理选讲-2020","Class-25.pdf","779951","False","excluded","PDF 未识别为往年题、作业、笔记、总结或课程报告","03/08/2022 18:36:26"
"/物理类/实验凝聚态物理选讲/实验凝聚态物理选讲-2020/Class-26.pdf","/物理类/实验凝聚态物理选讲/实验凝聚态物理选讲-2020","Class-26.pdf","904290","False","excluded","PDF 未识别为往年题、作业、笔记、总结或课程报告","03/08/2022 18:36:27"
"/物理类/实验凝聚态物理选讲/实验凝聚态物理选讲-2020/Class-27.pdf","/物理类/实验凝聚态物理选讲/实验凝聚态物理选讲-2020","Class-27.pdf","1245186","False","excluded","PDF 未识别为往年题、作业、笔记、总结或课程报告","03/08/2022 18:36:28"
"/物理类/实验凝聚态物理选讲/实验凝聚态物理选讲-2020/Class-28.pdf","/物理类/实验凝聚态物理选讲/实验凝聚态物理选讲-2020","Class-28.pdf","1465499","False","excluded","PDF 未识别为往年题、作业、笔记、总结或课程报告","03/08/2022 18:36:29"
"/物理类/实验凝聚态物理选讲/实验凝聚态物理选讲-2020/Class-29.pdf","/物理类/实验凝聚态物理选讲/实验凝聚态物理选讲-2020","Class-29.pdf","773532","False","excluded","PDF 未识别为往年题、作业、笔记、总结或课程报告","03/08/2022 18:36:30"
"/物理类/实验凝聚态物理选讲/实验凝聚态物理选讲-2020/Class-3.pdf","/物理类/实验凝聚态物理选讲/实验凝聚态物理选讲-2020","Class-3.pdf","698492","False","excluded","PDF 未识别为往年题、作业、笔记、总结或课程报告","03/08/2022 18:36:31"
"/物理类/实验凝聚态物理选讲/实验凝聚态物理选讲-2020/Class-30.pdf","/物理类/实验凝聚态物理选讲/实验凝聚态物理选讲-2020","Class-30.pdf","1798393","False","excluded","PDF 未识别为往年题、作业、笔记、总结或课程报告","03/08/2022 18:36:32"
"/物理类/实验凝聚态物理选讲/实验凝聚态物理选讲-2020/Class-4.pdf","/物理类/实验凝聚态物理选讲/实验凝聚态物理选讲-2020","Class-4.pdf","927967","False","excluded","PDF 未识别为往年题、作业、笔记、总结或课程报告","03/08/2022 18:36:33"
"/物理类/实验凝聚态物理选讲/实验凝聚态物理选讲-2020/Class-5.pdf","/物理类/实验凝聚态物理选讲/实验凝聚态物理选讲-2020","Class-5.pdf","612118","False","excluded","PDF 未识别为往年题、作业、笔记、总结或课程报告","03/08/2022 18:36:33"
"/物理类/实验凝聚态物理选讲/实验凝聚态物理选讲-2020/Class-6.pdf","/物理类/实验凝聚态物理选讲/实验凝聚态物理选讲-2020","Class-6.pdf","493639","False","excluded","PDF 未识别为往年题、作业、笔记、总结或课程报告","03/08/2022 18:36:34"
"/物理类/实验凝聚态物理选讲/实验凝聚态物理选讲-2020/Class-7.pdf","/物理类/实验凝聚态物理选讲/实验凝聚态物理选讲-2020","Class-7.pdf","1103827","False","excluded","PDF 未识别为往年题、作业、笔记、总结或课程报告","03/08/2022 18:36:35"
"/物理类/实验凝聚态物理选讲/实验凝聚态物理选讲-2020/Class-8.pdf","/物理类/实验凝聚态物理选讲/实验凝聚态物理选讲-2020","Class-8.pdf","688965","False","excluded","PDF 未识别为往年题、作业、笔记、总结或课程报告","03/08/2022 18:36:36"
"/物理类/实验凝聚态物理选讲/实验凝聚态物理选讲-2020/Class-9.pdf","/物理类/实验凝聚态物理选讲/实验凝聚态物理选讲-2020","Class-9.pdf","656583","False","excluded","PDF 未识别为往年题、作业、笔记、总结或课程报告","03/08/2022 18:36:36"
"/物理类/广义相对论/GR-2/foliations.pdf","/物理类/广义相对论/GR-2","foliations.pdf","654578","False","excluded","PDF 未识别为往年题、作业、笔记、总结或课程报告","07/15/2022 14:22:08"
"/物理类/广义相对论/GR-2/GenRelFall2020final004.pdf","/物理类/广义相对论/GR-2","GenRelFall2020final004.pdf","853171","False","included","小型课程资料","07/15/2022 14:22:09"
"/物理类/广义相对论/GR-2/GRII_F2021_HWKAssNo1.pdf","/物理类/广义相对论/GR-2","GRII_F2021_HWKAssNo1.pdf","795931","False","excluded","PDF 未识别为往年题、作业、笔记、总结或课程报告","07/15/2022 14:22:05"
"/物理类/广义相对论/GR-2/GRII_F2021_HWKAssNo2.pdf","/物理类/广义相对论/GR-2","GRII_F2021_HWKAssNo2.pdf","690672","False","excluded","PDF 未识别为往年题、作业、笔记、总结或课程报告","07/15/2022 14:22:06"
"/物理类/广义相对论/GR-2/GRII_Fall2021_Lects19-22_Ch8Part6Inflation.pdf","/物理类/广义相对论/GR-2","GRII_Fall2021_Lects19-22_Ch8Part6Inflation.pdf","11355550","False","excluded","超过本次小文件上限 10 MiB","07/15/2022 14:22:04"
"/物理类/广义相对论/GR-2/GRII_Fall2021_Lects22-24_Ch8Part7cmb.pdf","/物理类/广义相对论/GR-2","GRII_Fall2021_Lects22-24_Ch8Part7cmb.pdf","7589006","False","excluded","PDF 未识别为往年题、作业、笔记、总结或课程报告","07/15/2022 14:21:50"
"/物理类/广义相对论/GR-2/GRII_Fall2021_Lects24-25_Ch7Part1A.pdf","/物理类/广义相对论/GR-2","GRII_Fall2021_Lects24-25_Ch7Part1A.pdf","2130201","False","excluded","PDF 未识别为往年题、作业、笔记、总结或课程报告","07/15/2022 14:21:52"
"/物理类/广义相对论/GR-2/Lecture on Conformal diagram.pdf","/物理类/广义相对论/GR-2","Lecture on Conformal diagram.pdf","5323921","False","excluded","PDF 未识别为往年题、作业、笔记、总结或课程报告","07/15/2022 14:21:46"
"/物理类/广义相对论/往年试题/GenRelSpr2021final01.pdf","/物理类/广义相对论/往年试题","GenRelSpr2021final01.pdf","524673","False","included","小型课程资料","06/28/2022 16:27:33"
"/物理类/广义相对论/往年试题/GenRelSpr2021pref01.pdf","/物理类/广义相对论/往年试题","GenRelSpr2021pref01.pdf","501783","False","included","小型课程资料","06/28/2022 16:27:29"
"/物理类/广义相对论/往年试题/GRI_Spr2022_Final001.pdf","/物理类/广义相对论/往年试题","GRI_Spr2022_Final001.pdf","558390","False","included","小型课程资料","06/28/2022 16:27:34"
"/物理类/广义相对论/往年试题/GRI_Spr2022_PreFinal001.pdf","/物理类/广义相对论/往年试题","GRI_Spr2022_PreFinal001.pdf","541793","False","included","小型课程资料","06/28/2022 16:27:30"
"/物理类/广义相对论/讲义/GRI_Spr2022_Lects01-02_Ch1_Part1 (1).pdf","/物理类/广义相对论/讲义","GRI_Spr2022_Lects01-02_Ch1_Part1 (1).pdf","3977648","False","excluded","课本、教材、讲义或课件","07/04/2022 10:32:34"
"/物理类/广义相对论/讲义/GRI_Spr2022_Lects01-02_Ch1_Part1.pdf","/物理类/广义相对论/讲义","GRI_Spr2022_Lects01-02_Ch1_Part1.pdf","3977648","False","excluded","课本、教材、讲义或课件","07/04/2022 10:32:38"
"/物理类/广义相对论/讲义/GRI_Spr2022_Lects04-05_Ch1_Part4.pdf","/物理类/广义相对论/讲义","GRI_Spr2022_Lects04-05_Ch1_Part4.pdf","3968315","False","excluded","课本、教材、讲义或课件","07/04/2022 10:32:50"
"/物理类/广义相对论/讲义/GRI_Spr2022_Lects04_Ch1_Part3.pdf","/物理类/广义相对论/讲义","GRI_Spr2022_Lects04_Ch1_Part3.pdf","6406859","False","excluded","课本、教材、讲义或课件","07/04/2022 10:32:45"
"/物理类/广义相对论/讲义/GRI_Spr2022_Lects06_Ch1_Part5.pdf","/物理类/广义相对论/讲义","GRI_Spr2022_Lects06_Ch1_Part5.pdf","4307235","False","excluded","课本、教材、讲义或课件","07/04/2022 10:32:55"
"/物理类/广义相对论/讲义/GRI_Spr2022_Lects07-08_Ch1_Part6fix.pdf","/物理类/广义相对论/讲义","GRI_Spr2022_Lects07-08_Ch1_Part6fix.pdf","5703947","False","excluded","课本、教材、讲义或课件","07/04/2022 10:33:01"
"/物理类/广义相对论/讲义/GRI_Spr2022_Lects09_Ch1_Part7.pdf","/物理类/广义相对论/讲义","GRI_Spr2022_Lects09_Ch1_Part7.pdf","4310917","False","excluded","课本、教材、讲义或课件","07/04/2022 10:33:06"
"/物理类/广义相对论/讲义/GRI_Spr2022_Lects10-11_Ch1_Part8.pdf","/物理类/广义相对论/讲义","GRI_Spr2022_Lects10-11_Ch1_Part8.pdf","5188449","False","excluded","课本、教材、讲义或课件","07/04/2022 10:33:12"
"/物理类/广义相对论/讲义/GRI_Spr2022_Lects11-12_Ch2_Part1.pdf","/物理类/广义相对论/讲义","GRI_Spr2022_Lects11-12_Ch2_Part1.pdf","11075853","False","excluded","超过本次小文件上限 10 MiB","07/04/2022 10:33:23"
"/物理类/广义相对论/讲义/GRI_Spr2022_Lects13-14_Ch2_Part2.pdf","/物理类/广义相对论/讲义","GRI_Spr2022_Lects13-14_Ch2_Part2.pdf","5139493","False","excluded","课本、教材、讲义或课件","07/04/2022 10:33:29"
"/物理类/广义相对论/讲义/GRI_Spr2022_Lects14-15_Ch2_Part3.pdf","/物理类/广义相对论/讲义","GRI_Spr2022_Lects14-15_Ch2_Part3.pdf","1740700","False","excluded","课本、教材、讲义或课件","07/04/2022 10:33:31"
"/物理类/广义相对论/讲义/GRI_Spr2022_Lects15-16_Ch2_Part4.pdf","/物理类/广义相对论/讲义","GRI_Spr2022_Lects15-16_Ch2_Part4.pdf","2641509","False","excluded","课本、教材、讲义或课件","07/04/2022 10:33:41"
"/物理类/广义相对论/讲义/GRI_Spr2022_Lects16-17_Ch2_Part5.pdf","/物理类/广义相对论/讲义","GRI_Spr2022_Lects16-17_Ch2_Part5.pdf","4138333","False","excluded","课本、教材、讲义或课件","07/04/2022 10:33:50"
"/物理类/广义相对论/讲义/GRI_Spr2022_Lects18-19_Ch3_Part1.pdf","/物理类/广义相对论/讲义","GRI_Spr2022_Lects18-19_Ch3_Part1.pdf","1903131","False","excluded","课本、教材、讲义或课件","07/04/2022 10:33:52"
"/物理类/广义相对论/讲义/GRI_Spr2022_Lects19-20_Ch3_Part2.pdf","/物理类/广义相对论/讲义","GRI_Spr2022_Lects19-20_Ch3_Part2.pdf","6718177","False","excluded","课本、教材、讲义或课件","07/04/2022 10:33:59"
"/物理类/广义相对论/讲义/GRI_Spr2022_Lects20-21_Ch3_Part3.pdf","/物理类/广义相对论/讲义","GRI_Spr2022_Lects20-21_Ch3_Part3.pdf","2996032","False","excluded","课本、教材、讲义或课件","07/04/2022 10:34:03"
"/物理类/广义相对论/讲义/GRI_Spr2022_Lects21-23_Ch3_Part4.pdf","/物理类/广义相对论/讲义","GRI_Spr2022_Lects21-23_Ch3_Part4.pdf","3669573","False","excluded","课本、教材、讲义或课件","07/04/2022 10:34:07"
"/物理类/广义相对论/讲义/GRI_Spr2022_Lects23-25_Ch3_Part5.pdf","/物理类/广义相对论/讲义","GRI_Spr2022_Lects23-25_Ch3_Part5.pdf","1605561","False","excluded","课本、教材、讲义或课件","07/04/2022 10:34:09"
"/物理类/广义相对论/讲义/GRI_Spr2022_Lects25-26_Ch4_Part1new.pdf","/物理类/广义相对论/讲义","GRI_Spr2022_Lects25-26_Ch4_Part1new.pdf","4196903","False","excluded","课本、教材、讲义或课件","07/04/2022 10:34:14"
"/物理类/广义相对论/讲义/GRI_Spr2022_Lects25_Ch3_Part6.pdf","/物理类/广义相对论/讲义","GRI_Spr2022_Lects25_Ch3_Part6.pdf","765523","False","excluded","课本、教材、讲义或课件","07/04/2022 10:32:27"
"/物理类/广义相对论/讲义/GRI_Spr2022_Lects27-28_Ch4_Part3.pdf","/物理类/广义相对论/讲义","GRI_Spr2022_Lects27-28_Ch4_Part3.pdf","919045","False","excluded","课本、教材、讲义或课件","07/04/2022 10:34:15"
"/物理类/广义相对论/讲义/GRI_Spr2022_Lects27_Ch4_Part2.pdf","/物理类/广义相对论/讲义","GRI_Spr2022_Lects27_Ch4_Part2.pdf","2059184","False","excluded","课本、教材、讲义或课件","07/04/2022 10:32:29"
"/物理类/广义相对论/讲义/GRI_Spr2022_Lects28-29_Ch4_Part4.pdf","/物理类/广义相对论/讲义","GRI_Spr2022_Lects28-29_Ch4_Part4.pdf","3510092","False","excluded","课本、教材、讲义或课件","07/04/2022 10:34:19"
"/物理类/广义相对论/讲义/GRI_Spr2022_Lects29-30_Ch4_Part5.pdf","/物理类/广义相对论/讲义","GRI_Spr2022_Lects29-30_Ch4_Part5.pdf","3949726","False","excluded","课本、教材、讲义或课件","07/04/2022 10:34:24"
"/物理类/广义相对论/讲义/GRI_Spr2022_LectX1_Ch1_Part9.pdf","/物理类/广义相对论/讲义","GRI_Spr2022_LectX1_Ch1_Part9.pdf","1386606","False","excluded","课本、教材、讲义或课件","07/04/2022 10:34:26"
"/物理类/物理实验/传感器/chuangq1.doc","/物理类/物理实验/传感器","chuangq1.doc","121856","False","included","小型课程资料","03/05/2021 17:08:18"
"/物理类/物理实验/传感器/chuangq2.doc","/物理类/物理实验/传感器","chuangq2.doc","210432","False","included","小型课程资料","03/05/2021 17:08:18"
"/物理类/物理实验/传感器/传感器1.doc","/物理类/物理实验/传感器","传感器1.doc","114688","False","included","小型课程资料","03/05/2021 17:08:19"
"/物理类/物理实验/传感器/传感器2 (2).doc","/物理类/物理实验/传感器","传感器2 (2).doc","181248","False","included","小型课程资料","03/05/2021 17:08:19"
"/物理类/物理实验/传感器/传感器2 (3).doc","/物理类/物理实验/传感器","传感器2 (3).doc","155136","False","included","小型课程资料","03/05/2021 17:08:19"
"/物理类/物理实验/传感器/传感器2 (4).doc","/物理类/物理实验/传感器","传感器2 (4).doc","197120","False","included","小型课程资料","03/05/2021 17:08:20"
"/物理类/物理实验/传感器/传感器2.doc","/物理类/物理实验/传感器","传感器2.doc","353792","False","included","小型课程资料","03/05/2021 17:08:20"
"/物理类/物理实验/传感器/传感器2yzr.doc","/物理类/物理实验/传感器","传感器2yzr.doc","197120","False","included","小型课程资料","03/05/2021 17:08:20"
"/物理类/物理实验/传感器/传感器2（上交版）.doc","/物理类/物理实验/传感器","传感器2（上交版）.doc","244736","False","included","小型课程资料","03/05/2021 17:08:21"
"/物理类/物理实验/传感器/传感器原理及应用.doc","/物理类/物理实验/传感器","传感器原理及应用.doc","264192","False","included","小型课程资料","03/05/2021 17:08:21"
"/物理类/物理实验/传感器/传感器原理及应用系列实验二.doc","/物理类/物理实验/传感器","传感器原理及应用系列实验二.doc","510464","False","included","小型课程资料","03/05/2021 17:08:21"
"/物理类/物理实验/传感器/传感器实验一.doc","/物理类/物理实验/传感器","传感器实验一.doc","136192","False","included","小型课程资料","03/05/2021 17:08:22"
"/物理类/物理实验/传感器/实验图像 (1).docx","/物理类/物理实验/传感器","实验图像 (1).docx","20667","False","included","小型课程资料","03/05/2021 17:08:22"
"/物理类/物理实验/传感器/实验图像 (2).docx","/物理类/物理实验/传感器","实验图像 (2).docx","20061","False","included","小型课程资料","03/05/2021 17:08:22"
"/物理类/物理实验/传感器/实验图像 (3).docx","/物理类/物理实验/传感器","实验图像 (3).docx","20070","False","included","小型课程资料","03/05/2021 17:08:22"
"/物理类/物理实验/传感器/实验图像 (4).docx","/物理类/物理实验/传感器","实验图像 (4).docx","20757","False","included","小型课程资料","03/05/2021 17:08:23"
"/物理类/物理实验/传感器/实验图像 (5).docx","/物理类/物理实验/传感器","实验图像 (5).docx","20334","False","included","小型课程资料","03/05/2021 17:08:23"
"/物理类/物理实验/传感器/实验数据处理.doc","/物理类/物理实验/传感器","实验数据处理.doc","31744","False","included","小型课程资料","03/05/2021 17:08:23"
"/物理类/物理实验/传感器/新建 Microsoft Office Word 文档.pdf","/物理类/物理实验/传感器","新建 Microsoft Office Word 文档.pdf","77586","False","excluded","PDF 未识别为往年题、作业、笔记、总结或课程报告","03/05/2021 17:08:23"
"/物理类/物理实验/偏振/偏振.doc","/物理类/物理实验/偏振","偏振.doc","123904","False","included","小型课程资料","03/05/2021 17:08:24"
"/物理类/物理实验/偏振/偏振光.xls","/物理类/物理实验/偏振","偏振光.xls","20992","False","included","小型课程资料","03/05/2021 17:08:25"
"/物理类/物理实验/偏振/偏振光学实验-预习-P&A.doc","/物理类/物理实验/偏振","偏振光学实验-预习-P&A.doc","401408","False","included","小型课程资料","03/05/2021 17:08:25"
"/物理类/物理实验/偏振/偏振光学实验bymeself.xlsx","/物理类/物理实验/偏振","偏振光学实验bymeself.xlsx","11042","False","included","小型课程资料","03/05/2021 17:08:25"
"/物理类/物理实验/偏振/偏振光学实验xie.doc","/物理类/物理实验/偏振","偏振光学实验xie.doc","444928","False","included","小型课程资料","03/05/2021 17:08:26"
"/物理类/物理实验/偏振/偏振光学实验孔.doc","/物理类/物理实验/偏振","偏振光学实验孔.doc","375808","False","included","小型课程资料","03/05/2021 17:08:26"
"/物理类/物理实验/偏振/偏振光学实验报告.doc","/物理类/物理实验/偏振","偏振光学实验报告.doc","250880","False","included","小型课程资料","03/05/2021 17:08:26"
"/物理类/物理实验/偏振/偏振图.doc","/物理类/物理实验/偏振","偏振图.doc","43520","False","included","小型课程资料","03/05/2021 17:08:26"
"/物理类/物理实验/偏振/实验报告光的偏振.doc","/物理类/物理实验/偏振","实验报告光的偏振.doc","35328","False","included","小型课程资料","03/05/2021 17:08:27"
"/物理类/物理实验/光栅/~$衍射 (3).doc","/物理类/物理实验/光栅","~$衍射 (3).doc","162","False","included","小型课程资料","03/05/2021 17:08:28"
"/物理类/物理实验/光栅/光栅衍射 (2).doc","/物理类/物理实验/光栅","光栅衍射 (2).doc","393216","False","included","小型课程资料","03/05/2021 17:08:28"
"/物理类/物理实验/光栅/光栅衍射 (3).doc","/物理类/物理实验/光栅","光栅衍射 (3).doc","415744","False","included","小型课程资料","03/05/2021 17:08:28"
"/物理类/物理实验/光栅/光栅衍射(恢复) (2).doc","/物理类/物理实验/光栅","光栅衍射(恢复) (2).doc","414208","False","included","小型课程资料","03/05/2021 17:08:29"
"/物理类/物理实验/光栅/光栅衍射(恢复).doc","/物理类/物理实验/光栅","光栅衍射(恢复).doc","401920","False","included","小型课程资料","03/05/2021 17:08:29"
"/物理类/物理实验/光栅/光栅衍射(补充版).doc","/物理类/物理实验/光栅","光栅衍射(补充版).doc","279040","False","included","小型课程资料","03/05/2021 17:08:29"
"/物理类/物理实验/光栅/光栅衍射.doc","/物理类/物理实验/光栅","光栅衍射.doc","391168","False","included","小型课程资料","03/05/2021 17:08:29"
"/物理类/物理实验/光栅/光栅衍射数据版.doc","/物理类/物理实验/光栅","光栅衍射数据版.doc","205312","False","included","小型课程资料","03/05/2021 17:08:30"
"/物理类/物理实验/光栅/光栅衍射预习版.doc","/物理类/物理实验/光栅","光栅衍射预习版.doc","256000","False","included","小型课程资料","03/05/2021 17:08:30"
"/物理类/物理实验/力学/动平衡.doc","/物理类/物理实验/力学","动平衡.doc","49152","False","included","小型课程资料","03/05/2021 17:08:30"
"/物理类/物理实验/力学/弯扭组合.doc","/物理类/物理实验/力学","弯扭组合.doc","57856","False","included","小型课程资料","03/05/2021 17:08:31"
"/物理类/物理实验/力学/拉伸破坏.doc","/物理类/物理实验/力学","拉伸破坏.doc","49664","False","included","小型课程资料","03/05/2021 17:08:31"
"/物理类/物理实验/力学/材力组合梁.doc","/物理类/物理实验/力学","材力组合梁.doc","427520","False","included","小型课程资料","03/05/2021 17:08:31"
"/物理类/物理实验/力学/组合梁.doc","/物理类/物理实验/力学","组合梁.doc","129536","False","included","小型课程资料","03/05/2021 17:08:31"
"/物理类/物理实验/压电/压电.doc","/物理类/物理实验/压电","压电.doc","375296","False","included","小型课程资料","03/05/2021 17:08:33"
"/物理类/物理实验/压电/导纳圆 (2).doc","/物理类/物理实验/压电","导纳圆 (2).doc","40448","False","included","小型课程资料","03/05/2021 17:08:34"
"/物理类/物理实验/压电/导纳圆.doc","/物理类/物理实验/压电","导纳圆.doc","40448","False","included","小型课程资料","03/05/2021 17:08:34"
"/物理类/物理实验/压电/导纳圆.xls","/物理类/物理实验/压电","导纳圆.xls","15872","False","included","小型课程资料","03/05/2021 17:08:35"
"/物理类/物理实验/压电/导纳圆1.doc","/物理类/物理实验/压电","导纳圆1.doc","29184","False","included","小型课程资料","03/05/2021 17:08:35"
"/物理类/物理实验/压电/导纳圆1.xls","/物理类/物理实验/压电","导纳圆1.xls","15872","False","included","小型课程资料","03/05/2021 17:08:35"
"/物理类/物理实验/压电/导纳圆2.doc","/物理类/物理实验/压电","导纳圆2.doc","28672","False","included","小型课程资料","03/05/2021 17:08:35"
"/物理类/物理实验/压电/数据记录.doc","/物理类/物理实验/压电","数据记录.doc","37888","False","included","小型课程资料","03/05/2021 17:08:36"
"/物理类/物理实验/双牛/双棱镜干涉实验 (2).doc","/物理类/物理实验/双牛","双棱镜干涉实验 (2).doc","4488192","False","included","小型课程资料","03/05/2021 17:08:36"
"/物理类/物理实验/双牛/双棱镜干涉实验 (3).doc","/物理类/物理实验/双牛","双棱镜干涉实验 (3).doc","5660672","False","included","小型课程资料","03/05/2021 17:08:37"
"/物理类/物理实验/双牛/双棱镜干涉实验 (4).doc","/物理类/物理实验/双牛","双棱镜干涉实验 (4).doc","102912","False","included","小型课程资料","03/05/2021 17:08:38"
"/物理类/物理实验/双牛/双棱镜干涉实验-李士阳.doc","/物理类/物理实验/双牛","双棱镜干涉实验-李士阳.doc","4508672","False","included","小型课程资料","03/05/2021 17:08:38"
"/物理类/物理实验/双牛/双棱镜干涉实验-李士阳1.doc","/物理类/物理实验/双牛","双棱镜干涉实验-李士阳1.doc","60416","False","included","小型课程资料","03/05/2021 17:08:39"
"/物理类/物理实验/双牛/双棱镜干涉实验.doc","/物理类/物理实验/双牛","双棱镜干涉实验.doc","4526592","False","included","小型课程资料","03/05/2021 17:08:39"
"/物理类/物理实验/双牛/双棱镜干涉实验、用牛顿环测曲率半径.pdf","/物理类/物理实验/双牛","双棱镜干涉实验、用牛顿环测曲率半径.pdf","216544","False","excluded","PDF 未识别为往年题、作业、笔记、总结或课程报告","03/05/2021 17:08:40"
"/物理类/物理实验/双牛/双棱镜干涉实验数据.doc","/物理类/物理实验/双牛","双棱镜干涉实验数据.doc","43008","False","included","小型课程资料","03/05/2021 17:08:40"
"/物理类/物理实验/双牛/双棱镜干涉实验答案.doc","/物理类/物理实验/双牛","双棱镜干涉实验答案.doc","45568","False","included","小型课程资料","03/05/2021 17:08:40"
"/物理类/物理实验/双牛/双牛 (2).doc","/物理类/物理实验/双牛","双牛 (2).doc","128512","False","included","小型课程资料","03/05/2021 17:08:41"
"/物理类/物理实验/双牛/双牛 (3).doc","/物理类/物理实验/双牛","双牛 (3).doc","211456","False","included","小型课程资料","03/05/2021 17:08:41"
"/物理类/物理实验/双牛/双牛.doc","/物理类/物理实验/双牛","双牛.doc","211456","False","included","小型课程资料","03/05/2021 17:08:41"
"/物理类/物理实验/双牛/双牛数据表格.doc","/物理类/物理实验/双牛","双牛数据表格.doc","58880","False","included","小型课程资料","03/05/2021 17:08:41"
"/物理类/物理实验/双牛/封面 (2).doc","/物理类/物理实验/双牛","封面 (2).doc","7810048","False","included","小型课程资料","03/05/2021 17:08:43"
"/物理类/物理实验/双牛/封面.doc","/物理类/物理实验/双牛","封面.doc","24576","False","included","小型课程资料","03/05/2021 17:08:43"
"/物理类/物理实验/双牛/我的2.doc","/物理类/物理实验/双牛","我的2.doc","4531200","False","included","小型课程资料","03/05/2021 17:08:44"
"/物理类/物理实验/双牛/用牛顿环测曲率半径 (2).doc","/物理类/物理实验/双牛","用牛顿环测曲率半径 (2).doc","3278336","False","included","小型课程资料","03/05/2021 17:08:46"
"/物理类/物理实验/双牛/用牛顿环测曲率半径 (3).doc","/物理类/物理实验/双牛","用牛顿环测曲率半径 (3).doc","3299840","False","included","小型课程资料","03/05/2021 17:08:46"
"/物理类/物理实验/双牛/用牛顿环测曲率半径 (4).doc","/物理类/物理实验/双牛","用牛顿环测曲率半径 (4).doc","133120","False","included","小型课程资料","03/05/2021 17:08:47"
"/物理类/物理实验/双牛/用牛顿环测曲率半径-李士阳.doc","/物理类/物理实验/双牛","用牛顿环测曲率半径-李士阳.doc","2301440","False","included","小型课程资料","03/05/2021 17:08:47"
"/物理类/物理实验/双牛/用牛顿环测曲率半径-李士阳1.doc","/物理类/物理实验/双牛","用牛顿环测曲率半径-李士阳1.doc","39424","False","included","小型课程资料","03/05/2021 17:08:47"
"/物理类/物理实验/双牛/用牛顿环测曲率半径.doc","/物理类/物理实验/双牛","用牛顿环测曲率半径.doc","3302400","False","included","小型课程资料","03/05/2021 17:08:48"
"/物理类/物理实验/双牛/用牛顿环测曲率半径.pdf","/物理类/物理实验/双牛","用牛顿环测曲率半径.pdf","171591","False","excluded","PDF 未识别为往年题、作业、笔记、总结或课程报告","03/05/2021 17:08:48"
"/物理类/物理实验/双牛/用牛顿环测曲率半径1.doc","/物理类/物理实验/双牛","用牛顿环测曲率半径1.doc","3300864","False","included","小型课程资料","03/05/2021 17:08:49"
"/物理类/物理实验/双牛/用牛顿环测曲率半径实验答案.doc","/物理类/物理实验/双牛","用牛顿环测曲率半径实验答案.doc","40448","False","included","小型课程资料","03/05/2021 17:08:49"
"/物理类/物理实验/双牛/用牛顿环测曲率半径数据表格.doc","/物理类/物理实验/双牛","用牛顿环测曲率半径数据表格.doc","39424","False","included","小型课程资料","03/05/2021 17:08:49"
"/物理类/物理实验/吸收/1.xls","/物理类/物理实验/吸收","1.xls","43520","False","included","小型课程资料","03/05/2021 17:08:50"
"/物理类/物理实验/吸收/Book1.xls","/物理类/物理实验/吸收","Book1.xls","19456","False","included","小型课程资料","03/05/2021 17:08:50"
"/物理类/物理实验/吸收/idoutput.txt","/物理类/物理实验/吸收","idoutput.txt","714","False","included","小型课程资料","03/05/2021 17:08:50"
"/物理类/物理实验/吸收/λ.doc","/物理类/物理实验/吸收","λ.doc","76800","False","included","小型课程资料","03/05/2021 17:08:50"
"/物理类/物理实验/吸收/加密.xls","/物理类/物理实验/吸收","加密.xls","41984","False","included","小型课程资料","03/05/2021 17:08:51"
"/物理类/物理实验/吸收/吸收 (2).doc","/物理类/物理实验/吸收","吸收 (2).doc","49152","False","included","小型课程资料","03/05/2021 17:08:51"
"/物理类/物理实验/吸收/吸收.doc","/物理类/物理实验/吸收","吸收.doc","335872","False","included","小型课程资料","03/05/2021 17:08:51"
"/物理类/物理实验/吸收/吸收.xls","/物理类/物理实验/吸收","吸收.xls","55808","False","included","小型课程资料","03/05/2021 17:08:52"
"/物理类/物理实验/吸收/吸收.xlsx","/物理类/物理实验/吸收","吸收.xlsx","14139","False","included","小型课程资料","03/05/2021 17:08:52"
"/物理类/物理实验/吸收/吸收图像.docx","/物理类/物理实验/吸收","吸收图像.docx","15291","False","included","小型课程资料","03/05/2021 17:08:52"
"/物理类/物理实验/吸收/吸收实验.xlsx","/物理类/物理实验/吸收","吸收实验.xlsx","18425","False","included","小型课程资料","03/05/2021 17:08:52"
"/物理类/物理实验/吸收/吸收实验数据处理.doc","/物理类/物理实验/吸收","吸收实验数据处理.doc","158208","False","included","小型课程资料","03/05/2021 17:08:53"
"/物理类/物理实验/吸收/吸收报告数据处理.doc","/物理类/物理实验/吸收","吸收报告数据处理.doc","38400","False","included","小型课程资料","03/05/2021 17:08:53"
"/物理类/物理实验/吸收/吸收数据.xls","/物理类/物理实验/吸收","吸收数据.xls","32256","False","included","小型课程资料","03/05/2021 17:08:53"
"/物理类/物理实验/吸收/吸收曲线.doc","/物理类/物理实验/吸收","吸收曲线.doc","296448","False","included","小型课程资料","03/05/2021 17:08:53"
"/物理类/物理实验/吸收/吸收曲线.xls","/物理类/物理实验/吸收","吸收曲线.xls","39936","False","included","小型课程资料","03/05/2021 17:08:54"
"/物理类/物理实验/吸收/吸收曲线数据.doc","/物理类/物理实验/吸收","吸收曲线数据.doc","105472","False","included","小型课程资料","03/05/2021 17:08:54"
"/物理类/物理实验/吸收/吸收系数曲线.doc","/物理类/物理实验/吸收","吸收系数曲线.doc","76800","False","included","小型课程资料","03/05/2021 17:08:54"
"/物理类/物理实验/吸收/吸收系数曲线2.doc","/物理类/物理实验/吸收","吸收系数曲线2.doc","134144","False","included","小型课程资料","03/05/2021 17:08:55"
"/物理类/物理实验/吸收/吸收预习报告.doc","/物理类/物理实验/吸收","吸收预习报告.doc","262656","False","included","小型课程资料","03/05/2021 17:08:55"
"/物理类/物理实验/吸收/复件 用单色仪测定介质的吸收曲线.doc","/物理类/物理实验/吸收","复件 用单色仪测定介质的吸收曲线.doc","120832","False","included","小型课程资料","03/05/2021 17:08:55"
"/物理类/物理实验/吸收/实验数据 (2).xls","/物理类/物理实验/吸收","实验数据 (2).xls","19456","False","included","小型课程资料","03/05/2021 17:08:55"
"/物理类/物理实验/吸收/实验数据.doc","/物理类/物理实验/吸收","实验数据.doc","76800","False","included","小型课程资料","03/05/2021 17:08:56"
"/物理类/物理实验/吸收/实验数据.xls","/物理类/物理实验/吸收","实验数据.xls","33792","False","included","小型课程资料","03/05/2021 17:08:56"
"/物理类/物理实验/吸收/实验数据.xlsx","/物理类/物理实验/吸收","实验数据.xlsx","18739","False","included","小型课程资料","03/05/2021 17:08:56"
"/物理类/物理实验/吸收/曲线.jpg","/物理类/物理实验/吸收","曲线.jpg","139271","False","included","小型课程资料","03/05/2021 17:08:56"
"/物理类/物理实验/吸收/氢原子光谱.xls","/物理类/物理实验/吸收","氢原子光谱.xls","14336","False","included","小型课程资料","03/05/2021 17:08:57"
"/物理类/物理实验/吸收/用单色仪测定介质的吸收曲线 (2).doc","/物理类/物理实验/吸收","用单色仪测定介质的吸收曲线 (2).doc","158208","False","included","小型课程资料","03/05/2021 17:08:57"
"/物理类/物理实验/吸收/用单色仪测定介质的吸收曲线(final).doc","/物理类/物理实验/吸收","用单色仪测定介质的吸收曲线(final).doc","309248","False","included","小型课程资料","03/05/2021 17:08:57"
"/物理类/物理实验/吸收/用单色仪测定介质的吸收曲线(preview).doc","/物理类/物理实验/吸收","用单色仪测定介质的吸收曲线(preview).doc","101376","False","included","小型课程资料","03/05/2021 17:08:58"
"/物理类/物理实验/吸收/用单色仪测定介质的吸收曲线.doc","/物理类/物理实验/吸收","用单色仪测定介质的吸收曲线.doc","158208","False","included","小型课程资料","03/05/2021 17:08:58"
"/物理类/物理实验/吸收/用单色仪测定介质的吸收曲线.pdf","/物理类/物理实验/吸收","用单色仪测定介质的吸收曲线.pdf","221156","False","excluded","PDF 未识别为往年题、作业、笔记、总结或课程报告","03/05/2021 17:08:58"
"/物理类/物理实验/吸收/用单色仪测定介质的吸收曲线2.pdf","/物理类/物理实验/吸收","用单色仪测定介质的吸收曲线2.pdf","191613","False","excluded","PDF 未识别为往年题、作业、笔记、总结或课程报告","03/05/2021 17:08:58"
"/物理类/物理实验/吸收/用单色仪测定介质的吸收曲线_苏和光.doc","/物理类/物理实验/吸收","用单色仪测定介质的吸收曲线_苏和光.doc","175616","False","included","小型课程资料","03/05/2021 17:08:59"
"/物理类/物理实验/吸收/用单色仪测定介质的吸收曲线a.doc","/物理类/物理实验/吸收","用单色仪测定介质的吸收曲线a.doc","154112","False","included","小型课程资料","03/05/2021 17:08:59"
"/物理类/物理实验/吸收/用单色仪测定介质的吸收曲线－－李士阳.doc","/物理类/物理实验/吸收","用单色仪测定介质的吸收曲线－－李士阳.doc","265216","False","included","小型课程资料","03/05/2021 17:08:59"
"/物理类/物理实验/声光/声光效应实验.pdf","/物理类/物理实验/声光","声光效应实验.pdf","855910","False","excluded","PDF 未识别为往年题、作业、笔记、总结或课程报告","03/05/2021 17:09:00"
"/物理类/物理实验/实验3.14压电元件导纳圆的测量/压-shoreyuer.doc","/物理类/物理实验/实验3.14压电元件导纳圆的测量","压-shoreyuer.doc","390144","False","included","小型课程资料","03/05/2021 17:12:14"
"/物理类/物理实验/实验3.14压电元件导纳圆的测量/压电.doc","/物理类/物理实验/实验3.14压电元件导纳圆的测量","压电.doc","471552","False","included","小型课程资料","03/05/2021 17:12:14"
"/物理类/物理实验/实验3.14压电元件导纳圆的测量/压电终结报告－－李士阳.doc","/物理类/物理实验/实验3.14压电元件导纳圆的测量","压电终结报告－－李士阳.doc","59904","False","included","小型课程资料","03/05/2021 17:12:15"
"/物理类/物理实验/实验3.14压电元件导纳圆的测量/压电－－李士阳.doc","/物理类/物理实验/实验3.14压电元件导纳圆的测量","压电－－李士阳.doc","342016","False","included","小型课程资料","03/05/2021 17:12:15"
"/物理类/物理实验/实验3.14压电元件导纳圆的测量/复件 压电－－李士阳.doc","/物理类/物理实验/实验3.14压电元件导纳圆的测量","复件 压电－－李士阳.doc","75264","False","included","小型课程资料","03/05/2021 17:12:15"
"/物理类/物理实验/实验3.14压电元件导纳圆的测量/数据记录.doc","/物理类/物理实验/实验3.14压电元件导纳圆的测量","数据记录.doc","41984","False","included","小型课程资料","03/05/2021 17:12:15"
"/物理类/物理实验/实验3.14压电元件导纳圆的测量/数据记录－－李士阳.doc","/物理类/物理实验/实验3.14压电元件导纳圆的测量","数据记录－－李士阳.doc","43520","False","included","小型课程资料","03/05/2021 17:12:16"
"/物理类/物理实验/实验3.14压电元件导纳圆的测量/预习报告.doc","/物理类/物理实验/实验3.14压电元件导纳圆的测量","预习报告.doc","333312","False","included","小型课程资料","03/05/2021 17:12:16"
"/物理类/物理实验/弗兰克赫兹实验/06.ppt","/物理类/物理实验/弗兰克赫兹实验","06.ppt","202752","False","excluded","PPT/演示文稿","03/05/2021 17:12:17"
"/物理类/物理实验/弗兰克赫兹实验/11529832368135071.jpg","/物理类/物理实验/弗兰克赫兹实验","11529832368135071.jpg","67520","False","included","小型课程资料","03/05/2021 17:12:17"
"/物理类/物理实验/弗兰克赫兹实验/12.pdf","/物理类/物理实验/弗兰克赫兹实验","12.pdf","187966","False","excluded","PDF 未识别为往年题、作业、笔记、总结或课程报告","03/05/2021 17:12:18"
"/物理类/物理实验/弗兰克赫兹实验/20080429134040.doc","/物理类/物理实验/弗兰克赫兹实验","20080429134040.doc","162304","False","included","小型课程资料","03/05/2021 17:12:18"
"/物理类/物理实验/弗兰克赫兹实验/_弗兰克_赫兹实验_中要说明的几个问题.pdf","/物理类/物理实验/弗兰克赫兹实验","_弗兰克_赫兹实验_中要说明的几个问题.pdf","43280","False","excluded","PDF 未识别为往年题、作业、笔记、总结或课程报告","03/05/2021 17:12:18"
"/物理类/物理实验/弗兰克赫兹实验/thinking_13.doc","/物理类/物理实验/弗兰克赫兹实验","thinking_13.doc","27648","False","included","小型课程资料","03/05/2021 17:12:18"
"/物理类/物理实验/弗兰克赫兹实验/充氩弗兰克_赫兹实验研究.pdf","/物理类/物理实验/弗兰克赫兹实验","充氩弗兰克_赫兹实验研究.pdf","291157","False","excluded","PDF 未识别为往年题、作业、笔记、总结或课程报告","03/05/2021 17:12:19"
"/物理类/物理实验/弗兰克赫兹实验/复件 弗兰克赫兹实验.doc","/物理类/物理实验/弗兰克赫兹实验","复件 弗兰克赫兹实验.doc","175104","False","included","小型课程资料","03/05/2021 17:12:19"
"/物理类/物理实验/弗兰克赫兹实验/夫赫.doc","/物理类/物理实验/弗兰克赫兹实验","夫赫.doc","37376","False","included","小型课程资料","03/05/2021 17:12:19"
"/物理类/物理实验/弗兰克赫兹实验/弗兰克-线性拟合.doc","/物理类/物理实验/弗兰克赫兹实验","弗兰克-线性拟合.doc","181760","False","included","小型课程资料","03/05/2021 17:12:19"
"/物理类/物理实验/弗兰克赫兹实验/弗兰克-线性拟合.docx","/物理类/物理实验/弗兰克赫兹实验","弗兰克-线性拟合.docx","26500","False","included","小型课程资料","03/05/2021 17:12:20"
"/物理类/物理实验/弗兰克赫兹实验/弗兰克-赫兹(Franck-Hertz)实验[课程版_20100415修改]_402205455.ppt","/物理类/物理实验/弗兰克赫兹实验","弗兰克-赫兹(Franck-Hertz)实验[课程版_20100415修改]_402205455.ppt","3166720","False","excluded","PPT/演示文稿","03/05/2021 17:12:20"
"/物理类/物理实验/弗兰克赫兹实验/弗兰克-赫兹实验.doc","/物理类/物理实验/弗兰克赫兹实验","弗兰克-赫兹实验.doc","326656","False","included","小型课程资料","03/05/2021 17:12:21"
"/物理类/物理实验/弗兰克赫兹实验/弗兰克_赫兹实验中的峰间距问题.pdf","/物理类/物理实验/弗兰克赫兹实验","弗兰克_赫兹实验中的峰间距问题.pdf","289266","False","excluded","PDF 未识别为往年题、作业、笔记、总结或课程报告","03/05/2021 17:12:21"
"/物理类/物理实验/弗兰克赫兹实验/弗兰克赫兹实验 (2).doc","/物理类/物理实验/弗兰克赫兹实验","弗兰克赫兹实验 (2).doc","306176","False","included","小型课程资料","03/05/2021 17:12:21"
"/物理类/物理实验/弗兰克赫兹实验/弗兰克赫兹实验-carol.doc","/物理类/物理实验/弗兰克赫兹实验","弗兰克赫兹实验-carol.doc","156672","False","included","小型课程资料","03/05/2021 17:12:22"
"/物理类/物理实验/弗兰克赫兹实验/弗兰克赫兹实验-改.doc","/物理类/物理实验/弗兰克赫兹实验","弗兰克赫兹实验-改.doc","189440","False","included","小型课程资料","03/05/2021 17:12:22"
"/物理类/物理实验/弗兰克赫兹实验/弗兰克赫兹实验-路.doc","/物理类/物理实验/弗兰克赫兹实验","弗兰克赫兹实验-路.doc","174592","False","included","小型课程资料","03/05/2021 17:12:22"
"/物理类/物理实验/弗兰克赫兹实验/弗兰克赫兹实验.doc","/物理类/物理实验/弗兰克赫兹实验","弗兰克赫兹实验.doc","189952","False","included","小型课程资料","03/05/2021 17:12:23"
"/物理类/物理实验/弗兰克赫兹实验/弗兰克赫兹实验数据.doc","/物理类/物理实验/弗兰克赫兹实验","弗兰克赫兹实验数据.doc","33280","False","included","小型课程资料","03/05/2021 17:12:23"
"/物理类/物理实验/弗兰克赫兹实验/新建 Microsoft Office Excel 工作表.xlsx","/物理类/物理实验/弗兰克赫兹实验","新建 Microsoft Office Excel 工作表.xlsx","18461","False","included","小型课程资料","03/05/2021 17:12:23"
"/物理类/物理实验/弗兰克赫兹实验/荧光屏对人体的影响.pdf","/物理类/物理实验/弗兰克赫兹实验","荧光屏对人体的影响.pdf","93587","False","excluded","PDF 未识别为往年题、作业、笔记、总结或课程报告","03/05/2021 17:12:23"
"/物理类/物理实验/弗兰克赫兹实验/负电流的来源_夫兰克_赫兹实验思考.pdf","/物理类/物理实验/弗兰克赫兹实验","负电流的来源_夫兰克_赫兹实验思考.pdf","342050","False","excluded","PDF 未识别为往年题、作业、笔记、总结或课程报告","03/05/2021 17:12:24"
"/物理类/物理实验/数据/B-X曲线.xls","/物理类/物理实验/数据","B-X曲线.xls","19456","False","included","小型课程资料","03/05/2021 17:12:24"
"/物理类/物理实验/数据/光栅衍射实验.docx","/物理类/物理实验/数据","光栅衍射实验.docx","16191","False","included","小型课程资料","03/05/2021 17:12:24"
"/物理类/物理实验/数据/光栅衍射实验数据表格.doc","/物理类/物理实验/数据","光栅衍射实验数据表格.doc","44544","False","included","小型课程资料","03/05/2021 17:12:25"
"/物理类/物理实验/数据/双棱镜干涉实验.doc","/物理类/物理实验/数据","双棱镜干涉实验.doc","102912","False","included","小型课程资料","03/05/2021 17:12:25"
"/物理类/物理实验/数据/实验数据.doc","/物理类/物理实验/数据","实验数据.doc","126464","False","included","小型课程资料","03/05/2021 17:12:25"
"/物理类/物理实验/数据/实验数据.xls","/物理类/物理实验/数据","实验数据.xls","28160","False","included","小型课程资料","03/05/2021 17:12:25"
"/物理类/物理实验/数据/用牛顿环测曲率半径.doc","/物理类/物理实验/数据","用牛顿环测曲率半径.doc","133120","False","included","小型课程资料","03/05/2021 17:12:26"
"/物理类/物理实验/数据/磁化曲线.xls","/物理类/物理实验/数据","磁化曲线.xls","15872","False","included","小型课程资料","03/05/2021 17:12:26"
"/物理类/物理实验/数据/磁滞回线.xls","/物理类/物理实验/数据","磁滞回线.xls","20992","False","included","小型课程资料","03/05/2021 17:12:26"
"/物理类/物理实验/普通物理实验报告/CIE1931色度图.bmp","/物理类/物理实验/普通物理实验报告","CIE1931色度图.bmp","1769526","False","included","小型课程资料","03/05/2021 17:12:27"
"/物理类/物理实验/普通物理实验报告/LC电路数据.xls","/物理类/物理实验/普通物理实验报告","LC电路数据.xls","22016","False","included","小型课程资料","03/05/2021 17:12:27"
"/物理类/物理实验/普通物理实验报告/LC电路的谐振现象.doc","/物理类/物理实验/普通物理实验报告","LC电路的谐振现象.doc","175616","False","included","小型课程资料","03/05/2021 17:12:27"
"/物理类/物理实验/普通物理实验报告/RC晶体管.pdf","/物理类/物理实验/普通物理实验报告","RC晶体管.pdf","150942","False","included","小型课程资料","03/05/2021 17:12:28"
"/物理类/物理实验/普通物理实验报告/~$报告霍尔效应.doc","/物理类/物理实验/普通物理实验报告","~$报告霍尔效应.doc","162","False","included","小型课程资料","03/05/2021 17:12:28"
"/物理类/物理实验/普通物理实验报告/光纤.doc","/物理类/物理实验/普通物理实验报告","光纤.doc","32256","False","included","小型课程资料","03/05/2021 17:12:28"
"/物理类/物理实验/普通物理实验报告/光衍射的定量研究.doc","/物理类/物理实验/普通物理实验报告","光衍射的定量研究.doc","92160","False","included","小型课程资料","03/05/2021 17:12:29"
"/物理类/物理实验/普通物理实验报告/分光计.doc","/物理类/物理实验/普通物理实验报告","分光计.doc","321536","False","included","小型课程资料","03/05/2021 17:12:29"
"/物理类/物理实验/普通物理实验报告/刚体转动实验.doc","/物理类/物理实验/普通物理实验报告","刚体转动实验.doc","154624","False","included","小型课程资料","03/05/2021 17:12:29"
"/物理类/物理实验/普通物理实验报告/刚体转动数据.xls","/物理类/物理实验/普通物理实验报告","刚体转动数据.xls","22016","False","included","小型课程资料","03/05/2021 17:12:30"
"/物理类/物理实验/普通物理实验报告/包含非线性电感互感的混沌电路实验.doc","/物理类/物理实验/普通物理实验报告","包含非线性电感互感的混沌电路实验.doc","150016","False","included","小型课程资料","03/05/2021 17:12:30"
"/物理类/物理实验/普通物理实验报告/单缝衍射数据.txt","/物理类/物理实验/普通物理实验报告","单缝衍射数据.txt","1004","False","included","小型课程资料","03/05/2021 17:12:30"
"/物理类/物理实验/普通物理实验报告/实验报告 闲上筑波.doc","/物理类/物理实验/普通物理实验报告","实验报告 闲上筑波.doc","127488","False","included","小型课程资料","03/05/2021 17:12:31"
"/物理类/物理实验/普通物理实验报告/实验报告 闲上筑波.pdf","/物理类/物理实验/普通物理实验报告","实验报告 闲上筑波.pdf","191395","False","included","小型课程资料","03/05/2021 17:12:31"
"/物理类/物理实验/普通物理实验报告/实验报告.doc","/物理类/物理实验/普通物理实验报告","实验报告.doc","91648","False","included","小型课程资料","03/05/2021 17:12:31"
"/物理类/物理实验/普通物理实验报告/实验报告LC电路.doc","/物理类/物理实验/普通物理实验报告","实验报告LC电路.doc","76288","False","included","小型课程资料","03/05/2021 17:12:31"
"/物理类/物理实验/普通物理实验报告/实验报告光的衍射.doc","/物理类/物理实验/普通物理实验报告","实验报告光的衍射.doc","50688","False","included","小型课程资料","03/05/2021 17:12:32"
"/物理类/物理实验/普通物理实验报告/实验报告全息照相.doc","/物理类/物理实验/普通物理实验报告","实验报告全息照相.doc","47616","False","included","小型课程资料","03/05/2021 17:12:32"
"/物理类/物理实验/普通物理实验报告/实验报告全息照相.pdf","/物理类/物理实验/普通物理实验报告","实验报告全息照相.pdf","111457","False","included","小型课程资料","03/05/2021 17:12:32"
"/物理类/物理实验/普通物理实验报告/实验报告分光计.doc","/物理类/物理实验/普通物理实验报告","实验报告分光计.doc","64000","False","included","小型课程资料","03/05/2021 17:12:33"
"/物理类/物理实验/普通物理实验报告/实验报告刚体转动.doc","/物理类/物理实验/普通物理实验报告","实验报告刚体转动.doc","61440","False","included","小型课程资料","03/05/2021 17:12:33"
"/物理类/物理实验/普通物理实验报告/实验报告卖克耳孙doc.doc","/物理类/物理实验/普通物理实验报告","实验报告卖克耳孙doc.doc","51200","False","included","小型课程资料","03/05/2021 17:12:33"
"/物理类/物理实验/普通物理实验报告/实验报告霍尔效应.doc","/物理类/物理实验/普通物理实验报告","实验报告霍尔效应.doc","82432","False","included","小型课程资料","03/05/2021 17:12:33"
"/物理类/物理实验/普通物理实验报告/液体的粘度1.doc","/物理类/物理实验/普通物理实验报告","液体的粘度1.doc","727040","False","included","小型课程资料","03/05/2021 17:12:39"
"/物理类/物理实验/普通物理实验报告/液体粘度的测量任务.doc","/物理类/物理实验/普通物理实验报告","液体粘度的测量任务.doc","45568","False","included","小型课程资料","03/05/2021 17:12:40"
"/物理类/物理实验/普通物理实验报告/色度学标准数据表.xls","/物理类/物理实验/普通物理实验报告","色度学标准数据表.xls","179712","False","included","小型课程资料","03/05/2021 17:12:40"
"/物理类/物理实验/普通物理实验报告/阿贝折射仪.doc","/物理类/物理实验/普通物理实验报告","阿贝折射仪.doc","26112","False","included","小型课程资料","03/05/2021 17:12:40"
"/物理类/物理实验/核磁共振/核磁共振.doc","/物理类/物理实验/核磁共振","核磁共振.doc","113152","False","included","小型课程资料","03/05/2021 17:12:41"
"/物理类/物理实验/核磁共振/核磁共振数据.doc","/物理类/物理实验/核磁共振","核磁共振数据.doc","61440","False","included","小型课程资料","03/05/2021 17:12:41"
"/物理类/物理实验/波传输/实验报告 潘永祺.pdf","/物理类/物理实验/波传输","实验报告 潘永祺.pdf","767399","False","included","小型课程资料","06/15/2021 15:51:06"
"/物理类/物理实验/波传输/实验报告.docx","/物理类/物理实验/波传输","实验报告.docx","974638","False","included","小型课程资料","06/15/2021 15:51:06"
"/物理类/物理实验/波传输/数据.xlsx","/物理类/物理实验/波传输","数据.xlsx","6616","False","included","小型课程资料","06/15/2021 15:51:07"
"/物理类/物理实验/滞磁/Book1.xls","/物理类/物理实验/滞磁","Book1.xls","32768","False","included","小型课程资料","03/05/2021 17:12:47"
"/物理类/物理实验/滞磁/Graph1.jpg","/物理类/物理实验/滞磁","Graph1.jpg","127146","False","included","小型课程资料","03/05/2021 17:12:48"
"/物理类/物理实验/滞磁/Graph4.jpg","/物理类/物理实验/滞磁","Graph4.jpg","130493","False","included","小型课程资料","03/05/2021 17:12:48"
"/物理类/物理实验/滞磁/动态磁滞回线.doc","/物理类/物理实验/滞磁","动态磁滞回线.doc","173568","False","included","小型课程资料","03/05/2021 17:12:48"
"/物理类/物理实验/滞磁/实验4用示波器测动态磁滞回线.doc","/物理类/物理实验/滞磁","实验4用示波器测动态磁滞回线.doc","548864","False","included","小型课程资料","03/05/2021 17:12:48"
"/物理类/物理实验/滞磁/实验4磁场分布测量.doc","/物理类/物理实验/滞磁","实验4磁场分布测量.doc","271360","False","included","小型课程资料","03/05/2021 17:12:49"
"/物理类/物理实验/滞磁/实验报告 磁滞回线.doc","/物理类/物理实验/滞磁","实验报告 磁滞回线.doc","180736","False","included","小型课程资料","03/05/2021 17:12:49"
"/物理类/物理实验/滞磁/实验报告 磁滞回线.pdf","/物理类/物理实验/滞磁","实验报告 磁滞回线.pdf","243233","False","included","小型课程资料","03/05/2021 17:12:49"
"/物理类/物理实验/滞磁/新建 Microsoft Excel 工作表.xls","/物理类/物理实验/滞磁","新建 Microsoft Excel 工作表.xls","38400","False","included","小型课程资料","03/05/2021 17:12:49"
"/物理类/物理实验/滞磁/新建 Microsoft Word 文档 (2).doc","/物理类/物理实验/滞磁","新建 Microsoft Word 文档 (2).doc","24576","False","included","小型课程资料","03/05/2021 17:12:50"
"/物理类/物理实验/滞磁/新建 Microsoft Word 文档 (3).doc","/物理类/物理实验/滞磁","新建 Microsoft Word 文档 (3).doc","323584","False","included","小型课程资料","03/05/2021 17:12:50"
"/物理类/物理实验/滞磁/新建 Microsoft Word 文档.doc","/物理类/物理实验/滞磁","新建 Microsoft Word 文档.doc","158720","False","included","小型课程资料","03/05/2021 17:12:50"
"/物理类/物理实验/滞磁/滞磁 (2).doc","/物理类/物理实验/滞磁","滞磁 (2).doc","322560","False","included","小型课程资料","03/05/2021 17:12:51"
"/物理类/物理实验/滞磁/滞磁 (3).doc","/物理类/物理实验/滞磁","滞磁 (3).doc","322560","False","included","小型课程资料","03/05/2021 17:12:51"
"/物理类/物理实验/滞磁/滞磁.doc","/物理类/物理实验/滞磁","滞磁.doc","26112","False","included","小型课程资料","03/05/2021 17:12:51"
"/物理类/物理实验/滞磁/滞磁.xls","/物理类/物理实验/滞磁","滞磁.xls","44032","False","included","小型课程资料","03/05/2021 17:12:51"
"/物理类/物理实验/滞磁/滞磁1_x-B曲线.xls","/物理类/物理实验/滞磁","滞磁1_x-B曲线.xls","18432","False","included","小型课程资料","03/05/2021 17:12:52"
"/物理类/物理实验/滞磁/滞磁2_B-H.xls","/物理类/物理实验/滞磁","滞磁2_B-H.xls","15872","False","included","小型课程资料","03/05/2021 17:12:52"
"/物理类/物理实验/滞磁/用示波器测动态磁滞回线.doc","/物理类/物理实验/滞磁","用示波器测动态磁滞回线.doc","320000","False","included","小型课程资料","03/05/2021 17:12:52"
"/物理类/物理实验/电设/电设.doc","/物理类/物理实验/电设","电设.doc","84480","False","included","小型课程资料","03/05/2021 17:12:53"
"/物理类/物理实验/电设/电设xie.doc","/物理类/物理实验/电设","电设xie.doc","139776","False","included","小型课程资料","03/05/2021 17:12:53"
"/物理类/物理实验/电设/电路设计性实验教案（王）.doc","/物理类/物理实验/电设","电路设计性实验教案（王）.doc","1908736","False","included","小型课程资料","03/05/2021 17:12:53"
"/物理类/物理实验/电设/直流电桥设计性实验报告.doc","/物理类/物理实验/电设","直流电桥设计性实验报告.doc","198656","False","included","小型课程资料","03/05/2021 17:12:54"
"/物理类/物理实验/电设/直流电桥设计性实验报告09_3_24_1_08.doc","/物理类/物理实验/电设","直流电桥设计性实验报告09_3_24_1_08.doc","434688","False","included","小型课程资料","03/05/2021 17:12:54"
"/物理类/物理实验/电设/直流电路设计性实验  预习报告.doc","/物理类/物理实验/电设","直流电路设计性实验  预习报告.doc","55808","False","included","小型课程资料","03/05/2021 17:12:54"
"/物理类/物理实验/电设/直流电路设计性实验 (2).doc","/物理类/物理实验/电设","直流电路设计性实验 (2).doc","140288","False","included","小型课程资料","03/05/2021 17:12:54"
"/物理类/物理实验/电设/直流电路设计性实验.doc","/物理类/物理实验/电设","直流电路设计性实验.doc","217088","False","included","小型课程资料","03/05/2021 17:12:55"
"/物理类/物理实验/电设/直流电路设计性实验.pdf","/物理类/物理实验/电设","直流电路设计性实验.pdf","182441","False","excluded","PDF 未识别为往年题、作业、笔记、总结或课程报告","03/05/2021 17:12:55"
"/物理类/物理实验/瞬态/~$存储示波器与瞬态信号测量.doc","/物理类/物理实验/瞬态","~$存储示波器与瞬态信号测量.doc","162","False","included","小型课程资料","03/05/2021 17:12:56"
"/物理类/物理实验/瞬态/数字存储示波器与瞬态信号测量 (2).doc","/物理类/物理实验/瞬态","数字存储示波器与瞬态信号测量 (2).doc","61440","False","included","小型课程资料","03/05/2021 17:12:56"
"/物理类/物理实验/瞬态/数字存储示波器与瞬态信号测量 (3).doc","/物理类/物理实验/瞬态","数字存储示波器与瞬态信号测量 (3).doc","40960","False","included","小型课程资料","03/05/2021 17:12:56"
"/物理类/物理实验/瞬态/数字存储示波器与瞬态信号测量 - 副本.doc","/物理类/物理实验/瞬态","数字存储示波器与瞬态信号测量 - 副本.doc","52736","False","included","小型课程资料","03/05/2021 17:12:56"
"/物理类/物理实验/瞬态/数字存储示波器与瞬态信号测量(Final).doc","/物理类/物理实验/瞬态","数字存储示波器与瞬态信号测量(Final).doc","1917440","False","included","小型课程资料","03/05/2021 17:12:57"
"/物理类/物理实验/瞬态/数字存储示波器与瞬态信号测量(讲义完整版).doc","/物理类/物理实验/瞬态","数字存储示波器与瞬态信号测量(讲义完整版).doc","1890304","False","excluded","课本、教材、讲义或课件","03/05/2021 17:12:57"
"/物理类/物理实验/瞬态/数字存储示波器与瞬态信号测量(预习) (2).doc","/物理类/物理实验/瞬态","数字存储示波器与瞬态信号测量(预习) (2).doc","34304","False","included","小型课程资料","03/05/2021 17:12:58"
"/物理类/物理实验/瞬态/数字存储示波器与瞬态信号测量(预习).doc","/物理类/物理实验/瞬态","数字存储示波器与瞬态信号测量(预习).doc","37376","False","included","小型课程资料","03/05/2021 17:12:58"
"/物理类/物理实验/瞬态/数字存储示波器与瞬态信号测量.doc","/物理类/物理实验/瞬态","数字存储示波器与瞬态信号测量.doc","79360","False","included","小型课程资料","03/05/2021 17:12:58"
"/物理类/物理实验/瞬态/数字存储示波器与瞬态信号测量.pdf","/物理类/物理实验/瞬态","数字存储示波器与瞬态信号测量.pdf","214242","False","excluded","PDF 未识别为往年题、作业、笔记、总结或课程报告","03/05/2021 17:12:58"
"/物理类/物理实验/瞬态/数字存储示波器与瞬态信号测量wzs.doc","/物理类/物理实验/瞬态","数字存储示波器与瞬态信号测量wzs.doc","75776","False","included","小型课程资料","03/05/2021 17:12:59"
"/物理类/物理实验/瞬态/数字存储示波器与瞬态信号测量（小乔）.doc","/物理类/物理实验/瞬态","数字存储示波器与瞬态信号测量（小乔）.doc","163328","False","included","小型课程资料","03/05/2021 17:12:59"
"/物理类/物理实验/瞬态/瞬态.doc","/物理类/物理实验/瞬态","瞬态.doc","657408","False","included","小型课程资料","03/05/2021 17:12:59"
"/物理类/物理实验/瞬态/瞬态.xls","/物理类/物理实验/瞬态","瞬态.xls","15872","False","included","小型课程资料","03/05/2021 17:12:59"
"/物理类/物理实验/瞬态/瞬态报告.doc","/物理类/物理实验/瞬态","瞬态报告.doc","89600","False","included","小型课程资料","03/05/2021 17:13:00"
"/物理类/物理实验/瞬态/瞬态预习报告.doc","/物理类/物理实验/瞬态","瞬态预习报告.doc","60928","False","included","小型课程资料","03/05/2021 17:13:00"
"/物理类/物理实验/磁场分布测量/Dataiagram.eps","/物理类/物理实验/磁场分布测量","Dataiagram.eps","27833","False","included","小型课程资料","03/05/2021 17:13:00"
"/物理类/物理实验/磁场分布测量/Dataiagram1.eps","/物理类/物理实验/磁场分布测量","Dataiagram1.eps","29183","False","included","小型课程资料","03/05/2021 17:13:01"
"/物理类/物理实验/磁场分布测量/Graph2.ogg","/物理类/物理实验/磁场分布测量","Graph2.ogg","56006","False","excluded","音视频文件","03/05/2021 17:13:01"
"/物理类/物理实验/磁场分布测量/UNTITLED.opj","/物理类/物理实验/磁场分布测量","UNTITLED.opj","170340","False","included","小型课程资料","03/05/2021 17:13:01"
"/物理类/物理实验/磁场分布测量/数据表格.doc","/物理类/物理实验/磁场分布测量","数据表格.doc","44032","False","included","小型课程资料","03/05/2021 17:13:01"
"/物理类/物理实验/磁场分布测量/电路连接图.doc","/物理类/物理实验/磁场分布测量","电路连接图.doc","111616","False","included","小型课程资料","03/05/2021 17:13:02"
"/物理类/物理实验/磁场分布测量/磁场分布测量.doc","/物理类/物理实验/磁场分布测量","磁场分布测量.doc","499712","False","included","小型课程资料","03/05/2021 17:13:02"
"/物理类/物理实验/近代物理实验/USB接口实验.doc","/物理类/物理实验/近代物理实验","USB接口实验.doc","148992","False","included","小型课程资料","03/05/2021 17:13:03"
"/物理类/物理实验/近代物理实验/双光子测厚.doc","/物理类/物理实验/近代物理实验","双光子测厚.doc","691712","False","included","小型课程资料","03/05/2021 17:13:03"
"/物理类/物理实验/近代物理实验/实验一CVD金刚石膜生长与扫描电子显微镜观察.doc","/物理类/物理实验/近代物理实验","实验一CVD金刚石膜生长与扫描电子显微镜观察.doc","420352","False","included","小型课程资料","03/05/2021 17:13:03"
"/物理类/物理实验/近代物理实验/实验七晶体的电光效应及其应用.doc","/物理类/物理实验/近代物理实验","实验七晶体的电光效应及其应用.doc","1804800","False","included","小型课程资料","03/05/2021 17:13:04"
"/物理类/物理实验/近代物理实验/实验三用反射椭偏仪测量折射率和薄膜厚度.doc","/物理类/物理实验/近代物理实验","实验三用反射椭偏仪测量折射率和薄膜厚度.doc","280576","False","included","小型课程资料","03/05/2021 17:13:04"
"/物理类/物理实验/近代物理实验/实验五 He-Ne激光器放电条件的研究.doc","/物理类/物理实验/近代物理实验","实验五 He-Ne激光器放电条件的研究.doc","311808","False","included","小型课程资料","03/05/2021 17:13:04"
"/物理类/物理实验/近代物理实验/实验六X射线标识谱与吸收.doc","/物理类/物理实验/近代物理实验","实验六X射线标识谱与吸收.doc","208896","False","included","小型课程资料","03/05/2021 17:13:05"
"/物理类/物理实验/近代物理实验/实验四核磁共振.doc","/物理类/物理实验/近代物理实验","实验四核磁共振.doc","331264","False","included","小型课程资料","03/05/2021 17:13:05"
"/物理类/物理实验/近代物理实验/扫描隧道显微镜.doc","/物理类/物理实验/近代物理实验","扫描隧道显微镜.doc","44032","False","included","小型课程资料","03/05/2021 17:13:45"
"/物理类/物理实验/近代物理实验/正电子湮没寿命谱测量.doc","/物理类/物理实验/近代物理实验","正电子湮没寿命谱测量.doc","280064","False","included","小型课程资料","03/05/2021 17:13:48"
"/物理类/物理实验/近代物理实验/磁流变体的巨磁阻效应.doc","/物理类/物理实验/近代物理实验","磁流变体的巨磁阻效应.doc","2174976","False","included","小型课程资料","03/05/2021 17:13:52"
"/物理类/物理实验/近代物理实验/能谱的测量与新型半导体探测器.doc","/物理类/物理实验/近代物理实验","能谱的测量与新型半导体探测器.doc","800256","False","included","小型课程资料","03/05/2021 17:13:52"
"/物理类/物理实验/近代物理实验/近物13_穆斯堡尔效应.doc","/物理类/物理实验/近代物理实验","近物13_穆斯堡尔效应.doc","130560","False","included","小型课程资料","03/05/2021 17:13:54"
"/物理类/物理实验/近代物理实验/钠原子光谱的拍摄与分析.doc","/物理类/物理实验/近代物理实验","钠原子光谱的拍摄与分析.doc","204288","False","included","小型课程资料","03/05/2021 17:13:55"
"/物理类/物理实验/近代物理实验/锰硅合金变温度热电性能测量.doc","/物理类/物理实验/近代物理实验","锰硅合金变温度热电性能测量.doc","972800","False","included","小型课程资料","03/05/2021 17:13:55"
"/物理类/物理实验/逸出功/逸出功 (2).xls","/物理类/物理实验/逸出功","逸出功 (2).xls","20480","False","included","小型课程资料","03/05/2021 17:13:55"
"/物理类/物理实验/逸出功/逸出功.doc","/物理类/物理实验/逸出功","逸出功.doc","126976","False","included","小型课程资料","03/05/2021 17:13:56"
"/物理类/物理实验/逸出功/逸出功.xls","/物理类/物理实验/逸出功","逸出功.xls","20480","False","included","小型课程资料","03/05/2021 17:13:56"
"/物理类/物理实验/逸出功/逸出功的测量.pdf","/物理类/物理实验/逸出功","逸出功的测量.pdf","169795","False","excluded","PDF 未识别为往年题、作业、笔记、总结或课程报告","03/05/2021 17:13:56"
"/物理类/物理实验/逸出功/逸出功的测量_2009_5_14.doc","/物理类/物理实验/逸出功","逸出功的测量_2009_5_14.doc","388608","False","included","小型课程资料","03/05/2021 17:13:56"
"/物理类/物理实验/逸出功/逸出功的测量实验报告--李士阳.doc","/物理类/物理实验/逸出功","逸出功的测量实验报告--李士阳.doc","223744","False","included","小型课程资料","03/05/2021 17:13:57"
"/物理类/物理实验/逸出功/逸出功的测量实验报告.doc","/物理类/物理实验/逸出功","逸出功的测量实验报告.doc","153088","False","included","小型课程资料","03/05/2021 17:13:57"
"/物理类/物理实验/霍尔/霍尔效应.doc","/物理类/物理实验/霍尔","霍尔效应.doc","56832","False","included","小型课程资料","03/05/2021 17:14:00"
"/物理类/物理实验/霍尔/霍尔效应.xls","/物理类/物理实验/霍尔","霍尔效应.xls","22016","False","included","小型课程资料","03/05/2021 17:14:00"
"/物理类/物理实验/霍尔/霍尔效应1.doc","/物理类/物理实验/霍尔","霍尔效应1.doc","51200","False","included","小型课程资料","03/05/2021 17:14:00"
"/物理类/物理实验/霍尔/霍尔效应实验.pdf","/物理类/物理实验/霍尔","霍尔效应实验.pdf","166728","False","excluded","PDF 未识别为往年题、作业、笔记、总结或课程报告","03/05/2021 17:14:01"
"/物理类/物理实验/霍尔/霍尔效应实验.txt","/物理类/物理实验/霍尔","霍尔效应实验.txt","7114","False","included","小型课程资料","03/05/2021 17:14:01"
"/物理类/物理实验/音频/Book1.xls","/物理类/物理实验/音频","Book1.xls","19968","False","included","小型课程资料","03/05/2021 17:14:01"
"/物理类/物理实验/音频/Book2光纤.xls","/物理类/物理实验/音频","Book2光纤.xls","15360","False","included","小型课程资料","03/05/2021 17:14:02"
"/物理类/物理实验/音频/Book3（光纤）.xls","/物理类/物理实验/音频","Book3（光纤）.xls","19968","False","included","小型课程资料","03/05/2021 17:14:02"
"/物理类/物理实验/音频/数字存储示波器与瞬态信号测量.doc","/物理类/物理实验/音频","数字存储示波器与瞬态信号测量.doc","40960","False","included","小型课程资料","03/05/2021 17:14:02"
"/物理类/物理实验/音频/音频信号光纤通信原理.doc","/物理类/物理实验/音频","音频信号光纤通信原理.doc","181248","False","included","小型课程资料","03/05/2021 17:14:02"
"/物理类/物理实验/音频/音频信号光纤通信原理1.doc","/物理类/物理实验/音频","音频信号光纤通信原理1.doc","83968","False","included","小型课程资料","03/05/2021 17:14:03"
"/物理类/物理实验/音频/音频信号光纤通信原理[课程简编版2010].doc","/物理类/物理实验/音频","音频信号光纤通信原理[课程简编版2010].doc","5388288","False","included","小型课程资料","03/05/2021 17:14:04"
"/物理类/物理实验/音频/音频信号光纤通信原理xie.doc","/物理类/物理实验/音频","音频信号光纤通信原理xie.doc","160256","False","included","小型课程资料","03/05/2021 17:14:03"
"/物理类/物理实验/音频/音频信号（宋）.doc","/物理类/物理实验/音频","音频信号（宋）.doc","135680","False","included","小型课程资料","03/05/2021 17:14:04"
"/物理类/物理实验/高温超导/data.dat.txt","/物理类/物理实验/高温超导","data.dat.txt","1201","False","included","小型课程资料","03/05/2021 17:14:05"
"/物理类/物理实验/高温超导/~$超导.doc","/物理类/物理实验/高温超导","~$超导.doc","162","False","included","小型课程资料","03/05/2021 17:14:05"
"/物理类/物理实验/高温超导/固体热导率的测定.doc","/物理类/物理实验/高温超导","固体热导率的测定.doc","60416","False","included","小型课程资料","03/05/2021 17:14:05"
"/物理类/物理实验/高温超导/物理实验-高温超导.xls","/物理类/物理实验/高温超导","物理实验-高温超导.xls","31744","False","included","小型课程资料","03/05/2021 17:14:06"
"/物理类/物理实验/高温超导/超导.doc","/物理类/物理实验/高温超导","超导.doc","743936","False","included","小型课程资料","03/05/2021 17:14:06"
"/物理类/物理实验/高温超导/超导.xls","/物理类/物理实验/高温超导","超导.xls","32256","False","included","小型课程资料","03/05/2021 17:14:06"
"/物理类/物理实验/高温超导/超导实验数据处理.doc","/物理类/物理实验/高温超导","超导实验数据处理.doc","431104","False","included","小型课程资料","03/05/2021 17:14:07"
"/物理类/物理实验/高温超导/高温超导.doc","/物理类/物理实验/高温超导","高温超导.doc","287232","False","included","小型课程资料","03/05/2021 17:14:07"
"/物理类/物理实验/高温超导/高温超导.docx","/物理类/物理实验/高温超导","高温超导.docx","24156","False","included","小型课程资料","03/05/2021 17:14:07"
"/物理类/物理实验/高温超导/高温超导.xlsx","/物理类/物理实验/高温超导","高温超导.xlsx","12509","False","included","小型课程资料","03/05/2021 17:14:07"
"/物理类/物理实验/高温超导/高温超导数据.xls","/物理类/物理实验/高温超导","高温超导数据.xls","49152","False","included","小型课程资料","03/05/2021 17:14:08"
"/物理类/物理实验/高温超导/高温超导电路图.dwg","/物理类/物理实验/高温超导","高温超导电路图.dwg","52713","False","included","小型课程资料","03/05/2021 17:14:08"
"/物理类/电动力学/2022春考试题&习题课/EXAM22-2.pdf","/物理类/电动力学/2022春考试题&习题课","EXAM22-2.pdf","161372","False","included","小型课程资料","06/28/2022 16:23:45"
"/物理类/电动力学/2022春考试题&习题课/EXAM22-3.pdf","/物理类/电动力学/2022春考试题&习题课","EXAM22-3.pdf","188377","False","included","小型课程资料","06/28/2022 16:42:05"
"/物理类/电动力学/2022春考试题&习题课/第一次习题课.pdf","/物理类/电动力学/2022春考试题&习题课","第一次习题课.pdf","1298243","False","included","小型课程资料","06/28/2022 16:23:52"
"/物理类/电动力学/2022春考试题&习题课/第三次习题课.pdf","/物理类/电动力学/2022春考试题&习题课","第三次习题课.pdf","995851","False","included","小型课程资料","06/28/2022 16:23:57"
"/物理类/电动力学/2022春考试题&习题课/第二次习题课.pdf","/物理类/电动力学/2022春考试题&习题课","第二次习题课.pdf","1094727","False","included","小型课程资料","06/28/2022 16:23:54"
"/物理类/费曼物理学/中英文电子书&习题集/(费曼物理学讲义) 费恩曼(R．P．Feynman), 莱顿(Leighton, R.), R. B. 沃格特 - 费曼物理学讲义 习题集 Exercises in introductory physics-上海科学技术出版社 (1988).pdf","/物理类/费曼物理学/中英文电子书&习题集","(费曼物理学讲义) 费恩曼(R．P．Feynman), 莱顿(Leighton, R.), R. B. 沃格特 - 费曼物理学讲义 习题集 Exercises in introductory physics-上海科学技术出版社 (1988).pdf","8441273","False","excluded","课本、教材、讲义或课件","10/26/2021 16:14:37"
"/物理类/费曼物理学/中英文电子书&习题集/1_Richard P. Feynman_ Robert B. Leighton_ Matthew L. Sands - Exercises for the Feynman Lectures on Physics-Basic Books (2014).pdf","/物理类/费曼物理学/中英文电子书&习题集","1_Richard P. Feynman_ Robert B. Leighton_ Matthew L. Sands - Exercises for the Feynman Lectures on Physics-Basic Books (2014).pdf","103383783","False","excluded","超过本次小文件上限 10 MiB","10/26/2021 16:16:48"
"/物理类/费曼物理学/中英文电子书&习题集/5-费曼3新千年版-1.pdf","/物理类/费曼物理学/中英文电子书&习题集","5-费曼3新千年版-1.pdf","19859837","False","excluded","超过本次小文件上限 10 MiB","10/26/2021 16:14:10"
"/物理类/费曼物理学/中英文电子书&习题集/6-费曼3新千年版-2.pdf","/物理类/费曼物理学/中英文电子书&习题集","6-费曼3新千年版-2.pdf","21750478","False","excluded","超过本次小文件上限 10 MiB","10/26/2021 16:14:18"
"/物理类/费曼物理学/中英文电子书&习题集/7-费曼3新千年版-3.pdf","/物理类/费曼物理学/中英文电子书&习题集","7-费曼3新千年版-3.pdf","18719826","False","excluded","超过本次小文件上限 10 MiB","10/26/2021 16:14:25"
"/物理类/费曼物理学/中英文电子书&习题集/[Volume 1] Richard P. Feynman, Robert B. Leighton, Matthew Sands - The Feynman Lectures on Physics, Vol. I_ The New Millennium Edition_ Mainly Mechanics, Radiation, and Heat (2011, Basic Books) - libgen.lc.pdf","/物理类/费曼物理学/中英文电子书&习题集","[Volume 1] Richard P. Feynman, Robert B. Leighton, Matthew Sands - The Feynman Lectures on Physics, Vol. I_ The New Millennium Edition_ Mainly Mechanics, Radiation, and Heat (2011, Basic Books) - libgen.lc.pdf","17916318","False","excluded","超过本次小文件上限 10 MiB","05/23/2021 14:50:44"
"/物理类/费曼物理学/中英文电子书&习题集/[Volume 2] Richard P. Feynman, Robert B. Leighton, Matthew Sands - The Feynman Lectures on Physics, Vol. II_ The New Millennium Edition_ Mainly Electromagnetism and Matter (2011, Basic Books) - libgen.lc.pdf","/物理类/费曼物理学/中英文电子书&习题集","[Volume 2] Richard P. Feynman, Robert B. Leighton, Matthew Sands - The Feynman Lectures on Physics, Vol. II_ The New Millennium Edition_ Mainly Electromagnetism and Matter (2011, Basic Books) - libgen.lc.pdf","23307078","False","excluded","超过本次小文件上限 10 MiB","05/23/2021 14:50:57"
"/物理类/费曼物理学/中英文电子书&习题集/[Volume 3] Richard P. Feynman, Robert B. Leighton, Matthew Sands - The Feynman Lectures on Physics, Vol. III_ The New Millennium Edition_ Quantum Mechanics (2011, Basic Books) - libgen.lc.pdf","/物理类/费曼物理学/中英文电子书&习题集","[Volume 3] Richard P. Feynman, Robert B. Leighton, Matthew Sands - The Feynman Lectures on Physics, Vol. III_ The New Millennium Edition_ Quantum Mechanics (2011, Basic Books) - libgen.lc.pdf","8624501","False","excluded","课本、教材、讲义或课件","05/23/2021 14:50:59"
"/物理类/费曼物理学/中英文电子书&习题集/新千年版：费曼物理学讲义（套装+补编习题集全5册）(1).epub","/物理类/费曼物理学/中英文电子书&习题集","新千年版：费曼物理学讲义（套装+补编习题集全5册）(1).epub","105137365","False","excluded","超过本次小文件上限 10 MiB","09/14/2022 13:07:41"
"/物理类/费曼物理学/中英文电子书&习题集/费恩曼物理学讲义  新千年版 第3卷.pdf","/物理类/费曼物理学/中英文电子书&习题集","费恩曼物理学讲义  新千年版 第3卷.pdf","60306962","False","excluded","超过本次小文件上限 10 MiB","09/19/2023 20:44:04"
"/物理类/费曼物理学/中英文电子书&习题集/费恩曼物理学讲义(第1卷·新千年版·中文版)-[美]费恩曼＆莱顿＆桑兹-上海科学技术出版社-2013.pdf","/物理类/费曼物理学/中英文电子书&习题集","费恩曼物理学讲义(第1卷·新千年版·中文版)-[美]费恩曼＆莱顿＆桑兹-上海科学技术出版社-2013.pdf","45384603","False","excluded","超过本次小文件上限 10 MiB","09/19/2023 20:43:45"
"/物理类/费曼物理学/中英文电子书&习题集/费恩曼物理学讲义(第2卷·新千年版·中文版)-[美]费恩曼＆莱顿＆桑兹-上海科学技术出版社-2013.pdf","/物理类/费曼物理学/中英文电子书&习题集","费恩曼物理学讲义(第2卷·新千年版·中文版)-[美]费恩曼＆莱顿＆桑兹-上海科学技术出版社-2013.pdf","107950922","False","excluded","超过本次小文件上限 10 MiB","09/19/2023 20:44:44"
"/物理类/费曼物理学/中英文电子书&习题集/费恩曼物理学讲义(第3卷【样书】·新千年版·中文版)-[美]费恩曼＆莱顿＆桑兹-上海科学技术出版社-2013.pdf","/物理类/费曼物理学/中英文电子书&习题集","费恩曼物理学讲义(第3卷【样书】·新千年版·中文版)-[美]费恩曼＆莱顿＆桑兹-上海科学技术出版社-2013.pdf","8955781","False","excluded","课本、教材、讲义或课件","09/19/2023 20:43:29"
"/物理类/费曼物理学/学习资料-物理类-费曼物理学-25年秋费曼三课程资料/Dirac_The Principles of Quantum Mechanics.pdf","/物理类/费曼物理学/学习资料-物理类-费曼物理学-25年秋费曼三课程资料","Dirac_The Principles of Quantum Mechanics.pdf","34140059","False","excluded","超过本次小文件上限 10 MiB","09/13/2025 21:08:38"
"/物理类/费曼物理学/学习资料-物理类-费曼物理学-25年秋费曼三课程资料/Exercises for the Feynman Lectures.pdf","/物理类/费曼物理学/学习资料-物理类-费曼物理学-25年秋费曼三课程资料","Exercises for the Feynman Lectures.pdf","19116326","False","excluded","超过本次小文件上限 10 MiB","12/30/2025 17:32:09"
"/物理类/费曼物理学/学习资料-物理类-费曼物理学-25年秋费曼三课程资料/Feynman_Quantum Mechanics and Path Integrals.pdf","/物理类/费曼物理学/学习资料-物理类-费曼物理学-25年秋费曼三课程资料","Feynman_Quantum Mechanics and Path Integrals.pdf","19508100","False","excluded","超过本次小文件上限 10 MiB","09/13/2025 21:08:51"
"/物理类/费曼物理学/学习资料-物理类-费曼物理学-25年秋费曼三课程资料/Feynman_Statistical Mechanics.pdf","/物理类/费曼物理学/学习资料-物理类-费曼物理学-25年秋费曼三课程资料","Feynman_Statistical Mechanics.pdf","6262576","False","included","小型课程资料","09/13/2025 21:08:20"
"/物理类/费曼物理学/学习资料-物理类-费曼物理学-25年秋费曼三课程资料/Griffiths_Introduction to Quantum Mechanics.pdf","/物理类/费曼物理学/学习资料-物理类-费曼物理学-25年秋费曼三课程资料","Griffiths_Introduction to Quantum Mechanics.pdf","4649865","False","included","小型课程资料","09/13/2025 21:08:39"
"/物理类/费曼物理学/学习资料-物理类-费曼物理学-25年秋费曼三课程资料/Quantum Field Theory (Sidney Coleman).pdf","/物理类/费曼物理学/学习资料-物理类-费曼物理学-25年秋费曼三课程资料","Quantum Field Theory (Sidney Coleman).pdf","63994918","False","excluded","超过本次小文件上限 10 MiB","09/13/2025 21:08:52"
"/物理类/费曼物理学/学习资料-物理类-费曼物理学-25年秋费曼三课程资料/Sakurai_Modern Quantum Mechanics.pdf","/物理类/费曼物理学/学习资料-物理类-费曼物理学-25年秋费曼三课程资料","Sakurai_Modern Quantum Mechanics.pdf","6783380","False","included","小型课程资料","09/13/2025 21:08:48"
"/物理类/费曼物理学/学习资料-物理类-费曼物理学-25年秋费曼三课程资料/Schwartz_Quantum Field Theory and the Standard Model.pdf","/物理类/费曼物理学/学习资料-物理类-费曼物理学-25年秋费曼三课程资料","Schwartz_Quantum Field Theory and the Standard Model.pdf","9825407","False","included","小型课程资料","09/13/2025 21:08:23"
"/物理类/费曼物理学/学习资料-物理类-费曼物理学-25年秋费曼三课程资料/The Feynman Lectures on Physics (III).pdf","/物理类/费曼物理学/学习资料-物理类-费曼物理学-25年秋费曼三课程资料","The Feynman Lectures on Physics (III).pdf","8624501","False","included","小型课程资料","09/13/2025 21:08:14"
"/物理类/费曼物理学/学习资料-物理类-费曼物理学-25年秋费曼三课程资料/Weinberg_Foundations of Modern Physics.pdf","/物理类/费曼物理学/学习资料-物理类-费曼物理学-25年秋费曼三课程资料","Weinberg_Foundations of Modern Physics.pdf","8044137","False","included","小型课程资料","09/13/2025 21:08:21"
"/物理类/费曼物理学/学习资料-物理类-费曼物理学-25年秋费曼三课程资料/Weinberg_Lectures on Quantum Mechanics.pdf","/物理类/费曼物理学/学习资料-物理类-费曼物理学-25年秋费曼三课程资料","Weinberg_Lectures on Quantum Mechanics.pdf","1842267","False","included","小型课程资料","09/13/2025 21:08:48"
"/物理类/费曼物理学/学习资料-物理类-费曼物理学-25年秋费曼三课程资料/参考书目.pdf","/物理类/费曼物理学/学习资料-物理类-费曼物理学-25年秋费曼三课程资料","参考书目.pdf","93973","False","included","小型课程资料","09/13/2025 21:07:50"
"/物理类/费曼物理学/学习资料-物理类-费曼物理学-25年秋费曼三课程资料/教学计划进度.pdf","/物理类/费曼物理学/学习资料-物理类-费曼物理学-25年秋费曼三课程资料","教学计划进度.pdf","63971","False","included","小型课程资料","09/13/2025 21:08:48"
"/物理类/费曼物理学/学习资料-物理类-费曼物理学-25年秋费曼三课程资料/期中样题.pdf","/物理类/费曼物理学/学习资料-物理类-费曼物理学-25年秋费曼三课程资料","期中样题.pdf","388239","False","included","小型课程资料","09/13/2025 21:08:52"
"/物理类/费曼物理学/学习资料-物理类-费曼物理学-25年秋费曼三课程资料/期末样题.pdf","/物理类/费曼物理学/学习资料-物理类-费曼物理学-25年秋费曼三课程资料","期末样题.pdf","148396","False","included","小型课程资料","09/13/2025 21:08:48"
"/物理类/费曼物理学/学习资料-物理类-费曼物理学-25年秋费曼三课程资料/费曼三札记（复习用）.pdf","/物理类/费曼物理学/学习资料-物理类-费曼物理学-25年秋费曼三课程资料","费曼三札记（复习用）.pdf","6226715","False","included","小型课程资料","11/26/2025 12:03:47"
"/物理类/费曼物理学/学习资料-物理类-费曼物理学-25年秋费曼三课程资料/费曼物理学讲义第三卷(新千年版).pdf","/物理类/费曼物理学/学习资料-物理类-费曼物理学-25年秋费曼三课程资料","费曼物理学讲义第三卷(新千年版).pdf","60306962","False","excluded","超过本次小文件上限 10 MiB","09/13/2025 21:08:11"
"/物理类/费曼物理学/往年试题/费曼2 2022期中.pdf","/物理类/费曼物理学/往年试题","费曼2 2022期中.pdf","166937","False","included","小型课程资料","05/26/2022 22:43:57"
"/物理类/费曼物理学/往年试题/费曼2 2022期末.pdf","/物理类/费曼物理学/往年试题","费曼2 2022期末.pdf","214542","False","included","小型课程资料","06/18/2022 19:34:28"
"/物理类/量子力学/2022春徐湛期末考试题/1.png","/物理类/量子力学/2022春徐湛期末考试题","1.png","105698","False","included","小型课程资料","06/29/2022 00:59:14"
"/物理类/量子力学/2022春徐湛期末考试题/2.png","/物理类/量子力学/2022春徐湛期末考试题","2.png","222787","False","included","小型课程资料","06/29/2022 00:59:12"
"/物理类/量子力学/2022春徐湛期末考试题/3.png","/物理类/量子力学/2022春徐湛期末考试题","3.png","125804","False","included","小型课程资料","06/29/2022 00:59:14"
"/物理类/量子力学/2022春徐湛期末考试题/4.png","/物理类/量子力学/2022春徐湛期末考试题","4.png","76911","False","included","小型课程资料","06/29/2022 00:59:13"
"/物理类/量子力学/2022春徐湛期末考试题/5.png","/物理类/量子力学/2022春徐湛期末考试题","5.png","148089","False","included","小型课程资料","06/29/2022 00:59:12"
"/物理类/量子力学/2022春徐湛期末考试题/6.png","/物理类/量子力学/2022春徐湛期末考试题","6.png","59640","False","included","小型课程资料","06/29/2022 00:59:13"
"/物理类/量子力学/书籍/Advanced Quantum Mechanics（高等量子力学）, J.J. Sakurai , Addison-Wesley, 1967.djvu","/物理类/量子力学/书籍","Advanced Quantum Mechanics（高等量子力学）, J.J. Sakurai , Addison-Wesley, 1967.djvu","3801948","False","excluded","课本、教材、讲义或课件","09/19/2023 20:52:29"
"/物理类/量子力学/书籍/Advanced Quantum Mechanics（高等量子力学）, J.J. Sakurai , Addison-Wesley, 1967.pdf","/物理类/量子力学/书籍","Advanced Quantum Mechanics（高等量子力学）, J.J. Sakurai , Addison-Wesley, 1967.pdf","13625858","False","excluded","超过本次小文件上限 10 MiB","09/19/2023 20:50:28"
"/物理类/量子力学/书籍/Classical Theory of Gauge Fields（规范场的经典理论）, Valery Rubakov, Princeton, 2002.pdf","/物理类/量子力学/书籍","Classical Theory of Gauge Fields（规范场的经典理论）, Valery Rubakov, Princeton, 2002.pdf","2315557","False","excluded","课本、教材、讲义或课件","09/19/2023 20:55:45"
"/物理类/量子力学/书籍/David J. Griffiths Introduction to Quantum Mechanics_PDOC.pdf","/物理类/量子力学/书籍","David J. Griffiths Introduction to Quantum Mechanics_PDOC.pdf","19997037","False","excluded","超过本次小文件上限 10 MiB","10/26/2021 16:19:47"
"/物理类/量子力学/书籍/Gauge Field Theories, 2ed（规范场论 第2版）, Stefan Pokorski, Cambridge, 2000.pdf","/物理类/量子力学/书籍","Gauge Field Theories, 2ed（规范场论 第2版）, Stefan Pokorski, Cambridge, 2000.pdf","8561203","False","excluded","课本、教材、讲义或课件","09/19/2023 20:54:47"
"/物理类/量子力学/书籍/Gauge Field Theories, 3ed, Enlarged and Improved Edition（规范场论 第2版 扩展改进版）, Paul H.Frampton, Wiley, 2008.pdf","/物理类/量子力学/书籍","Gauge Field Theories, 3ed, Enlarged and Improved Edition（规范场论 第2版 扩展改进版）, Paul H.Frampton, Wiley, 2008.pdf","5608921","False","excluded","课本、教材、讲义或课件","09/19/2023 20:53:19"
"/物理类/量子力学/书籍/Gauge Theory（规范理论）, Ernest S.Abers＆Benjamin W.Lee, North-Holland, 1973.djvu","/物理类/量子力学/书籍","Gauge Theory（规范理论）, Ernest S.Abers＆Benjamin W.Lee, North-Holland, 1973.djvu","1666174","False","excluded","课本、教材、讲义或课件","09/19/2023 20:50:09"
"/物理类/量子力学/书籍/GaugeTheory-2.mp4","/物理类/量子力学/书籍","GaugeTheory-2.mp4","342934422","False","excluded","超过本次小文件上限 10 MiB","03/05/2022 17:16:28"
"/物理类/量子力学/书籍/Introduction to Elementary Particles（基本粒子导论）, David J.Griffiths, Wiley, 1987.pdf","/物理类/量子力学/书籍","Introduction to Elementary Particles（基本粒子导论）, David J.Griffiths, Wiley, 1987.pdf","15784572","False","excluded","超过本次小文件上限 10 MiB","09/19/2023 20:54:29"
"/物理类/量子力学/书籍/Introduction to Gauge Field Theory, Revised（规范场论导论 修订版）, D.Bailin＆A.Love, IoPP, 1993.pdf","/物理类/量子力学/书籍","Introduction to Gauge Field Theory, Revised（规范场论导论 修订版）, D.Bailin＆A.Love, IoPP, 1993.pdf","22705158","False","excluded","超过本次小文件上限 10 MiB","09/19/2023 20:52:40"
"/物理类/量子力学/书籍/Introduction to quantum mechanics 2nd ed. - Solutions by Griffiths D.J. (z-lib.org).pdf","/物理类/量子力学/书籍","Introduction to quantum mechanics 2nd ed. - Solutions by Griffiths D.J. (z-lib.org).pdf","2887840","False","excluded","课本、教材、讲义或课件","10/26/2021 16:10:20"
"/物理类/量子力学/书籍/Introduction to Quantum Mechanics, 2nd edition - Griffiths.pdf","/物理类/量子力学/书籍","Introduction to Quantum Mechanics, 2nd edition - Griffiths.pdf","3209933","False","excluded","课本、教材、讲义或课件","10/26/2021 16:10:22"
"/物理类/量子力学/书籍/Lectures on Quantum Mechanics by Steven Weinberg (z-lib.org).pdf","/物理类/量子力学/书籍","Lectures on Quantum Mechanics by Steven Weinberg (z-lib.org).pdf","5492627","False","excluded","课本、教材、讲义或课件","09/19/2023 20:52:23"
"/物理类/量子力学/书籍/Modern Quantum Mechanics（现代量子力学·修订版）, J.J. Sakurai , Addison-Wesley, 1994.djvu","/物理类/量子力学/书籍","Modern Quantum Mechanics（现代量子力学·修订版）, J.J. Sakurai , Addison-Wesley, 1994.djvu","7158047","False","excluded","课本、教材、讲义或课件","09/19/2023 20:53:28"
"/物理类/量子力学/书籍/Modern Quantum Mechanics（现代量子力学·修订版）, J.J. Sakurai , Addison-Wesley, 1994.pdf","/物理类/量子力学/书籍","Modern Quantum Mechanics（现代量子力学·修订版）, J.J. Sakurai , Addison-Wesley, 1994.pdf","46907444","False","excluded","超过本次小文件上限 10 MiB","09/19/2023 20:50:06"
"/物理类/量子力学/书籍/Modern Quantum Mechanics（现代量子力学·修订版）, J.J. Sakurai [习题和答案].pdf","/物理类/量子力学/书籍","Modern Quantum Mechanics（现代量子力学·修订版）, J.J. Sakurai [习题和答案].pdf","3411895","False","excluded","课本、教材、讲义或课件","09/19/2023 20:52:08"
"/物理类/量子力学/书籍/Principles of Quantum Mechanics, 2ed（量子力学原理 第2版）, R.Shankar, Plenum, 1994.djvu","/物理类/量子力学/书籍","Principles of Quantum Mechanics, 2ed（量子力学原理 第2版）, R.Shankar, Plenum, 1994.djvu","5780552","False","excluded","课本、教材、讲义或课件","09/19/2023 20:57:00"
"/物理类/量子力学/书籍/Quantum Field Theory（量子场论）, Claude Itzykson ＆ Jean-Bernard Zuber, Mcgraw-Hill, 1980.djvu","/物理类/量子力学/书籍","Quantum Field Theory（量子场论）, Claude Itzykson ＆ Jean-Bernard Zuber, Mcgraw-Hill, 1980.djvu","7950453","False","excluded","课本、教材、讲义或课件","09/19/2023 20:53:34"
"/物理类/量子力学/书籍/Quantum Field Theory（量子场论）, F.Mandl＆G.Shaw, Wiley, 1986.djvu","/物理类/量子力学/书籍","Quantum Field Theory（量子场论）, F.Mandl＆G.Shaw, Wiley, 1986.djvu","2400852","False","excluded","课本、教材、讲义或课件","09/19/2023 20:52:43"
"/物理类/量子力学/书籍/Quantum Field Theory：From Operators to Path Integrals, 2ed, Revised and Enlarged（量子场论：从算子到路径积分 第2版修订增补版）, Kerson Huang(黄克孙), Wiley, 2010.pdf","/物理类/量子力学/书籍","Quantum Field Theory：From Operators to Path Integrals, 2ed, Revised and Enlarged（量子场论：从算子到路径积分 第2版修订增补版）, Kerson Huang(黄克孙), Wiley, 2010.pdf","6038523","False","excluded","课本、教材、讲义或课件","09/19/2023 20:55:30"
"/物理类/量子力学/书籍/Quantum Mechanics and Path Integrals（量子力学与路径积分）, R.P.Feynman＆A.R.Hibbs, McGraw-Hill, 1965.djvu","/物理类/量子力学/书籍","Quantum Mechanics and Path Integrals（量子力学与路径积分）, R.P.Feynman＆A.R.Hibbs, McGraw-Hill, 1965.djvu","8127436","False","excluded","课本、教材、讲义或课件","09/19/2023 20:54:24"
"/物理类/量子力学/书籍/Quantum Mechanics, 3ed（量子力学 第3版）, Eugen Merzbacher, Wiley, 1998.pdf","/物理类/量子力学/书籍","Quantum Mechanics, 3ed（量子力学 第3版）, Eugen Merzbacher, Wiley, 1998.pdf","4480265","False","excluded","课本、教材、讲义或课件","09/19/2023 20:55:59"
"/物理类/量子力学/书籍/Quantum Mechanics, Vol.1（量子力学 第1卷）, Cohen-Tannoudji, Wiley, 1991.djvu","/物理类/量子力学/书籍","Quantum Mechanics, Vol.1（量子力学 第1卷）, Cohen-Tannoudji, Wiley, 1991.djvu","9517925","False","excluded","课本、教材、讲义或课件","09/19/2023 20:55:50"
"/物理类/量子力学/书籍/Quantum Mechanics, Vol.2（量子力学 第2卷）, Cohen-Tannoudji, Wiley, 1991.djvu","/物理类/量子力学/书籍","Quantum Mechanics, Vol.2（量子力学 第2卷）, Cohen-Tannoudji, Wiley, 1991.djvu","7036881","False","excluded","课本、教材、讲义或课件","09/19/2023 20:52:56"
"/物理类/量子力学/书籍/Quantum Physics Workbook for Dummies（傻瓜书系列：量子物理练习册）, Steven Holzner, Wiley, 2010.pdf","/物理类/量子力学/书籍","Quantum Physics Workbook for Dummies（傻瓜书系列：量子物理练习册）, Steven Holzner, Wiley, 2010.pdf","6239063","False","excluded","课本、教材、讲义或课件","09/19/2023 20:53:37"
"/物理类/量子力学/书籍/The Basis of Quantum Chromodynamics（量子色动力学基础）, C.Bender, Springer, 1998.pdf","/物理类/量子力学/书籍","The Basis of Quantum Chromodynamics（量子色动力学基础）, C.Bender, Springer, 1998.pdf","5792330","False","excluded","课本、教材、讲义或课件","09/19/2023 20:50:13"
"/物理类/量子力学/书籍/Topics in Advanced Quantum Mechanics（高等量子力学论题）, Barry R.Holstein, Addison-Wesley, 1992.pdf","/物理类/量子力学/书籍","Topics in Advanced Quantum Mechanics（高等量子力学论题）, Barry R.Holstein, Addison-Wesley, 1992.pdf","23721760","False","excluded","超过本次小文件上限 10 MiB","09/19/2023 20:56:57"
"/物理类/量子力学/书籍/中国科学院研究生院教材-量子场论-周邦融-高等教育出版社-2007.djvu","/物理类/量子力学/书籍","中国科学院研究生院教材-量子场论-周邦融-高等教育出版社-2007.djvu","4874663","False","excluded","课本、教材、讲义或课件","09/19/2023 20:52:32"
"/物理类/量子力学/书籍/同步辐射应用概论-马礼敦＆杨福家-复旦大学出版社-2001.pdf","/物理类/量子力学/书籍","同步辐射应用概论-马礼敦＆杨福家-复旦大学出版社-2001.pdf","49054359","False","excluded","超过本次小文件上限 10 MiB","09/19/2023 20:56:49"
"/物理类/量子力学/书籍/夸克、轻子与规范场(中文版)-[美]黄克孙-1988.pdf","/物理类/量子力学/书籍","夸克、轻子与规范场(中文版)-[美]黄克孙-1988.pdf","9375143","False","excluded","课本、教材、讲义或课件","09/19/2023 20:57:04"
"/物理类/量子力学/书籍/时代教育·国外高校优秀教材精选-量子力学概论(翻译版·原书第2版)-[美]大卫·J·格里菲斯-贾瑜&胡行-机械工业出版社-2009.pdf","/物理类/量子力学/书籍","时代教育·国外高校优秀教材精选-量子力学概论(翻译版·原书第2版)-[美]大卫·J·格里菲斯-贾瑜&胡行-机械工业出版社-2009.pdf","53756184","False","excluded","超过本次小文件上限 10 MiB","09/19/2023 20:54:04"
"/物理类/量子力学/书籍/核色动力学导论-何汉新-中国科学技术大学出版社-2009.djvu","/物理类/量子力学/书籍","核色动力学导论-何汉新-中国科学技术大学出版社-2009.djvu","10232456","False","excluded","课本、教材、讲义或课件","09/19/2023 20:56:09"
"/物理类/量子力学/书籍/现代原子核物理-高等量子力学-马中玉-哈尔滨工程大学出版社-2013.djvu","/物理类/量子力学/书籍","现代原子核物理-高等量子力学-马中玉-哈尔滨工程大学出版社-2013.djvu","35343334","False","excluded","超过本次小文件上限 10 MiB","09/19/2023 20:51:02"
"/物理类/量子力学/书籍/现代原子核物理-高等量子力学-马中玉-哈尔滨工程大学出版社-2013.zip","/物理类/量子力学/书籍","现代原子核物理-高等量子力学-马中玉-哈尔滨工程大学出版社-2013.zip","27124186","False","excluded","超过本次小文件上限 10 MiB","09/19/2023 20:50:41"
"/物理类/量子力学/书籍/现代量子力学教程(第2版·修订版)-陈中轩-原子能出版社-2000.pdf","/物理类/量子力学/书籍","现代量子力学教程(第2版·修订版)-陈中轩-原子能出版社-2000.pdf","4926013","False","excluded","课本、教材、讲义或课件","09/19/2023 20:50:43"
"/物理类/量子力学/书籍/现代量子场论导引-裘忠平-华中师范大学出版社-1992.pdf","/物理类/量子力学/书籍","现代量子场论导引-裘忠平-华中师范大学出版社-1992.pdf","6498836","False","excluded","课本、教材、讲义或课件","09/19/2023 20:55:38"
"/物理类/量子力学/书籍/理论物理教程之三：量子力学-尹鸿钧-中国科技大学出版社-1999.pdf","/物理类/量子力学/书籍","理论物理教程之三：量子力学-尹鸿钧-中国科技大学出版社-1999.pdf","17244971","False","excluded","超过本次小文件上限 10 MiB","09/19/2023 20:54:52"
"/物理类/量子力学/书籍/研究生教学用书-晶格振动光谱学（第2版）-张光寅＆蓝国祥-高等教育出版社-2001.pdf","/物理类/量子力学/书籍","研究生教学用书-晶格振动光谱学（第2版）-张光寅＆蓝国祥-高等教育出版社-2001.pdf","16168064","False","excluded","超过本次小文件上限 10 MiB","09/19/2023 20:55:34"
"/物理类/量子力学/书籍/研究生教学用书-激光光学：光束描述、传输变换与光腔技术物理（第3版）-吕百达-高等教育出版社-2003.pdf","/物理类/量子力学/书籍","研究生教学用书-激光光学：光束描述、传输变换与光腔技术物理（第3版）-吕百达-高等教育出版社-2003.pdf","8673980","False","excluded","课本、教材、讲义或课件","09/19/2023 20:50:46"
"/物理类/量子力学/书籍/研究生教学用书-高等激光物理学（第2版）-李福利-高等教育出版社-2006.djvu","/物理类/量子力学/书籍","研究生教学用书-高等激光物理学（第2版）-李福利-高等教育出版社-2006.djvu","10608289","False","excluded","超过本次小文件上限 10 MiB","09/19/2023 20:48:06"
"/物理类/量子力学/书籍/研究生教学用书-高等激光物理学（第2版）-李福利-高等教育出版社-2006.pdf","/物理类/量子力学/书籍","研究生教学用书-高等激光物理学（第2版）-李福利-高等教育出版社-2006.pdf","47154374","False","excluded","超过本次小文件上限 10 MiB","09/19/2023 20:55:28"
"/物理类/量子力学/书籍/研究生教学用书-高等量子力学(第2版)-倪光炯＆陈苏卿-复旦大学出版社-2004.djvu","/物理类/量子力学/书籍","研究生教学用书-高等量子力学(第2版)-倪光炯＆陈苏卿-复旦大学出版社-2004.djvu","14361494","False","excluded","超过本次小文件上限 10 MiB","09/19/2023 20:53:45"
"/物理类/量子力学/书籍/研究生教学用书-高等量子力学(第2版)-倪光炯＆陈苏卿-复旦大学出版社-2004.pdf","/物理类/量子力学/书籍","研究生教学用书-高等量子力学(第2版)-倪光炯＆陈苏卿-复旦大学出版社-2004.pdf","183077344","False","excluded","超过本次小文件上限 10 MiB","09/19/2023 20:49:26"
"/物理类/量子力学/书籍/研究生教学用书-高等量子力学(第2版)-喀兴林-高等教育出版社-2001.pdf","/物理类/量子力学/书籍","研究生教学用书-高等量子力学(第2版)-喀兴林-高等教育出版社-2001.pdf","19256468","False","excluded","超过本次小文件上限 10 MiB","09/19/2023 20:50:21"
"/物理类/量子力学/书籍/简明量子力学.pdf","/物理类/量子力学/书籍","简明量子力学.pdf","19465719","False","excluded","超过本次小文件上限 10 MiB","09/19/2023 20:52:19"
"/物理类/量子力学/书籍/经典英文物理学教材系列-量子力学原理（第2版）-[美]R.Shankar-世界图书出版公司-2007.pdf","/物理类/量子力学/书籍","经典英文物理学教材系列-量子力学原理（第2版）-[美]R.Shankar-世界图书出版公司-2007.pdf","38555958","False","excluded","超过本次小文件上限 10 MiB","09/19/2023 20:53:17"
"/物理类/量子力学/书籍/规范场论-胡瑶光.pdf","/物理类/量子力学/书籍","规范场论-胡瑶光.pdf","9613304","False","excluded","课本、教材、讲义或课件","09/19/2023 20:52:49"
"/物理类/量子力学/书籍/量子力学(第1卷)-[法]A·梅西亚-科学出版社-1986.pdf","/物理类/量子力学/书籍","量子力学(第1卷)-[法]A·梅西亚-科学出版社-1986.pdf","15864480","False","excluded","超过本次小文件上限 10 MiB","09/19/2023 20:54:33"
"/物理类/量子力学/书籍/量子力学(第2卷)-[法]A·梅西亚-科学出版社-1986.pdf","/物理类/量子力学/书籍","量子力学(第2卷)-[法]A·梅西亚-科学出版社-1986.pdf","18178150","False","excluded","超过本次小文件上限 10 MiB","09/19/2023 20:49:49"
"/物理类/量子力学/书籍/量子力学(第2版)-张永德-科学出版社-2008.djvu","/物理类/量子力学/书籍","量子力学(第2版)-张永德-科学出版社-2008.djvu","10123630","False","excluded","课本、教材、讲义或课件","09/19/2023 20:52:53"
"/物理类/量子力学/书籍/量子力学(第2版)-苏汝铿-高等教育出版社-2002.pdf","/物理类/量子力学/书籍","量子力学(第2版)-苏汝铿-高等教育出版社-2002.pdf","20158006","False","excluded","超过本次小文件上限 10 MiB","09/19/2023 20:54:44"
"/物理类/量子力学/书籍/量子力学(第3版)-汪德新-科学出版社-2008.djvu","/物理类/量子力学/书籍","量子力学(第3版)-汪德新-科学出版社-2008.djvu","7538091","False","excluded","课本、教材、讲义或课件","09/19/2023 20:56:06"
"/物理类/量子力学/书籍/量子力学-[美]E.Fermi.pdf","/物理类/量子力学/书籍","量子力学-[美]E.Fermi.pdf","7336802","False","excluded","课本、教材、讲义或课件","09/19/2023 20:52:12"
"/物理类/量子力学/书籍/量子力学-第二版（苏汝铿）习题解答.zip","/物理类/量子力学/书籍","量子力学-第二版（苏汝铿）习题解答.zip","6696064","False","excluded","压缩包","09/19/2023 20:53:25"
"/物理类/量子力学/书籍/量子力学-苏汝铿-高等教育出版社-1997.pdf","/物理类/量子力学/书籍","量子力学-苏汝铿-高等教育出版社-1997.pdf","15580152","False","excluded","超过本次小文件上限 10 MiB","09/19/2023 20:56:23"
"/物理类/量子力学/书籍/量子力学-钱伯初-高等教育出版社-2005.pdf","/物理类/量子力学/书籍","量子力学-钱伯初-高等教育出版社-2005.pdf","6991968","False","excluded","课本、教材、讲义或课件","09/19/2023 20:53:22"
"/物理类/量子力学/书籍/量子力学与路径积分(中文版)-[美]R·P·费曼-科学出版社-1986.pdf","/物理类/量子力学/书籍","量子力学与路径积分(中文版)-[美]R·P·费曼-科学出版社-1986.pdf","7077731","False","excluded","课本、教材、讲义或课件","09/19/2023 20:54:37"
"/物理类/量子力学/书籍/量子力学习题精选与剖析(第3版)-钱伯初＆曾谨言-科学出版社-2008.pdf","/物理类/量子力学/书籍","量子力学习题精选与剖析(第3版)-钱伯初＆曾谨言-科学出版社-2008.pdf","7828180","False","excluded","课本、教材、讲义或课件","09/19/2023 20:53:40"
"/物理类/量子力学/书籍/量子力学原理(中文版·第4版)-[英]狄拉克-科学出版社-1979.pdf","/物理类/量子力学/书籍","量子力学原理(中文版·第4版)-[英]狄拉克-科学出版社-1979.pdf","10172840","False","excluded","课本、教材、讲义或课件","09/19/2023 20:56:31"
"/物理类/量子力学/书籍/量子力学导论(英文版)-[美]D·J·Griffiths-PrenticeHall出版-1995.pdf","/物理类/量子力学/书籍","量子力学导论(英文版)-[美]D·J·Griffiths-PrenticeHall出版-1995.pdf","13593383","False","excluded","超过本次小文件上限 10 MiB","09/19/2023 20:51:33"
"/物理类/量子力学/书籍/量子力学思考题集-王家庆＆雷世曾-高等教育出版社-1992.pdf","/物理类/量子力学/书籍","量子力学思考题集-王家庆＆雷世曾-高等教育出版社-1992.pdf","10505453","False","excluded","超过本次小文件上限 10 MiB","09/19/2023 20:56:14"
"/物理类/量子力学/书籍/量子力学教程(第2版)-周世勋-高等教育出版社-2008.pdf","/物理类/量子力学/书籍","量子力学教程(第2版)-周世勋-高等教育出版社-2008.pdf","47494948","False","excluded","超过本次小文件上限 10 MiB","09/19/2023 20:48:26"
"/物理类/量子力学/书籍/量子力学教程：课后答案详解-周世勋-高等教育出版社.doc","/物理类/量子力学/书籍","量子力学教程：课后答案详解-周世勋-高等教育出版社.doc","3019776","False","excluded","课本、教材、讲义或课件","09/19/2023 20:55:39"
"/物理类/量子力学/书籍/量子力学概论 翻译版 原书第2版David J.Griffiths.pdf","/物理类/量子力学/书籍","量子力学概论 翻译版 原书第2版David J.Griffiths.pdf","53756184","False","excluded","超过本次小文件上限 10 MiB","09/19/2023 20:51:52"
"/物理类/量子力学/书籍/量子力学概论.pdf","/物理类/量子力学/书籍","量子力学概论.pdf","9769202","False","excluded","课本、教材、讲义或课件","09/19/2023 20:55:43"
"/物理类/量子力学/书籍/量子力学讲义-季燕江-2004.pdf","/物理类/量子力学/书籍","量子力学讲义-季燕江-2004.pdf","5005582","False","excluded","课本、教材、讲义或课件","09/19/2023 20:50:23"
"/物理类/量子力学/书籍/量子力学讲义-张永德-1997.pdf","/物理类/量子力学/书籍","量子力学讲义-张永德-1997.pdf","5019433","False","excluded","课本、教材、讲义或课件","09/19/2023 20:52:26"
"/物理类/量子力学/书籍/量子力学讲座-[美]费曼.pdf","/物理类/量子力学/书籍","量子力学讲座-[美]费曼.pdf","4371748","False","excluded","课本、教材、讲义或课件","09/19/2023 20:52:21"
"/物理类/量子力学/书籍/量子力学：习题解-曾谨言.pdf","/物理类/量子力学/书籍","量子力学：习题解-曾谨言.pdf","5750437","False","excluded","课本、教材、讲义或课件","09/19/2023 20:50:08"
"/物理类/量子力学/书籍/量子力学：详细题解-曾谨言-1983.pdf","/物理类/量子力学/书籍","量子力学：详细题解-曾谨言-1983.pdf","3332462","False","excluded","课本、教材、讲义或课件","09/19/2023 20:50:52"
"/物理类/量子力学/书籍/量子场论(上册)-[法]C.依捷克森＆J.B.祖柏尔-科学出版社.pdf","/物理类/量子力学/书籍","量子场论(上册)-[法]C.依捷克森＆J.B.祖柏尔-科学出版社.pdf","6763999","False","excluded","课本、教材、讲义或课件","09/19/2023 20:54:07"
"/物理类/量子力学/书籍/量子场论(下册)-[法]C.依捷克森＆J.B.祖柏尔-科学出版社-1986.pdf","/物理类/量子力学/书籍","量子场论(下册)-[法]C.依捷克森＆J.B.祖柏尔-科学出版社-1986.pdf","6180582","False","excluded","课本、教材、讲义或课件","09/19/2023 20:51:56"
"/物理类/量子力学/书籍/量子场论-朱洪元-科学出版社-1960.pdf","/物理类/量子力学/书籍","量子场论-朱洪元-科学出版社-1960.pdf","6998326","False","excluded","课本、教材、讲义或课件","09/19/2023 20:54:10"
"/物理类/量子力学/书籍/量子场论-第二部分：规范理论（英文）--南开大学Yi Liao的笔记.pdf","/物理类/量子力学/书籍","量子场论-第二部分：规范理论（英文）--南开大学Yi Liao的笔记.pdf","1020801","False","excluded","课本、教材、讲义或课件","09/19/2023 20:51:58"
"/物理类/量子力学/书籍/量子场论导引(上册)-杨炳麟.pdf","/物理类/量子力学/书籍","量子场论导引(上册)-杨炳麟.pdf","5547151","False","excluded","课本、教材、讲义或课件","09/19/2023 20:56:27"
"/物理类/量子力学/书籍/量子场论导引(下册)-杨炳麟.pdf","/物理类/量子力学/书籍","量子场论导引(下册)-杨炳麟.pdf","11631332","False","excluded","超过本次小文件上限 10 MiB","09/19/2023 20:53:02"
"/物理类/量子力学/书籍/量子场论引论-[英]F.Mandl-程国均(编译)-四川大学出版社-1989.pdf","/物理类/量子力学/书籍","量子场论引论-[英]F.Mandl-程国均(编译)-四川大学出版社-1989.pdf","4371271","False","excluded","课本、教材、讲义或课件","09/19/2023 20:56:25"
"/物理类/量子力学/书籍/量子场论简明教程-乔从丰-2008.pdf","/物理类/量子力学/书籍","量子场论简明教程-乔从丰-2008.pdf","1071624","False","excluded","课本、教材、讲义或课件","09/19/2023 20:54:05"
"/物理类/量子力学/书籍/量子场论纲要-殷鹏程-上海科学技术出版社-1986.pdf","/物理类/量子力学/书籍","量子场论纲要-殷鹏程-上海科学技术出版社-1986.pdf","15099070","False","excluded","超过本次小文件上限 10 MiB","09/19/2023 20:56:04"
"/物理类/量子力学/书籍/量子场论讲义-王青-2005.pdf","/物理类/量子力学/书籍","量子场论讲义-王青-2005.pdf","3396934","False","excluded","课本、教材、讲义或课件","09/19/2023 20:55:46"
"/物理类/量子力学/书籍/量子电动力学讲义-[美]R·P·费曼-张邦固-科学出版社-1985.pdf","/物理类/量子力学/书籍","量子电动力学讲义-[美]R·P·费曼-张邦固-科学出版社-1985.pdf","3706377","False","excluded","课本、教材、讲义或课件","09/19/2023 20:51:28"
"/物理类/量子力学/书籍/量子色动力学理论：简明教程-黄涛.pdf","/物理类/量子力学/书籍","量子色动力学理论：简明教程-黄涛.pdf","2759695","False","excluded","课本、教材、讲义或课件","09/19/2023 20:51:05"
"/物理类/量子力学/书籍/量子规范场论-刘川-2003.pdf","/物理类/量子力学/书籍","量子规范场论-刘川-2003.pdf","3937957","False","excluded","课本、教材、讲义或课件","09/19/2023 20:52:45"
"/物理类/量子力学/书籍/量子规范场论-曹昌祺.pdf","/物理类/量子力学/书籍","量子规范场论-曹昌祺.pdf","12866769","False","excluded","超过本次小文件上限 10 MiB","09/19/2023 20:52:06"
"/物理类/量子力学/书籍/量子规范场论讲义-李重生-2000.pdf","/物理类/量子力学/书籍","量子规范场论讲义-李重生-2000.pdf","1499273","False","excluded","课本、教材、讲义或课件","09/19/2023 20:50:30"
"/物理类/量子力学/书籍/量子规范理论-汪容-中国科技大学出版社-2008.djvu","/物理类/量子力学/书籍","量子规范理论-汪容-中国科技大学出版社-2008.djvu","8412104","False","excluded","课本、教材、讲义或课件","09/19/2023 20:50:50"
"/物理类/量子力学/书籍/量子规范理论-汪容-中国科技大学出版社-2008.pdf","/物理类/量子力学/书籍","量子规范理论-汪容-中国科技大学出版社-2008.pdf","38460978","False","excluded","超过本次小文件上限 10 MiB","09/19/2023 20:49:41"
"/物理类/量子力学/书籍/高等量子力学(上册)-张永德-科学出版社-2009.djvu","/物理类/量子力学/书籍","高等量子力学(上册)-张永德-科学出版社-2009.djvu","6258073","False","excluded","课本、教材、讲义或课件","09/19/2023 20:55:36"
"/物理类/量子力学/书籍/高等量子力学(下册)-张永德-科学出版社-2009.djvu","/物理类/量子力学/书籍","高等量子力学(下册)-张永德-科学出版社-2009.djvu","8052778","False","excluded","课本、教材、讲义或课件","09/19/2023 20:52:02"
"/物理类/量子力学/书籍/高等量子力学-徐在新-华东师范大学出版社-1994.pdf","/物理类/量子力学/书籍","高等量子力学-徐在新-华东师范大学出版社-1994.pdf","23764614","False","excluded","超过本次小文件上限 10 MiB","09/19/2023 20:54:21"
"/物理类/量子力学/书籍/高等量子力学：理论原理-吴兆颜-吉林大学出版社-2008.pdf","/物理类/量子力学/书籍","高等量子力学：理论原理-吴兆颜-吉林大学出版社-2008.pdf","26454625","False","excluded","超过本次小文件上限 10 MiB","09/19/2023 20:55:57"
"/物理类/量子力学/书籍/高等量子论与量子多体理论-王顺金.pdf","/物理类/量子力学/书籍","高等量子论与量子多体理论-王顺金.pdf","5219135","False","excluded","课本、教材、讲义或课件","09/19/2023 20:53:31"
"/物理类/量子力学/固体物理（1）/Introduction to SSD Charles.pdf","/物理类/量子力学/固体物理（1）","Introduction to SSD Charles.pdf","6973947","False","excluded","PDF 未识别为往年题、作业、笔记、总结或课程报告","06/21/2024 22:20:38"
"/物理类/量子力学/固体物理（1）/QM Cohen Tannoudji.pdf","/物理类/量子力学/固体物理（1）","QM Cohen Tannoudji.pdf","33983619","False","excluded","超过本次小文件上限 10 MiB","06/21/2024 22:20:11"
"/物理类/量子力学/量子光学和原子物理/chapt 7B  EIT补充材料.pdf","/物理类/量子力学/量子光学和原子物理","chapt 7B  EIT补充材料.pdf","7724967","False","excluded","PDF 未识别为往年题、作业、笔记、总结或课程报告","06/20/2024 11:09:05"
"/物理类/量子力学/量子光学和原子物理/chapter 3   Quantum distribution theory and partially coherent radiation new j2.pdf","/物理类/量子力学/量子光学和原子物理","chapter 3   Quantum distribution theory and partially coherent radiation new j2.pdf","6256290","False","excluded","PDF 未识别为往年题、作业、笔记、总结或课程报告","06/20/2024 11:09:07"
"/物理类/量子力学/量子光学和原子物理/chapter 4   A  干涉仪、HBT实验、一级干涉的量子理论new2j2.pdf","/物理类/量子力学/量子光学和原子物理","chapter 4   A  干涉仪、HBT实验、一级干涉的量子理论new2j2.pdf","5647514","False","excluded","PDF 未识别为往年题、作业、笔记、总结或课程报告","06/20/2024 11:09:08"
"/物理类/量子力学/量子光学和原子物理/chapter 4 B 二级干涉的量子理论、分束器和双光子干涉、压缩态测量、光子统计和计数new2.pdf","/物理类/量子力学/量子光学和原子物理","chapter 4 B 二级干涉的量子理论、分束器和双光子干涉、压缩态测量、光子统计和计数new2.pdf","10238696","False","excluded","PDF 未识别为往年题、作业、笔记、总结或课程报告","06/20/2024 11:09:10"
"/物理类/量子力学/量子光学和原子物理/chapter 8 part A  density operator and wave function approach 1.pdf","/物理类/量子力学/量子光学和原子物理","chapter 8 part A  density operator and wave function approach 1.pdf","4611428","False","excluded","PDF 未识别为往年题、作业、笔记、总结或课程报告","06/20/2024 11:09:11"
"/物理类/量子力学/量子光学和原子物理/chapter 8 part B    F-P eq. 、quntum jump  and Monte Carlo method.pdf","/物理类/量子力学/量子光学和原子物理","chapter 8 part B    F-P eq. 、quntum jump  and Monte Carlo method.pdf","5536499","False","excluded","PDF 未识别为往年题、作业、笔记、总结或课程报告","06/20/2024 11:09:12"
"/物理类/量子力学/量子光学和原子物理/chapter1 量子光学与原子光学A.pdf","/物理类/量子力学/量子光学和原子物理","chapter1 量子光学与原子光学A.pdf","4535884","False","excluded","PDF 未识别为往年题、作业、笔记、总结或课程报告","06/20/2024 11:09:13"
"/物理类/量子力学/量子光学和原子物理/chapter10(书上chapter17)atomykt.pdf","/物理类/量子力学/量子光学和原子物理","chapter10(书上chapter17)atomykt.pdf","4805570","False","excluded","PDF 未识别为往年题、作业、笔记、总结或课程报告","06/20/2024 11:09:20"
"/物理类/量子力学/量子光学和原子物理/chapter2 相干态和压缩态 Coherent and squeezed states jwlxtj.pdf","/物理类/量子力学/量子光学和原子物理","chapter2 相干态和压缩态 Coherent and squeezed states jwlxtj.pdf","4946707","False","excluded","PDF 未识别为往年题、作业、笔记、总结或课程报告","06/20/2024 11:09:14"
"/物理类/量子力学/量子光学和原子物理/chapter5 量子光学与原子光学E2.pdf","/物理类/量子力学/量子光学和原子物理","chapter5 量子光学与原子光学E2.pdf","9061898","False","excluded","PDF 未识别为往年题、作业、笔记、总结或课程报告","06/20/2024 11:09:15"
"/物理类/量子力学/量子光学和原子物理/chapter6量子光学与原子光学F.pdf","/物理类/量子力学/量子光学和原子物理","chapter6量子光学与原子光学F.pdf","7178721","False","excluded","PDF 未识别为往年题、作业、笔记、总结或课程报告","06/20/2024 11:09:17"
"/物理类/量子力学/量子光学和原子物理/chapter7 A new (CPT,EIT)基础部分1.pdf","/物理类/量子力学/量子光学和原子物理","chapter7 A new (CPT,EIT)基础部分1.pdf","4217637","False","excluded","PDF 未识别为往年题、作业、笔记、总结或课程报告","06/20/2024 11:09:18"
"/物理类/量子力学/量子光学和原子物理/chapter9Heisenberg—Langevinapproach(合)new网络学堂2.pdf","/物理类/量子力学/量子光学和原子物理","chapter9Heisenberg—Langevinapproach(合)new网络学堂2.pdf","7421264","False","excluded","PDF 未识别为往年题、作业、笔记、总结或课程报告","06/20/2024 11:09:19"
"/物理类/量子力学/量子光学和原子物理/量子光学Scully M.O., Zubairy M.S.pdf","/物理类/量子力学/量子光学和原子物理","量子光学Scully M.O., Zubairy M.S.pdf","3206819","False","excluded","PDF 未识别为往年题、作业、笔记、总结或课程报告","06/20/2024 11:09:22"
"/物理类/量子力学/量子光学和原子物理/量子光学前言 2024 课堂j2c.pdf","/物理类/量子力学/量子光学和原子物理","量子光学前言 2024 课堂j2c.pdf","2380133","False","excluded","PDF 未识别为往年题、作业、笔记、总结或课程报告","06/20/2024 11:09:04"
"/物理类/量子力学/量子计算机的原理和架构_刘东/1.容错量子计算-引言.pdf","/物理类/量子力学/量子计算机的原理和架构_刘东","1.容错量子计算-引言.pdf","13673726","False","excluded","超过本次小文件上限 10 MiB","06/04/2024 18:29:22"
"/物理类/量子力学/量子计算机的原理和架构_刘东/10.TopologicaI QC-I.pdf","/物理类/量子力学/量子计算机的原理和架构_刘东","10.TopologicaI QC-I.pdf","11588248","False","excluded","超过本次小文件上限 10 MiB","06/04/2024 18:29:29"
"/物理类/量子力学/量子计算机的原理和架构_刘东/11.TopologicaI QC-II.pdf","/物理类/量子力学/量子计算机的原理和架构_刘东","11.TopologicaI QC-II.pdf","10762081","False","excluded","超过本次小文件上限 10 MiB","06/04/2024 18:29:16"
"/物理类/量子力学/量子计算机的原理和架构_刘东/2.量子线路.pdf","/物理类/量子力学/量子计算机的原理和架构_刘东","2.量子线路.pdf","5701133","False","excluded","PDF 未识别为往年题、作业、笔记、总结或课程报告","06/04/2024 18:29:30"
"/物理类/量子力学/量子计算机的原理和架构_刘东/3.量子算法1.pdf","/物理类/量子力学/量子计算机的原理和架构_刘东","3.量子算法1.pdf","5229883","False","excluded","PDF 未识别为往年题、作业、笔记、总结或课程报告","06/04/2024 18:29:14"
"/物理类/量子力学/量子计算机的原理和架构_刘东/4.量子算法2.pdf","/物理类/量子力学/量子计算机的原理和架构_刘东","4.量子算法2.pdf","6238014","False","excluded","PDF 未识别为往年题、作业、笔记、总结或课程报告","06/04/2024 18:29:24"
"/物理类/量子力学/量子计算机的原理和架构_刘东/5.开放量子系统.pdf","/物理类/量子力学/量子计算机的原理和架构_刘东","5.开放量子系统.pdf","5479589","False","excluded","PDF 未识别为往年题、作业、笔记、总结或课程报告","06/04/2024 18:29:26"
"/物理类/量子力学/量子计算机的原理和架构_刘东/6.Theory of QEC.pdf","/物理类/量子力学/量子计算机的原理和架构_刘东","6.Theory of QEC.pdf","3866750","False","excluded","PDF 未识别为往年题、作业、笔记、总结或课程报告","06/04/2024 18:29:19"
"/物理类/量子力学/量子计算机的原理和架构_刘东/7.CSS Code& Stabilizer Formalism.pdf","/物理类/量子力学/量子计算机的原理和架构_刘东","7.CSS Code& Stabilizer Formalism.pdf","1874201","False","excluded","PDF 未识别为往年题、作业、笔记、总结或课程报告","06/04/2024 18:29:19"
"/物理类/量子力学/量子计算机的原理和架构_刘东/8.Fault Tolerant QC.pdf","/物理类/量子力学/量子计算机的原理和架构_刘东","8.Fault Tolerant QC.pdf","4523542","False","excluded","PDF 未识别为往年题、作业、笔记、总结或课程报告","06/04/2024 18:29:23"
"/物理类/量子力学/量子计算机的原理和架构_刘东/9.Fault Tolerant QC-II-2.pdf","/物理类/量子力学/量子计算机的原理和架构_刘东","9.Fault Tolerant QC-II-2.pdf","4643847","False","excluded","PDF 未识别为往年题、作业、笔记、总结或课程报告","06/04/2024 18:29:18"
"/物理类/量子力学/量子计算机科学 段路明/Chappter-1-typed.pdf","/物理类/量子力学/量子计算机科学 段路明","Chappter-1-typed.pdf","314238","False","excluded","PDF 未识别为往年题、作业、笔记、总结或课程报告","06/04/2024 11:06:37"
"/物理类/量子力学/量子计算机科学 段路明/Chappter-2-typed.pdf","/物理类/量子力学/量子计算机科学 段路明","Chappter-2-typed.pdf","579641","False","excluded","PDF 未识别为往年题、作业、笔记、总结或课程报告","06/04/2024 11:06:39"
"/物理类/量子力学/量子计算机科学 段路明/Chapter-3-typed.pdf","/物理类/量子力学/量子计算机科学 段路明","Chapter-3-typed.pdf","485448","False","excluded","PDF 未识别为往年题、作业、笔记、总结或课程报告","06/04/2024 11:06:38"
"/物理类/量子力学/量子计算机科学 段路明/Chapter-4-typed.pdf","/物理类/量子力学/量子计算机科学 段路明","Chapter-4-typed.pdf","739749","False","excluded","PDF 未识别为往年题、作业、笔记、总结或课程报告","06/04/2024 11:06:39"
"/物理类/量子力学/量子计算机科学 段路明/chapter-5-typed.pdf","/物理类/量子力学/量子计算机科学 段路明","chapter-5-typed.pdf","424216","False","excluded","PDF 未识别为往年题、作业、笔记、总结或课程报告","06/04/2024 11:06:38"
"/物理类/量子力学/量子计算机科学 段路明/chapter-6-typed.pdf","/物理类/量子力学/量子计算机科学 段路明","chapter-6-typed.pdf","611035","False","excluded","PDF 未识别为往年题、作业、笔记、总结或课程报告","06/04/2024 11:06:38"
"/物理类/量子力学/量子计算机科学 段路明/QCS-2024.pdf","/物理类/量子力学/量子计算机科学 段路明","QCS-2024.pdf","76974","False","excluded","PDF 未识别为往年题、作业、笔记、总结或课程报告","06/04/2024 11:06:38"
"/物理类/量子物理计算方法选讲/paper/Density Matrix Renormalization Group for Dummies.pdf","/物理类/量子物理计算方法选讲/paper","Density Matrix Renormalization Group for Dummies.pdf","451540","False","excluded","PDF 未识别为往年题、作业、笔记、总结或课程报告","03/15/2022 18:31:21"
"/物理类/量子物理计算方法选讲/paper/DMRGforDummies.pdf","/物理类/量子物理计算方法选讲/paper","DMRGforDummies.pdf","451540","False","excluded","PDF 未识别为往年题、作业、笔记、总结或课程报告","03/15/2022 18:31:21"
"/物理类/量子物理计算方法选讲/paper/Lin, Exact diagonalization of quantum-spin models.pdf","/物理类/量子物理计算方法选讲/paper","Lin, Exact diagonalization of quantum-spin models.pdf","369329","False","excluded","PDF 未识别为往年题、作业、笔记、总结或课程报告","03/15/2022 18:31:22"
"/物理类/量子物理计算方法选讲/paper/Schollwock, The density-matrix renormalization group in the age of matrix product states.pdf","/物理类/量子物理计算方法选讲/paper","Schollwock, The density-matrix renormalization group in the age of matrix product states.pdf","2292221","False","excluded","PDF 未识别为往年题、作业、笔记、总结或课程报告","03/15/2022 18:31:23"
"/物理类/量子物理计算方法选讲/paper/simple-dmrg-master.zip","/物理类/量子物理计算方法选讲/paper","simple-dmrg-master.zip","43452","False","excluded","压缩包","03/15/2022 18:31:42"
"/物理类/量子物理计算方法选讲/paper/Turner 等。 - 2018 - Weak ergodicity breaking from quantum many-body sc.pdf","/物理类/量子物理计算方法选讲/paper","Turner 等。 - 2018 - Weak ergodicity breaking from quantum many-body sc.pdf","710751","False","excluded","PDF 未识别为往年题、作业、笔记、总结或课程报告","03/15/2022 18:31:43"
"/物理类/量子物理计算方法选讲/参考书/2008_Book_ComputationalMany-ParticlePhys.pdf","/物理类/量子物理计算方法选讲/参考书","2008_Book_ComputationalMany-ParticlePhys.pdf","21020565","False","excluded","超过本次小文件上限 10 MiB","03/15/2022 18:31:13"
"/物理类/量子物理计算方法选讲/参考书/2013_Book_StronglyCorrelatedSystems_Numerical Methods.pdf","/物理类/量子物理计算方法选讲/参考书","2013_Book_StronglyCorrelatedSystems_Numerical Methods.pdf","8890496","False","excluded","PDF 未识别为往年题、作业、笔记、总结或课程报告","03/15/2022 18:31:16"
"/物理类/量子物理计算方法选讲/参考书/Rashid, Make your own neural network.pdf","/物理类/量子物理计算方法选讲/参考书","Rashid, Make your own neural network.pdf","9678645","False","excluded","PDF 未识别为往年题、作业、笔记、总结或课程报告","03/15/2022 18:31:18"
"/物理类/量子物理计算方法选讲/参考书/Sandvik, Computational Studies of Quantum Spin Systems.pdf","/物理类/量子物理计算方法选讲/参考书","Sandvik, Computational Studies of Quantum Spin Systems.pdf","2832851","False","excluded","PDF 未识别为往年题、作业、笔记、总结或课程报告","03/15/2022 18:31:20"
"/计算机类/数据结构/THU-DSA-2025F-Notes-CHAPTER/01.算法概论.pdf","/计算机类/数据结构/THU-DSA-2025F-Notes-CHAPTER","01.算法概论.pdf","8151429","False","excluded","PDF 未识别为往年题、作业、笔记、总结或课程报告","06/23/2026 00:01:59"
"/计算机类/数据结构/THU-DSA-2025F-Notes-CHAPTER/02.向量.pdf","/计算机类/数据结构/THU-DSA-2025F-Notes-CHAPTER","02.向量.pdf","6515303","False","excluded","PDF 未识别为往年题、作业、笔记、总结或课程报告","06/23/2026 00:02:00"
"/计算机类/数据结构/THU-DSA-2025F-Notes-CHAPTER/03.列表.pdf","/计算机类/数据结构/THU-DSA-2025F-Notes-CHAPTER","03.列表.pdf","4739937","False","excluded","PDF 未识别为往年题、作业、笔记、总结或课程报告","06/23/2026 00:02:01"
"/计算机类/数据结构/THU-DSA-2025F-Notes-CHAPTER/04.栈与队列.pdf","/计算机类/数据结构/THU-DSA-2025F-Notes-CHAPTER","04.栈与队列.pdf","6338046","False","excluded","PDF 未识别为往年题、作业、笔记、总结或课程报告","06/23/2026 00:02:02"
"/计算机类/数据结构/THU-DSA-2025F-Notes-CHAPTER/05.二叉树.pdf","/计算机类/数据结构/THU-DSA-2025F-Notes-CHAPTER","05.二叉树.pdf","7913342","False","excluded","PDF 未识别为往年题、作业、笔记、总结或课程报告","06/23/2026 00:02:03"
"/计算机类/数据结构/THU-DSA-2025F-Notes-CHAPTER/06.二叉搜索树.pdf","/计算机类/数据结构/THU-DSA-2025F-Notes-CHAPTER","06.二叉搜索树.pdf","3337161","False","excluded","PDF 未识别为往年题、作业、笔记、总结或课程报告","06/23/2026 00:02:03"
"/计算机类/数据结构/THU-DSA-2025F-Notes-CHAPTER/07.搜索树应用.pdf","/计算机类/数据结构/THU-DSA-2025F-Notes-CHAPTER","07.搜索树应用.pdf","3401780","False","excluded","PDF 未识别为往年题、作业、笔记、总结或课程报告","06/23/2026 00:02:04"
"/计算机类/数据结构/THU-DSA-2025F-Notes-CHAPTER/08.高级搜索树.pdf","/计算机类/数据结构/THU-DSA-2025F-Notes-CHAPTER","08.高级搜索树.pdf","9889305","False","excluded","PDF 未识别为往年题、作业、笔记、总结或课程报告","06/23/2026 00:02:05"
"/计算机类/数据结构/THU-DSA-2025F-Notes-CHAPTER/09.词典.pdf","/计算机类/数据结构/THU-DSA-2025F-Notes-CHAPTER","09.词典.pdf","6856084","False","excluded","PDF 未识别为往年题、作业、笔记、总结或课程报告","06/23/2026 00:02:06"
"/计算机类/数据结构/THU-DSA-2025F-Notes-CHAPTER/10.图基础.pdf","/计算机类/数据结构/THU-DSA-2025F-Notes-CHAPTER","10.图基础.pdf","5031667","False","excluded","PDF 未识别为往年题、作业、笔记、总结或课程报告","06/23/2026 00:02:07"
"/计算机类/数据结构/THU-DSA-2025F-Notes-CHAPTER/11.图进阶.pdf","/计算机类/数据结构/THU-DSA-2025F-Notes-CHAPTER","11.图进阶.pdf","6196926","False","excluded","PDF 未识别为往年题、作业、笔记、总结或课程报告","06/23/2026 00:02:08"
"/计算机类/数据结构/THU-DSA-2025F-Notes-CHAPTER/12.优先级队列.pdf","/计算机类/数据结构/THU-DSA-2025F-Notes-CHAPTER","12.优先级队列.pdf","6534284","False","excluded","PDF 未识别为往年题、作业、笔记、总结或课程报告","06/23/2026 00:02:08"
"/计算机类/数据结构/THU-DSA-2025F-Notes-CHAPTER/13.串.pdf","/计算机类/数据结构/THU-DSA-2025F-Notes-CHAPTER","13.串.pdf","6534182","False","excluded","PDF 未识别为往年题、作业、笔记、总结或课程报告","06/23/2026 00:02:09"
"/计算机类/数据结构/THU-DSA-2025F-Notes-CHAPTER/14.排序.pdf","/计算机类/数据结构/THU-DSA-2025F-Notes-CHAPTER","14.排序.pdf","6778997","False","excluded","PDF 未识别为往年题、作业、笔记、总结或课程报告","06/23/2026 00:02:10"
"/计算机类/数据结构/习题集/PS-01.pdf","/计算机类/数据结构/习题集","PS-01.pdf","859649","False","included","小型课程资料","06/23/2026 00:01:06"
"/计算机类/数据结构/习题集/PS-02.pdf","/计算机类/数据结构/习题集","PS-02.pdf","737646","False","included","小型课程资料","06/23/2026 00:01:06"
"/计算机类/数据结构/习题集/PS-03.pdf","/计算机类/数据结构/习题集","PS-03.pdf","578518","False","included","小型课程资料","06/23/2026 00:01:07"
"/计算机类/数据结构/习题集/PS-04.pdf","/计算机类/数据结构/习题集","PS-04.pdf","396817","False","included","小型课程资料","06/23/2026 00:01:07"
"/计算机类/数据结构/习题集/PS-05.pdf","/计算机类/数据结构/习题集","PS-05.pdf","617650","False","included","小型课程资料","06/23/2026 00:01:07"
"/计算机类/数据结构/考试/final-CST-Fall2018@190115.pdf","/计算机类/数据结构/考试","final-CST-Fall2018@190115.pdf","1337656","False","included","小型课程资料","06/23/2026 00:03:11"
"/计算机类/数据结构/考试/final-CST-Fall2020@210110.pdf","/计算机类/数据结构/考试","final-CST-Fall2020@210110.pdf","1386157","False","included","小型课程资料","06/23/2026 00:03:12"
"/计算机类/数据结构/考试/midterm-CST-Fall2014@141118.pdf","/计算机类/数据结构/考试","midterm-CST-Fall2014@141118.pdf","592379","False","included","小型课程资料","06/23/2026 00:03:12"
"/计算机类/数据结构/考试/midterm-CST-Fall2019@191107.pdf","/计算机类/数据结构/考试","midterm-CST-Fall2019@191107.pdf","1152984","False","included","小型课程资料","06/23/2026 00:03:12"
"/计算机类/数据结构/考试/sample_final-1.pdf","/计算机类/数据结构/考试","sample_final-1.pdf","600437","False","included","小型课程资料","06/23/2026 00:03:13"
"/计算机类/数据结构/考试/sample_final-2.pdf","/计算机类/数据结构/考试","sample_final-2.pdf","655777","False","included","小型课程资料","06/23/2026 00:03:13"
"/计算机类/数据结构/考试/sample_midterm-1.pdf","/计算机类/数据结构/考试","sample_midterm-1.pdf","343190","False","included","小型课程资料","06/23/2026 00:03:13"
"/计算机类/数据结构/考试/sample_midterm-2.pdf","/计算机类/数据结构/考试","sample_midterm-2.pdf","413402","False","included","小型课程资料","06/23/2026 00:03:13"
"/计算机类/数据结构/考试/期末复习.md","/计算机类/数据结构/考试","期末复习.md","1664","False","included","小型课程资料","06/23/2026 00:03:14"
"/计算机类/离散数学（2）/ppt/ch1（图论概述及基本概念）2026上传 (1).pdf","/计算机类/离散数学（2）/ppt","ch1（图论概述及基本概念）2026上传 (1).pdf","1448868","False","excluded","PDF 未识别为往年题、作业、笔记、总结或课程报告","06/23/2026 00:00:03"
"/计算机类/离散数学（2）/ppt/ch2（道路与回路）（1）2026（上传）.pdf","/计算机类/离散数学（2）/ppt","ch2（道路与回路）（1）2026（上传）.pdf","1167474","False","excluded","PDF 未识别为往年题、作业、笔记、总结或课程报告","06/22/2026 23:59:03"
"/计算机类/离散数学（2）/ppt/ch2（道路与回路）（2）2026上传.pdf","/计算机类/离散数学（2）/ppt","ch2（道路与回路）（2）2026上传.pdf","1595290","False","excluded","PDF 未识别为往年题、作业、笔记、总结或课程报告","06/22/2026 23:59:04"
"/计算机类/离散数学（2）/ppt/ch3（树）(1)2026（上传）.pdf","/计算机类/离散数学（2）/ppt","ch3（树）(1)2026（上传）.pdf","1098392","False","excluded","PDF 未识别为往年题、作业、笔记、总结或课程报告","06/22/2026 23:59:04"
"/计算机类/离散数学（2）/ppt/ch3（树）(2)2026上传.pdf","/计算机类/离散数学（2）/ppt","ch3（树）(2)2026上传.pdf","1101536","False","excluded","PDF 未识别为往年题、作业、笔记、总结或课程报告","06/22/2026 23:59:04"
"/计算机类/离散数学（2）/ppt/ch3（树）(3)2026（上传）.pdf","/计算机类/离散数学（2）/ppt","ch3（树）(3)2026（上传）.pdf","1182852","False","excluded","PDF 未识别为往年题、作业、笔记、总结或课程报告","06/22/2026 23:59:05"
"/计算机类/离散数学（2）/ppt/ch4（平面图与图的着色）（1）2026上传.pdf","/计算机类/离散数学（2）/ppt","ch4（平面图与图的着色）（1）2026上传.pdf","516488","False","excluded","PDF 未识别为往年题、作业、笔记、总结或课程报告","06/22/2026 23:59:05"
"/计算机类/离散数学（2）/ppt/ch4（平面图与图的着色）（2）2026上传.pdf","/计算机类/离散数学（2）/ppt","ch4（平面图与图的着色）（2）2026上传.pdf","1494725","False","excluded","PDF 未识别为往年题、作业、笔记、总结或课程报告","06/22/2026 23:59:05"
"/计算机类/离散数学（2）/ppt/ch5（匹配与网络流）（1）2026上传.pdf","/计算机类/离散数学（2）/ppt","ch5（匹配与网络流）（1）2026上传.pdf","1442457","False","excluded","PDF 未识别为往年题、作业、笔记、总结或课程报告","06/22/2026 23:59:05"
"/计算机类/离散数学（2）/ppt/ch5（匹配与网络流）（2）2026上传.pdf","/计算机类/离散数学（2）/ppt","ch5（匹配与网络流）（2）2026上传.pdf","1272065","False","excluded","PDF 未识别为往年题、作业、笔记、总结或课程报告","06/22/2026 23:59:06"
"/计算机类/离散数学（2）/ppt/ch7（代数结构基本知识-234）2026（上传）.pdf","/计算机类/离散数学（2）/ppt","ch7（代数结构基本知识-234）2026（上传）.pdf","862207","False","excluded","PDF 未识别为往年题、作业、笔记、总结或课程报告","06/23/2026 00:00:04"
"/计算机类/离散数学（2）/ppt/ch7（代数结构基本知识）(1)_上传.pdf","/计算机类/离散数学（2）/ppt","ch7（代数结构基本知识）(1)_上传.pdf","1151003","False","excluded","PDF 未识别为往年题、作业、笔记、总结或课程报告","06/22/2026 23:59:06"
"/计算机类/离散数学（2）/ppt/ch8（群）（1）2026（上传）.pdf","/计算机类/离散数学（2）/ppt","ch8（群）（1）2026（上传）.pdf","970439","False","excluded","PDF 未识别为往年题、作业、笔记、总结或课程报告","06/22/2026 23:59:03"
"/计算机类/离散数学（2）/ppt/ch8（群）（2）2026_上传 (1).pdf","/计算机类/离散数学（2）/ppt","ch8（群）（2）2026_上传 (1).pdf","1652405","False","excluded","PDF 未识别为往年题、作业、笔记、总结或课程报告","06/23/2026 00:00:03"
"/计算机类/离散数学（2）/ppt/ch8（群）（3）_2026上传.pdf","/计算机类/离散数学（2）/ppt","ch8（群）（3）_2026上传.pdf","1434662","False","excluded","PDF 未识别为往年题、作业、笔记、总结或课程报告","06/23/2026 00:00:04"
"/计算机类/离散数学（2）/ppt/离散数学II-课程考核方式及要求2026.pdf","/计算机类/离散数学（2）/ppt","离散数学II-课程考核方式及要求2026.pdf","375383","False","excluded","PDF 未识别为往年题、作业、笔记、总结或课程报告","06/23/2026 00:00:06"
"/计算机类/离散数学（2）/往年题/2025.md","/计算机类/离散数学（2）/往年题","2025.md","2019","False","included","小型课程资料","06/22/2026 23:57:32"
"/计算机类/离散数学（2）/往年题/2026年zxp离散2期末-回忆版.pdf","/计算机类/离散数学（2）/往年题","2026年zxp离散2期末-回忆版.pdf","83283","False","included","小型课程资料","06/22/2026 23:58:00"
"/计算机类/离散数学（2）/往年题/zxp2023-2024春季学期离散数学2期末 (1).pdf","/计算机类/离散数学（2）/往年题","zxp2023-2024春季学期离散数学2期末 (1).pdf","3099429","False","included","小型课程资料","06/22/2026 23:57:43"
"/计算机类/离散数学（2）/往年题/离散2cy期末考试.pdf","/计算机类/离散数学（2）/往年题","离散2cy期末考试.pdf","77145","False","included","小型课程资料","06/22/2026 23:58:19"
"/计算机类/程序设计基础/24年ppt/L01-绪论-V3.pptx","/计算机类/程序设计基础/24年ppt","L01-绪论-V3.pptx","63609251","False","excluded","超过本次小文件上限 10 MiB","07/06/2026 14:51:25"
"/计算机类/程序设计基础/24年ppt/L02-代数思维与计算机解题-V3.pptx","/计算机类/程序设计基础/24年ppt","L02-代数思维与计算机解题-V3.pptx","8177979","False","excluded","PPT/演示文稿","07/06/2026 14:51:17"
"/计算机类/程序设计基础/24年ppt/L03-逻辑思维与计算机解题-V3.pptx","/计算机类/程序设计基础/24年ppt","L03-逻辑思维与计算机解题-V3.pptx","2658563","False","excluded","PPT/演示文稿","07/06/2026 14:51:31"
"/计算机类/程序设计基础/24年ppt/L04-函数思维与计算机解题-V2.pptx","/计算机类/程序设计基础/24年ppt","L04-函数思维与计算机解题-V2.pptx","27927745","False","excluded","超过本次小文件上限 10 MiB","07/06/2026 14:51:28"
"/计算机类/程序设计基础/24年ppt/L05-数据组织与处理(1)-V3.pptx","/计算机类/程序设计基础/24年ppt","L05-数据组织与处理(1)-V3.pptx","9444531","False","excluded","PPT/演示文稿","07/06/2026 14:51:31"
"/计算机类/程序设计基础/24年ppt/L06-数据组织与处理(2)-V4.pptx","/计算机类/程序设计基础/24年ppt","L06-数据组织与处理(2)-V4.pptx","14841093","False","excluded","超过本次小文件上限 10 MiB","07/06/2026 14:51:30"
"/计算机类/程序设计基础/24年ppt/L08-鍑忔不鎬濇兂涓庨€掑綊绠楁硶.pptx","/计算机类/程序设计基础/24年ppt","L08-鍑忔不鎬濇兂涓庨€掑綊绠楁硶.pptx","5864436","False","excluded","PPT/演示文稿","07/06/2026 14:51:33"
"/计算机类/程序设计基础/24年ppt/L09-鍒嗘不鎬濇兂涓庨€掑綊绠楁硶-V2.pptx","/计算机类/程序设计基础/24年ppt","L09-鍒嗘不鎬濇兂涓庨€掑綊绠楁硶-V2.pptx","25811122","False","excluded","超过本次小文件上限 10 MiB","07/06/2026 14:51:36"
"/计算机类/程序设计基础/24年ppt/L10-鏋氫妇鎬濇兂涓庨€掑綊绠楁硶-V4.pptx","/计算机类/程序设计基础/24年ppt","L10-鏋氫妇鎬濇兂涓庨€掑綊绠楁硶-V4.pptx","3419394","False","excluded","PPT/演示文稿","07/06/2026 14:51:36"
"/计算机类/程序设计基础/24年ppt/L11-鍔ㄦ€佽鍒掍笌閫掑綊绠楁硶-V3.pptx","/计算机类/程序设计基础/24年ppt","L11-鍔ㄦ€佽鍒掍笌閫掑綊绠楁硶-V3.pptx","3272137","False","excluded","PPT/演示文稿","07/06/2026 14:51:37"
"/计算机类/程序设计基础/24年ppt/L12-澶氭鍐崇瓥涓庨€掑綊绠楁硶-V3.pptx","/计算机类/程序设计基础/24年ppt","L12-澶氭鍐崇瓥涓庨€掑綊绠楁硶-V3.pptx","4330748","False","excluded","PPT/演示文稿","07/06/2026 14:51:32"
"/计算机类/程序设计基础/往年题/24年秋.pdf","/计算机类/程序设计基础/往年题","24年秋.pdf","119748","False","included","小型课程资料","09/11/2026 15:57:21"
"/计算机类/程序设计基础/往年题/任矩2023秋程设期末(1).pdf","/计算机类/程序设计基础/往年题","任矩2023秋程设期末(1).pdf","4060829","False","included","小型课程资料","09/11/2026 15:45:32"
"/数学类/常微分方程/作业/第10周作业/homework-week-ten.pdf","/数学类/常微分方程/作业/第10周作业","homework-week-ten.pdf","261084","False","included","小型课程资料","11/19/2025 19:33:21"
"/数学类/常微分方程/作业/第10周作业/常微分作业（9）.pdf","/数学类/常微分方程/作业/第10周作业","常微分作业（9）.pdf","96636","False","included","小型课程资料","11/20/2025 10:27:55"
"/数学类/常微分方程/作业/第11周作业/11周作业.pdf","/数学类/常微分方程/作业/第11周作业","11周作业.pdf","445854","False","included","小型课程资料","11/27/2025 16:38:15"
"/数学类/常微分方程/作业/第11周作业/2.2.png","/数学类/常微分方程/作业/第11周作业","2.2.png","388888","False","included","小型课程资料","11/26/2025 16:38:50"
"/数学类/常微分方程/作业/第11周作业/homework-week-11.pdf","/数学类/常微分方程/作业/第11周作业","homework-week-11.pdf","263907","False","included","小型课程资料","11/26/2025 16:38:51"
"/数学类/常微分方程/作业/第12周作业/1.jpg","/数学类/常微分方程/作业/第12周作业","1.jpg","66161","False","included","小型课程资料","12/03/2025 16:09:25"
"/数学类/常微分方程/作业/第12周作业/homework-week-12.pdf","/数学类/常微分方程/作业/第12周作业","homework-week-12.pdf","272977","False","included","小型课程资料","12/03/2025 16:09:25"
"/数学类/常微分方程/作业/第12周作业/常微分作业（12）.pdf","/数学类/常微分方程/作业/第12周作业","常微分作业（12）.pdf","165947","False","included","小型课程资料","12/03/2025 16:09:25"
"/数学类/常微分方程/作业/第13周作业/homework-week-13.pdf","/数学类/常微分方程/作业/第13周作业","homework-week-13.pdf","309836","False","included","小型课程资料","12/10/2025 20:40:31"
"/数学类/常微分方程/作业/第13周作业/常微分作业（13）.pdf","/数学类/常微分方程/作业/第13周作业","常微分作业（13）.pdf","100434","False","included","小型课程资料","12/15/2025 15:00:37"
"/数学类/常微分方程/作业/第13周作业/常微分方程（13）.pdf","/数学类/常微分方程/作业/第13周作业","常微分方程（13）.pdf","99391","False","included","小型课程资料","12/10/2025 20:40:31"
"/数学类/常微分方程/作业/第14周作业/1.2.png","/数学类/常微分方程/作业/第14周作业","1.2.png","106198","False","included","小型课程资料","12/17/2025 15:24:35"
"/数学类/常微分方程/作业/第14周作业/2.2.1.png","/数学类/常微分方程/作业/第14周作业","2.2.1.png","159277","False","included","小型课程资料","12/17/2025 15:24:35"
"/数学类/常微分方程/作业/第14周作业/2.2.2.png","/数学类/常微分方程/作业/第14周作业","2.2.2.png","154684","False","included","小型课程资料","12/17/2025 15:24:35"
"/数学类/常微分方程/作业/第14周作业/2.2.3.png","/数学类/常微分方程/作业/第14周作业","2.2.3.png","78747","False","included","小型课程资料","12/17/2025 15:24:35"
"/数学类/常微分方程/作业/第14周作业/3.2.1.png","/数学类/常微分方程/作业/第14周作业","3.2.1.png","139352","False","included","小型课程资料","12/17/2025 15:24:35"
"/数学类/常微分方程/作业/第14周作业/3.2.2.png","/数学类/常微分方程/作业/第14周作业","3.2.2.png","238871","False","included","小型课程资料","12/17/2025 15:24:35"
"/数学类/常微分方程/作业/第14周作业/3.2.3.png","/数学类/常微分方程/作业/第14周作业","3.2.3.png","148443","False","included","小型课程资料","12/17/2025 15:24:36"
"/数学类/常微分方程/作业/第14周作业/4.2.png","/数学类/常微分方程/作业/第14周作业","4.2.png","289713","False","included","小型课程资料","12/17/2025 15:24:36"
"/数学类/常微分方程/作业/第14周作业/homework-week-14.pdf","/数学类/常微分方程/作业/第14周作业","homework-week-14.pdf","188340","False","included","小型课程资料","12/17/2025 15:24:36"
"/数学类/常微分方程/作业/第14周作业/常微分作业（14）.pdf","/数学类/常微分方程/作业/第14周作业","常微分作业（14）.pdf","1340601","False","included","小型课程资料","12/17/2025 15:24:36"
"/数学类/常微分方程/作业/第15周作业/2.png","/数学类/常微分方程/作业/第15周作业","2.png","291817","False","included","小型课程资料","12/24/2025 19:01:10"
"/数学类/常微分方程/作业/第15周作业/homework-week-15.pdf","/数学类/常微分方程/作业/第15周作业","homework-week-15.pdf","259811","False","included","小型课程资料","12/24/2025 19:01:10"
"/数学类/常微分方程/作业/第15周作业/常微分作业（15）.pdf","/数学类/常微分方程/作业/第15周作业","常微分作业（15）.pdf","371940","False","included","小型课程资料","12/24/2025 19:01:10"
"/数学类/常微分方程/作业/第1周作业/25da543bbcec0dd10a9b460e34c443f1.png","/数学类/常微分方程/作业/第1周作业","25da543bbcec0dd10a9b460e34c443f1.png","121003","False","included","小型课程资料","11/19/2025 19:33:22"
"/数学类/常微分方程/作业/第1周作业/527a42c6765e4a492169139e9ddd7abc.png","/数学类/常微分方程/作业/第1周作业","527a42c6765e4a492169139e9ddd7abc.png","57199","False","included","小型课程资料","11/19/2025 19:33:22"
"/数学类/常微分方程/作业/第1周作业/8c25d1fab3d5ff1e8b7f9bdf7c49e861.png","/数学类/常微分方程/作业/第1周作业","8c25d1fab3d5ff1e8b7f9bdf7c49e861.png","114357","False","included","小型课程资料","11/19/2025 19:33:22"
"/数学类/常微分方程/作业/第1周作业/be390d70a64f1ccf9a13453c5b647728.png","/数学类/常微分方程/作业/第1周作业","be390d70a64f1ccf9a13453c5b647728.png","66858","False","included","小型课程资料","11/19/2025 19:33:22"
"/数学类/常微分方程/作业/第1周作业/homework-week-1.pdf","/数学类/常微分方程/作业/第1周作业","homework-week-1.pdf","253795","False","included","小型课程资料","11/19/2025 19:33:22"
"/数学类/常微分方程/作业/第1周作业/常微分作业（1）-张溢致.pdf","/数学类/常微分方程/作业/第1周作业","常微分作业（1）-张溢致.pdf","725441","False","included","小型课程资料","11/19/2025 19:33:22"
"/数学类/常微分方程/作业/第1周作业/微信图片_20250917155547_152_48.png","/数学类/常微分方程/作业/第1周作业","微信图片_20250917155547_152_48.png","62618","False","included","小型课程资料","11/19/2025 19:33:22"
"/数学类/常微分方程/作业/第1周作业/微信图片_20250917155636_153_48.png","/数学类/常微分方程/作业/第1周作业","微信图片_20250917155636_153_48.png","54312","False","included","小型课程资料","11/19/2025 19:33:22"
"/数学类/常微分方程/作业/第1周作业/微信图片_20250917155715_154_48.png","/数学类/常微分方程/作业/第1周作业","微信图片_20250917155715_154_48.png","60931","False","included","小型课程资料","11/19/2025 19:33:23"
"/数学类/常微分方程/作业/第1周作业/微信图片_20250917155759_155_48.png","/数学类/常微分方程/作业/第1周作业","微信图片_20250917155759_155_48.png","114544","False","included","小型课程资料","11/19/2025 19:33:23"
"/数学类/常微分方程/作业/第1周作业/微信图片_20250917160050_156_48.png","/数学类/常微分方程/作业/第1周作业","微信图片_20250917160050_156_48.png","96704","False","included","小型课程资料","11/19/2025 19:33:23"
"/数学类/常微分方程/作业/第1周作业/微信图片_20250917160229_157_48.png","/数学类/常微分方程/作业/第1周作业","微信图片_20250917160229_157_48.png","50662","False","included","小型课程资料","11/19/2025 19:33:23"
"/数学类/常微分方程/作业/第1周作业/第一次作业-张溢致.pdf","/数学类/常微分方程/作业/第1周作业","第一次作业-张溢致.pdf","659094","False","included","小型课程资料","11/19/2025 19:33:23"
"/数学类/常微分方程/作业/第1周作业/第一次作业.张溢致.pdf","/数学类/常微分方程/作业/第1周作业","第一次作业.张溢致.pdf","665651","False","included","小型课程资料","11/19/2025 19:33:23"
"/数学类/常微分方程/作业/第2周作业/1.png","/数学类/常微分方程/作业/第2周作业","1.png","119158","False","included","小型课程资料","11/19/2025 19:33:23"
"/数学类/常微分方程/作业/第2周作业/2.png","/数学类/常微分方程/作业/第2周作业","2.png","74542","False","included","小型课程资料","11/19/2025 19:33:24"
"/数学类/常微分方程/作业/第2周作业/3.png","/数学类/常微分方程/作业/第2周作业","3.png","51485","False","included","小型课程资料","11/19/2025 19:33:24"
"/数学类/常微分方程/作业/第2周作业/4.png","/数学类/常微分方程/作业/第2周作业","4.png","36350","False","included","小型课程资料","11/19/2025 19:33:24"
"/数学类/常微分方程/作业/第2周作业/5.png","/数学类/常微分方程/作业/第2周作业","5.png","136741","False","included","小型课程资料","11/19/2025 19:33:24"
"/数学类/常微分方程/作业/第2周作业/6.png","/数学类/常微分方程/作业/第2周作业","6.png","162788","False","included","小型课程资料","11/19/2025 19:33:24"
"/数学类/常微分方程/作业/第2周作业/7大于.png","/数学类/常微分方程/作业/第2周作业","7大于.png","61671","False","included","小型课程资料","11/19/2025 19:33:24"
"/数学类/常微分方程/作业/第2周作业/7小于.png","/数学类/常微分方程/作业/第2周作业","7小于.png","97905","False","included","小型课程资料","11/19/2025 19:33:24"
"/数学类/常微分方程/作业/第2周作业/7等于.png","/数学类/常微分方程/作业/第2周作业","7等于.png","33554","False","included","小型课程资料","11/19/2025 19:33:24"
"/数学类/常微分方程/作业/第2周作业/homework-week-2.pdf","/数学类/常微分方程/作业/第2周作业","homework-week-2.pdf","246107","False","included","小型课程资料","11/19/2025 19:33:25"
"/数学类/常微分方程/作业/第2周作业/常微分方程（2）-张溢致 (2).pdf","/数学类/常微分方程/作业/第2周作业","常微分方程（2）-张溢致 (2).pdf","823990","False","included","小型课程资料","11/19/2025 19:33:25"
"/数学类/常微分方程/作业/第2周作业/常微分方程（2）-张溢致.pdf","/数学类/常微分方程/作业/第2周作业","常微分方程（2）-张溢致.pdf","823931","False","included","小型课程资料","11/19/2025 19:33:25"
"/数学类/常微分方程/作业/第4周作业/1.png","/数学类/常微分方程/作业/第4周作业","1.png","77464","False","included","小型课程资料","11/19/2025 19:33:25"
"/数学类/常微分方程/作业/第4周作业/______3_.pdf","/数学类/常微分方程/作业/第4周作业","______3_.pdf","171127","False","included","小型课程资料","11/19/2025 19:33:25"
"/数学类/常微分方程/作业/第4周作业/homework-week-four.pdf","/数学类/常微分方程/作业/第4周作业","homework-week-four.pdf","307048","False","included","小型课程资料","11/19/2025 19:33:25"
"/数学类/常微分方程/作业/第4周作业/第四周作业-张溢致.pdf","/数学类/常微分方程/作业/第4周作业","第四周作业-张溢致.pdf","171119","False","included","小型课程资料","11/19/2025 19:33:26"
"/数学类/常微分方程/作业/第4周作业/第四周作业.pdf","/数学类/常微分方程/作业/第4周作业","第四周作业.pdf","170712","False","included","小型课程资料","11/19/2025 19:33:26"
"/数学类/常微分方程/作业/第5周作业/homework-week-five.pdf","/数学类/常微分方程/作业/第5周作业","homework-week-five.pdf","303195","False","included","小型课程资料","11/19/2025 19:33:26"
"/数学类/常微分方程/作业/第5周作业/常微分作业（4）-张溢致.pdf","/数学类/常微分方程/作业/第5周作业","常微分作业（4）-张溢致.pdf","100635","False","included","小型课程资料","11/19/2025 19:33:26"
"/数学类/常微分方程/作业/第5周作业/常微分作业（4）.pdf","/数学类/常微分方程/作业/第5周作业","常微分作业（4）.pdf","91028","False","included","小型课程资料","11/19/2025 19:33:26"
"/数学类/常微分方程/作业/第5周作业/常微分方程-4.pdf","/数学类/常微分方程/作业/第5周作业","常微分方程-4.pdf","100636","False","included","小型课程资料","11/19/2025 19:33:26"
"/数学类/常微分方程/作业/第6周作业/homework-week-six.pdf","/数学类/常微分方程/作业/第6周作业","homework-week-six.pdf","297262","False","included","小型课程资料","11/19/2025 19:33:26"
"/数学类/常微分方程/作业/第6周作业/常微分作业(5).pdf","/数学类/常微分方程/作业/第6周作业","常微分作业(5).pdf","94068","False","included","小型课程资料","11/19/2025 19:33:26"
"/数学类/常微分方程/作业/第6周作业/常微分作业第6周.pdf","/数学类/常微分方程/作业/第6周作业","常微分作业第6周.pdf","92502","False","included","小型课程资料","11/19/2025 19:33:27"
"/数学类/常微分方程/作业/第7周作业/homework-week-seven.pdf","/数学类/常微分方程/作业/第7周作业","homework-week-seven.pdf","256285","False","included","小型课程资料","11/19/2025 19:33:27"
"/数学类/常微分方程/作业/第7周作业/常微分方程-第7周.pdf","/数学类/常微分方程/作业/第7周作业","常微分方程-第7周.pdf","80556","False","included","小型课程资料","11/19/2025 19:33:27"
"/数学类/常微分方程/作业/第7周作业/常微分方程（6）.pdf","/数学类/常微分方程/作业/第7周作业","常微分方程（6）.pdf","80560","False","included","小型课程资料","11/19/2025 19:33:27"
"/数学类/常微分方程/作业/第8周作业/homework-week-eight.pdf","/数学类/常微分方程/作业/第8周作业","homework-week-eight.pdf","278882","False","included","小型课程资料","11/19/2025 19:33:27"
"/数学类/常微分方程/作业/第8周作业/常微分第八周.pdf","/数学类/常微分方程/作业/第8周作业","常微分第八周.pdf","72168","False","included","小型课程资料","11/19/2025 19:33:27"
"/数学类/常微分方程/作业/第9周作业/homework-week-nine.pdf","/数学类/常微分方程/作业/第9周作业","homework-week-nine.pdf","289836","False","included","小型课程资料","11/19/2025 19:33:28"
"/数学类/常微分方程/作业/第9周作业/常微分作业-第9周.pdf","/数学类/常微分方程/作业/第9周作业","常微分作业-第9周.pdf","90099","False","included","小型课程资料","11/19/2025 19:33:28"
"/数学类/常微分方程/作业/第一次大作业/Problems-one.pdf","/数学类/常微分方程/作业/第一次大作业","Problems-one.pdf","398389","False","included","小型课程资料","11/19/2025 19:33:28"
"/数学类/常微分方程/作业/第一次大作业/常微分大作业（1）.pdf","/数学类/常微分方程/作业/第一次大作业","常微分大作业（1）.pdf","106833","False","included","小型课程资料","11/19/2025 19:33:28"
"/数学类/常微分方程/作业/第二次大作业/Problems-two.pdf","/数学类/常微分方程/作业/第二次大作业","Problems-two.pdf","527836","False","included","小型课程资料","12/02/2025 02:20:03"
"/数学类/常微分方程/作业/第二次大作业/常微分大作业（2）.pdf","/数学类/常微分方程/作业/第二次大作业","常微分大作业（2）.pdf","122783","False","included","小型课程资料","12/02/2025 02:20:04"
"/数学类/数学分析/卢旭光老师/习题/10.1.md","/数学类/数学分析/卢旭光老师/习题","10.1.md","1200","False","included","小型课程资料","07/26/2026 15:54:06"
"/数学类/数学分析/卢旭光老师/习题/10.1.pdf","/数学类/数学分析/卢旭光老师/习题","10.1.pdf","118210","False","included","小型课程资料","07/26/2026 15:54:06"
"/数学类/数学分析/卢旭光老师/习题课2024秋/2024级数学分析(1)第10次习题课.pdf","/数学类/数学分析/卢旭光老师/习题课2024秋","2024级数学分析(1)第10次习题课.pdf","385043","False","included","小型课程资料","07/26/2026 15:54:06"
"/数学类/数学分析/卢旭光老师/习题课2024秋/2024级数学分析(1)第11次习题课.pdf","/数学类/数学分析/卢旭光老师/习题课2024秋","2024级数学分析(1)第11次习题课.pdf","374123","False","included","小型课程资料","07/26/2026 15:54:07"
"/数学类/数学分析/卢旭光老师/习题课2024秋/2024级数学分析(1)第12次习题课.pdf","/数学类/数学分析/卢旭光老师/习题课2024秋","2024级数学分析(1)第12次习题课.pdf","388731","False","included","小型课程资料","07/26/2026 15:54:07"
"/数学类/数学分析/卢旭光老师/习题课2024秋/2024级数学分析(1)第13次习题课.pdf","/数学类/数学分析/卢旭光老师/习题课2024秋","2024级数学分析(1)第13次习题课.pdf","365980","False","included","小型课程资料","07/26/2026 15:54:07"
"/数学类/数学分析/卢旭光老师/习题课2024秋/2024级数学分析(1)第14次习题课.pdf","/数学类/数学分析/卢旭光老师/习题课2024秋","2024级数学分析(1)第14次习题课.pdf","337003","False","included","小型课程资料","07/26/2026 15:54:07"
"/数学类/数学分析/卢旭光老师/习题课2024秋/2024级数学分析(1)第15次习题课.pdf","/数学类/数学分析/卢旭光老师/习题课2024秋","2024级数学分析(1)第15次习题课.pdf","383743","False","included","小型课程资料","07/26/2026 15:54:07"
"/数学类/数学分析/卢旭光老师/习题课2024秋/2024级数学分析(1)第1次习题课.pdf","/数学类/数学分析/卢旭光老师/习题课2024秋","2024级数学分析(1)第1次习题课.pdf","404885","False","included","小型课程资料","07/26/2026 15:54:08"
"/数学类/数学分析/卢旭光老师/习题课2024秋/2024级数学分析(1)第2次习题课.pdf","/数学类/数学分析/卢旭光老师/习题课2024秋","2024级数学分析(1)第2次习题课.pdf","368883","False","included","小型课程资料","07/26/2026 15:54:08"
"/数学类/数学分析/卢旭光老师/习题课2024秋/2024级数学分析(1)第3次习题课.pdf","/数学类/数学分析/卢旭光老师/习题课2024秋","2024级数学分析(1)第3次习题课.pdf","354416","False","included","小型课程资料","07/26/2026 15:54:08"
"/数学类/数学分析/卢旭光老师/习题课2024秋/2024级数学分析(1)第4次习题课.pdf","/数学类/数学分析/卢旭光老师/习题课2024秋","2024级数学分析(1)第4次习题课.pdf","333658","False","included","小型课程资料","07/26/2026 15:54:08"
"/数学类/数学分析/卢旭光老师/习题课2024秋/2024级数学分析(1)第6次习题课.pdf","/数学类/数学分析/卢旭光老师/习题课2024秋","2024级数学分析(1)第6次习题课.pdf","364491","False","included","小型课程资料","07/26/2026 15:54:08"
"/数学类/数学分析/卢旭光老师/习题课2024秋/2024级数学分析(1)第7次习题课.pdf","/数学类/数学分析/卢旭光老师/习题课2024秋","2024级数学分析(1)第7次习题课.pdf","341888","False","included","小型课程资料","07/26/2026 15:54:08"
"/数学类/数学分析/卢旭光老师/习题课2024秋/2024级数学分析(1)第8次习题课.pdf","/数学类/数学分析/卢旭光老师/习题课2024秋","2024级数学分析(1)第8次习题课.pdf","354304","False","included","小型课程资料","07/26/2026 15:54:09"
"/数学类/数学分析/卢旭光老师/习题课2024秋/2024级数学分析(1)第9次习题课.pdf","/数学类/数学分析/卢旭光老师/习题课2024秋","2024级数学分析(1)第9次习题课.pdf","334074","False","included","小型课程资料","07/26/2026 15:54:09"
"/数学类/数学分析/卢旭光老师/习题课2024秋/习题课13.6.pdf","/数学类/数学分析/卢旭光老师/习题课2024秋","习题课13.6.pdf","646207","False","included","小型课程资料","07/26/2026 15:54:09"
"/数学类/数学分析/卢旭光老师/习题课2024秋/前两题.pdf","/数学类/数学分析/卢旭光老师/习题课2024秋","前两题.pdf","2890669","False","included","小型课程资料","07/26/2026 15:54:09"
"/数学类/数学分析/卢旭光老师/习题课2024秋/数学分析问题解答参考.pdf","/数学类/数学分析/卢旭光老师/习题课2024秋","数学分析问题解答参考.pdf","321129","False","included","小型课程资料","07/26/2026 15:54:10"
"/数学类/数学分析/卢旭光老师/习题课2024秋/第11次习题课解答.pdf","/数学类/数学分析/卢旭光老师/习题课2024秋","第11次习题课解答.pdf","567985","False","included","小型课程资料","07/26/2026 15:54:10"
"/数学类/数学分析/卢旭光老师/习题课2024秋/第3次习题课.pdf","/数学类/数学分析/卢旭光老师/习题课2024秋","第3次习题课.pdf","848156","False","included","小型课程资料","07/26/2026 15:54:10"
"/数学类/数学分析/卢旭光老师/习题课2024秋/第4次习题课解答.pdf","/数学类/数学分析/卢旭光老师/习题课2024秋","第4次习题课解答.pdf","523850","False","included","小型课程资料","07/26/2026 15:54:10"
"/数学类/数学分析/卢旭光老师/习题课2024秋/第5次习题课解答.pdf","/数学类/数学分析/卢旭光老师/习题课2024秋","第5次习题课解答.pdf","877434","False","included","小型课程资料","07/26/2026 15:54:10"
"/数学类/数学分析/卢旭光老师/习题课2024秋/第9次习题课解答.pdf","/数学类/数学分析/卢旭光老师/习题课2024秋","第9次习题课解答.pdf","499914","False","included","小型课程资料","07/26/2026 15:54:11"
"/数学类/数学分析/卢旭光老师/习题课2024秋/第一题.pdf","/数学类/数学分析/卢旭光老师/习题课2024秋","第一题.pdf","765474","False","included","小型课程资料","07/26/2026 15:54:11"
"/数学类/数学分析/卢旭光老师/习题课2025春/2024级数学分析(2)第10次习题课.pdf","/数学类/数学分析/卢旭光老师/习题课2025春","2024级数学分析(2)第10次习题课.pdf","400343","False","included","小型课程资料","07/26/2026 15:54:11"
"/数学类/数学分析/卢旭光老师/习题课2025春/2024级数学分析(2)第11次习题课.pdf","/数学类/数学分析/卢旭光老师/习题课2025春","2024级数学分析(2)第11次习题课.pdf","374051","False","included","小型课程资料","07/26/2026 15:54:11"
"/数学类/数学分析/卢旭光老师/习题课2025春/2024级数学分析(2)第12次习题课.pdf","/数学类/数学分析/卢旭光老师/习题课2025春","2024级数学分析(2)第12次习题课.pdf","413382","False","included","小型课程资料","07/26/2026 15:54:12"
"/数学类/数学分析/卢旭光老师/习题课2025春/2024级数学分析(2)第13次习题课 (1).pdf","/数学类/数学分析/卢旭光老师/习题课2025春","2024级数学分析(2)第13次习题课 (1).pdf","379733","False","included","小型课程资料","07/26/2026 15:54:12"
"/数学类/数学分析/卢旭光老师/习题课2025春/2024级数学分析(2)第14次习题课.pdf","/数学类/数学分析/卢旭光老师/习题课2025春","2024级数学分析(2)第14次习题课.pdf","410222","False","included","小型课程资料","07/26/2026 15:54:12"
"/数学类/数学分析/卢旭光老师/习题课2025春/2024级数学分析(2)第15次习题课.pdf","/数学类/数学分析/卢旭光老师/习题课2025春","2024级数学分析(2)第15次习题课.pdf","359479","False","included","小型课程资料","07/26/2026 15:54:12"
"/数学类/数学分析/卢旭光老师/习题课2025春/2024级数学分析(2)第16次习题课.pdf","/数学类/数学分析/卢旭光老师/习题课2025春","2024级数学分析(2)第16次习题课.pdf","372420","False","included","小型课程资料","07/26/2026 15:54:12"
"/数学类/数学分析/卢旭光老师/习题课2025春/2024级数学分析(2)第1次习题课.pdf","/数学类/数学分析/卢旭光老师/习题课2025春","2024级数学分析(2)第1次习题课.pdf","389173","False","included","小型课程资料","07/26/2026 15:54:12"
"/数学类/数学分析/卢旭光老师/习题课2025春/2024级数学分析(2)第2次习题课.pdf","/数学类/数学分析/卢旭光老师/习题课2025春","2024级数学分析(2)第2次习题课.pdf","410126","False","included","小型课程资料","07/26/2026 15:54:13"
"/数学类/数学分析/卢旭光老师/习题课2025春/2024级数学分析(2)第3次习题课.pdf","/数学类/数学分析/卢旭光老师/习题课2025春","2024级数学分析(2)第3次习题课.pdf","370462","False","included","小型课程资料","07/26/2026 15:54:13"
"/数学类/数学分析/卢旭光老师/习题课2025春/2024级数学分析(2)第4次习题课.pdf","/数学类/数学分析/卢旭光老师/习题课2025春","2024级数学分析(2)第4次习题课.pdf","372888","False","included","小型课程资料","07/26/2026 15:54:13"
"/数学类/数学分析/卢旭光老师/习题课2025春/2024级数学分析(2)第5次习题课.pdf","/数学类/数学分析/卢旭光老师/习题课2025春","2024级数学分析(2)第5次习题课.pdf","376722","False","included","小型课程资料","07/26/2026 15:54:13"
"/数学类/数学分析/卢旭光老师/习题课2025春/2024级数学分析(2)第6次习题课.pdf","/数学类/数学分析/卢旭光老师/习题课2025春","2024级数学分析(2)第6次习题课.pdf","392560","False","included","小型课程资料","07/26/2026 15:54:13"
"/数学类/数学分析/卢旭光老师/习题课2025春/2024级数学分析(2)第7次习题课.pdf","/数学类/数学分析/卢旭光老师/习题课2025春","2024级数学分析(2)第7次习题课.pdf","390256","False","included","小型课程资料","07/26/2026 15:54:13"
"/数学类/数学分析/卢旭光老师/习题课2025春/2024级数学分析(2)第8次习题课.pdf","/数学类/数学分析/卢旭光老师/习题课2025春","2024级数学分析(2)第8次习题课.pdf","334525","False","included","小型课程资料","07/26/2026 15:54:14"
"/数学类/数学分析/卢旭光老师/习题课2025春/2024级数学分析(2)第9次习题课.pdf","/数学类/数学分析/卢旭光老师/习题课2025春","2024级数学分析(2)第9次习题课.pdf","419292","False","included","小型课程资料","07/26/2026 15:54:14"
"/数学类/数学分析/卢旭光老师/习题课2025春/第10次习题课解答.pdf","/数学类/数学分析/卢旭光老师/习题课2025春","第10次习题课解答.pdf","571937","False","included","小型课程资料","07/26/2026 15:54:14"
"/数学类/数学分析/卢旭光老师/习题课2025春/第11次习题课解答.pdf","/数学类/数学分析/卢旭光老师/习题课2025春","第11次习题课解答.pdf","565651","False","included","小型课程资料","07/26/2026 15:54:14"
"/数学类/数学分析/卢旭光老师/习题课2025春/第12次习题课解答.pdf","/数学类/数学分析/卢旭光老师/习题课2025春","第12次习题课解答.pdf","661931","False","included","小型课程资料","07/26/2026 15:54:14"
"/数学类/数学分析/卢旭光老师/习题课2025春/第13次习题解答.pdf","/数学类/数学分析/卢旭光老师/习题课2025春","第13次习题解答.pdf","610848","False","included","小型课程资料","07/26/2026 15:54:15"
"/数学类/数学分析/卢旭光老师/习题课2025春/第14次习题课解答.pdf","/数学类/数学分析/卢旭光老师/习题课2025春","第14次习题课解答.pdf","666843","False","included","小型课程资料","07/26/2026 15:54:15"
"/数学类/数学分析/卢旭光老师/习题课2025春/第15次习题课解答.pdf","/数学类/数学分析/卢旭光老师/习题课2025春","第15次习题课解答.pdf","578850","False","included","小型课程资料","07/26/2026 15:54:15"
"/数学类/数学分析/卢旭光老师/习题课2025春/第16次习题课解答.pdf","/数学类/数学分析/卢旭光老师/习题课2025春","第16次习题课解答.pdf","638012","False","included","小型课程资料","07/26/2026 15:54:15"
"/数学类/数学分析/卢旭光老师/习题课2025春/第1次习题课解答.pdf","/数学类/数学分析/卢旭光老师/习题课2025春","第1次习题课解答.pdf","593962","False","included","小型课程资料","07/26/2026 15:54:15"
"/数学类/数学分析/卢旭光老师/习题课2025春/第2次习题课解答.pdf","/数学类/数学分析/卢旭光老师/习题课2025春","第2次习题课解答.pdf","578058","False","included","小型课程资料","07/26/2026 15:54:16"
"/数学类/数学分析/卢旭光老师/习题课2025春/第3次习题课解答.pdf","/数学类/数学分析/卢旭光老师/习题课2025春","第3次习题课解答.pdf","604873","False","included","小型课程资料","07/26/2026 15:54:16"
"/数学类/数学分析/卢旭光老师/习题课2025春/第4次习题课解答.pdf","/数学类/数学分析/卢旭光老师/习题课2025春","第4次习题课解答.pdf","631634","False","included","小型课程资料","07/26/2026 15:54:16"
"/数学类/数学分析/卢旭光老师/习题课2025春/第5次习题课解答.pdf","/数学类/数学分析/卢旭光老师/习题课2025春","第5次习题课解答.pdf","565821","False","included","小型课程资料","07/26/2026 15:54:16"
"/数学类/数学分析/卢旭光老师/习题课2025春/第6次习题课解答.pdf","/数学类/数学分析/卢旭光老师/习题课2025春","第6次习题课解答.pdf","596968","False","included","小型课程资料","07/26/2026 15:54:16"
"/数学类/数学分析/卢旭光老师/习题课2025春/第7次习题课解答.pdf","/数学类/数学分析/卢旭光老师/习题课2025春","第7次习题课解答.pdf","615839","False","included","小型课程资料","07/26/2026 15:54:17"
"/数学类/数学分析/卢旭光老师/习题课2025春/第8次习题课解答.pdf","/数学类/数学分析/卢旭光老师/习题课2025春","第8次习题课解答.pdf","581403","False","included","小型课程资料","07/26/2026 15:54:17"
"/数学类/数学分析/卢旭光老师/习题课2025春/第9次习题课解答 (1).pdf","/数学类/数学分析/卢旭光老师/习题课2025春","第9次习题课解答 (1).pdf","636325","False","included","小型课程资料","07/26/2026 15:54:17"
"/数学类/数学分析/卢旭光老师/习题课2025春/第9次习题课解答.pdf","/数学类/数学分析/卢旭光老师/习题课2025春","第9次习题课解答.pdf","636325","False","included","小型课程资料","07/26/2026 15:54:17"
"/数学类/数学分析/卢旭光老师/习题课2025秋/2024级数学分析(3)第10次习题课.pdf","/数学类/数学分析/卢旭光老师/习题课2025秋","2024级数学分析(3)第10次习题课.pdf","387615","False","included","小型课程资料","07/26/2026 15:54:18"
"/数学类/数学分析/卢旭光老师/习题课2025秋/2024级数学分析(3)第11次习题课.pdf","/数学类/数学分析/卢旭光老师/习题课2025秋","2024级数学分析(3)第11次习题课.pdf","371812","False","included","小型课程资料","07/26/2026 15:54:18"
"/数学类/数学分析/卢旭光老师/习题课2025秋/2024级数学分析(3)第12次习题课.pdf","/数学类/数学分析/卢旭光老师/习题课2025秋","2024级数学分析(3)第12次习题课.pdf","411699","False","included","小型课程资料","07/26/2026 15:54:18"
"/数学类/数学分析/卢旭光老师/习题课2025秋/2024级数学分析(3)第13次习题课.pdf","/数学类/数学分析/卢旭光老师/习题课2025秋","2024级数学分析(3)第13次习题课.pdf","372660","False","included","小型课程资料","07/26/2026 15:54:18"
"/数学类/数学分析/卢旭光老师/习题课2025秋/2024级数学分析(3)第14次习题课.pdf","/数学类/数学分析/卢旭光老师/习题课2025秋","2024级数学分析(3)第14次习题课.pdf","380516","False","included","小型课程资料","07/26/2026 15:54:18"
"/数学类/数学分析/卢旭光老师/习题课2025秋/2024级数学分析(3)第1次习题课.pdf","/数学类/数学分析/卢旭光老师/习题课2025秋","2024级数学分析(3)第1次习题课.pdf","419466","False","included","小型课程资料","07/26/2026 15:54:18"
"/数学类/数学分析/卢旭光老师/习题课2025秋/2024级数学分析(3)第2次习题课.pdf","/数学类/数学分析/卢旭光老师/习题课2025秋","2024级数学分析(3)第2次习题课.pdf","406226","False","included","小型课程资料","07/26/2026 15:54:19"
"/数学类/数学分析/卢旭光老师/习题课2025秋/2024级数学分析(3)第3次习题课.pdf","/数学类/数学分析/卢旭光老师/习题课2025秋","2024级数学分析(3)第3次习题课.pdf","394211","False","included","小型课程资料","07/26/2026 15:54:19"
"/数学类/数学分析/卢旭光老师/习题课2025秋/2024级数学分析(3)第4次习题课.pdf","/数学类/数学分析/卢旭光老师/习题课2025秋","2024级数学分析(3)第4次习题课.pdf","402619","False","included","小型课程资料","07/26/2026 15:54:19"
"/数学类/数学分析/卢旭光老师/习题课2025秋/2024级数学分析(3)第5次习题课.pdf","/数学类/数学分析/卢旭光老师/习题课2025秋","2024级数学分析(3)第5次习题课.pdf","362705","False","included","小型课程资料","07/26/2026 15:54:19"
"/数学类/数学分析/卢旭光老师/习题课2025秋/2024级数学分析(3)第6次习题课.pdf","/数学类/数学分析/卢旭光老师/习题课2025秋","2024级数学分析(3)第6次习题课.pdf","332682","False","included","小型课程资料","07/26/2026 15:54:19"
"/数学类/数学分析/卢旭光老师/习题课2025秋/2024级数学分析(3)第7次习题课.pdf","/数学类/数学分析/卢旭光老师/习题课2025秋","2024级数学分析(3)第7次习题课.pdf","376260","False","included","小型课程资料","07/26/2026 15:54:19"
"/数学类/数学分析/卢旭光老师/习题课2025秋/2024级数学分析(3)第8次习题课.pdf","/数学类/数学分析/卢旭光老师/习题课2025秋","2024级数学分析(3)第8次习题课.pdf","404865","False","included","小型课程资料","07/26/2026 15:54:20"
"/数学类/数学分析/卢旭光老师/习题课2025秋/2024级数学分析(3)第9次习题课.pdf","/数学类/数学分析/卢旭光老师/习题课2025秋","2024级数学分析(3)第9次习题课.pdf","372272","False","included","小型课程资料","07/26/2026 15:54:20"
"/数学类/数学分析/卢旭光老师/习题课2025秋/第10次习题课解答.pdf","/数学类/数学分析/卢旭光老师/习题课2025秋","第10次习题课解答.pdf","686337","False","included","小型课程资料","07/26/2026 15:54:20"
"/数学类/数学分析/卢旭光老师/习题课2025秋/第11次习题课解答.pdf","/数学类/数学分析/卢旭光老师/习题课2025秋","第11次习题课解答.pdf","620462","False","included","小型课程资料","07/26/2026 15:54:20"
"/数学类/数学分析/卢旭光老师/习题课2025秋/第12次习题课解答.pdf","/数学类/数学分析/卢旭光老师/习题课2025秋","第12次习题课解答.pdf","626487","False","included","小型课程资料","07/26/2026 15:54:20"
"/数学类/数学分析/卢旭光老师/习题课2025秋/第13次习题课解答.pdf","/数学类/数学分析/卢旭光老师/习题课2025秋","第13次习题课解答.pdf","601834","False","included","小型课程资料","07/26/2026 15:54:21"
"/数学类/数学分析/卢旭光老师/习题课2025秋/第14次习题课解答.pdf","/数学类/数学分析/卢旭光老师/习题课2025秋","第14次习题课解答.pdf","583660","False","included","小型课程资料","07/26/2026 15:54:21"
"/数学类/数学分析/卢旭光老师/习题课2025秋/第7次习题课解答.pdf","/数学类/数学分析/卢旭光老师/习题课2025秋","第7次习题课解答.pdf","680750","False","included","小型课程资料","07/26/2026 15:54:21"
"/数学类/数学分析/卢旭光老师/习题课2025秋/第8次习题课解答.pdf","/数学类/数学分析/卢旭光老师/习题课2025秋","第8次习题课解答.pdf","685928","False","included","小型课程资料","07/26/2026 15:54:21"
"/数学类/数学分析/卢旭光老师/习题课2025秋/第9次习题课解答.pdf","/数学类/数学分析/卢旭光老师/习题课2025秋","第9次习题课解答.pdf","672609","False","included","小型课程资料","07/26/2026 15:54:21"
"/数学类/数学分析/卢旭光老师/作业/2024级数学分析问题解答参考 (1).pdf","/数学类/数学分析/卢旭光老师/作业","2024级数学分析问题解答参考 (1).pdf","869788","False","included","小型课程资料","07/26/2026 15:54:22"
"/数学类/数学分析/卢旭光老师/作业/2024级数学分析问题解答参考.pdf","/数学类/数学分析/卢旭光老师/作业","2024级数学分析问题解答参考.pdf","721931","False","included","小型课程资料","07/26/2026 15:54:22"
"/数学类/数学分析/卢旭光老师/十三十四作业/README.txt","/数学类/数学分析/卢旭光老师/十三十四作业","README.txt","207","False","included","小型课程资料","07/26/2026 15:54:04"
"/数学类/数学分析/卢旭光老师/十三十四作业/第十三章作业.pdf","/数学类/数学分析/卢旭光老师/十三十四作业","第十三章作业.pdf","4248987","False","included","小型课程资料","07/26/2026 15:54:05"
"/数学类/数学分析/卢旭光老师/十三十四作业/第十四章作业.pdf","/数学类/数学分析/卢旭光老师/十三十四作业","第十四章作业.pdf","9982795","False","included","小型课程资料","07/26/2026 15:54:06"
"/数学类/数学分析/卢旭光老师/小班辅导/数学分析（1）期中小班辅导讲义.pdf","/数学类/数学分析/卢旭光老师/小班辅导","数学分析（1）期中小班辅导讲义.pdf","186262","False","included","小型课程资料","07/26/2026 15:54:22"
"/数学类/数学分析/卢旭光老师/小班辅导/数学分析（1）期中考试练习题.pdf","/数学类/数学分析/卢旭光老师/小班辅导","数学分析（1）期中考试练习题.pdf","67718","False","included","小型课程资料","07/26/2026 15:54:22"
"/数学类/数学分析/卢旭光老师/教材/数学分析 卓里奇 第二卷.pdf","/数学类/数学分析/卢旭光老师/教材","数学分析 卓里奇 第二卷.pdf","22358422","False","excluded","超过本次小文件上限 10 MiB","07/26/2026 15:53:54"
"/数学类/数学分析/卢旭光老师/教材/数学分析(第二卷)(第7版) (B.A.卓里奇) (z-lib.org).pdf","/数学类/数学分析/卢旭光老师/教材","数学分析(第二卷)(第7版) (B.A.卓里奇) (z-lib.org).pdf","30444812","False","excluded","超过本次小文件上限 10 MiB","07/26/2026 15:53:58"
"/数学类/数学分析/卢旭光老师/教材/数学分析讲义(第三册)-陈天权.pdf","/数学类/数学分析/卢旭光老师/教材","数学分析讲义(第三册)-陈天权.pdf","34079067","False","excluded","超过本次小文件上限 10 MiB","07/26/2026 15:54:01"
"/数学类/数学分析/卢旭光老师/考试/2021卢旭光数分3期中-答案.pdf","/数学类/数学分析/卢旭光老师/考试","2021卢旭光数分3期中-答案.pdf","104733","False","included","小型课程资料","07/26/2026 15:54:02"
"/数学类/数学分析/卢旭光老师/考试/2021卢旭光数分3期末-答案.pdf","/数学类/数学分析/卢旭光老师/考试","2021卢旭光数分3期末-答案.pdf","135165","False","included","小型课程资料","07/26/2026 15:54:02"
"/数学类/数学分析/卢旭光老师/考试/2022级数学分析(1)期中试题(卢旭光).pdf","/数学类/数学分析/卢旭光老师/考试","2022级数学分析(1)期中试题(卢旭光).pdf","47438","False","included","小型课程资料","07/26/2026 15:54:02"
"/数学类/数学分析/卢旭光老师/考试/2022级数学分析(2)期中试题和解答参考.pdf","/数学类/数学分析/卢旭光老师/考试","2022级数学分析(2)期中试题和解答参考.pdf","102225","False","included","小型课程资料","07/26/2026 15:54:02"
"/数学类/数学分析/卢旭光老师/考试/2023_卢旭光_数分3_期中.pdf","/数学类/数学分析/卢旭光老师/考试","2023_卢旭光_数分3_期中.pdf","395549","False","included","小型课程资料","07/26/2026 15:54:02"
"/数学类/数学分析/卢旭光老师/考试/2023_卢旭光_数分3_期末.pdf","/数学类/数学分析/卢旭光老师/考试","2023_卢旭光_数分3_期末.pdf","400543","False","included","小型课程资料","07/26/2026 15:54:02"
"/数学类/数学分析/卢旭光老师/考试/2024级数学分析(1) 期末试题A和解答参考.pdf","/数学类/数学分析/卢旭光老师/考试","2024级数学分析(1) 期末试题A和解答参考.pdf","358234","False","included","小型课程资料","07/26/2026 15:54:03"
"/数学类/数学分析/卢旭光老师/考试/2024级数学分析(1)期中单独试题.pdf","/数学类/数学分析/卢旭光老师/考试","2024级数学分析(1)期中单独试题.pdf","387874","False","included","小型课程资料","07/26/2026 15:54:03"
"/数学类/数学分析/卢旭光老师/考试/2024级数学分析(1)期中复习范围.pdf","/数学类/数学分析/卢旭光老师/考试","2024级数学分析(1)期中复习范围.pdf","285546","False","included","小型课程资料","07/26/2026 15:54:03"
"/数学类/数学分析/卢旭光老师/考试/2024级数学分析(1)期中试题解答参考.pdf","/数学类/数学分析/卢旭光老师/考试","2024级数学分析(1)期中试题解答参考.pdf","390343","False","included","小型课程资料","07/26/2026 15:54:03"
"/数学类/数学分析/卢旭光老师/考试/2024级数学分析(1)期末复习范围.pdf","/数学类/数学分析/卢旭光老师/考试","2024级数学分析(1)期末复习范围.pdf","369267","False","included","小型课程资料","07/26/2026 15:54:03"
"/数学类/数学分析/卢旭光老师/考试/2024级数学分析(2)期末复习范围.pdf","/数学类/数学分析/卢旭光老师/考试","2024级数学分析(2)期末复习范围.pdf","354440","False","included","小型课程资料","07/26/2026 15:54:04"
"/数学类/数学分析/卢旭光老师/考试/2024级数学分析(3)期末复习范围.pdf","/数学类/数学分析/卢旭光老师/考试","2024级数学分析(3)期末复习范围.pdf","307730","False","included","小型课程资料","07/26/2026 15:54:04"
"/数学类/数学分析/卢旭光老师/考试/lxg2020数分(1)期中.jpg","/数学类/数学分析/卢旭光老师/考试","lxg2020数分(1)期中.jpg","118482","False","included","小型课程资料","07/26/2026 15:54:04"
"/数学类/数学分析/卢旭光老师/讲义/2024级数学分析教学讲义第一章第二章.pdf","/数学类/数学分析/卢旭光老师/讲义","2024级数学分析教学讲义第一章第二章.pdf","1297955","False","excluded","课本、教材、讲义或课件","07/26/2026 15:53:49"
"/数学类/数学分析/卢旭光老师/讲义/2024级数学分析教学讲义第七章第八章.pdf","/数学类/数学分析/卢旭光老师/讲义","2024级数学分析教学讲义第七章第八章.pdf","1805209","False","excluded","课本、教材、讲义或课件","07/26/2026 15:53:50"
"/数学类/数学分析/卢旭光老师/讲义/2024级数学分析教学讲义第三章第四章.pdf","/数学类/数学分析/卢旭光老师/讲义","2024级数学分析教学讲义第三章第四章.pdf","1252415","False","excluded","课本、教材、讲义或课件","07/26/2026 15:53:50"
"/数学类/数学分析/卢旭光老师/讲义/2024级数学分析教学讲义第九章第十章.pdf","/数学类/数学分析/卢旭光老师/讲义","2024级数学分析教学讲义第九章第十章.pdf","1972507","False","excluded","课本、教材、讲义或课件","07/26/2026 15:53:50"
"/数学类/数学分析/卢旭光老师/讲义/2024级数学分析教学讲义第十一章第十二章.pdf","/数学类/数学分析/卢旭光老师/讲义","2024级数学分析教学讲义第十一章第十二章.pdf","1570391","False","excluded","课本、教材、讲义或课件","07/26/2026 15:53:51"
"/数学类/数学分析/卢旭光老师/讲义/2024级数学分析教学讲义第十三章第十四章.pdf","/数学类/数学分析/卢旭光老师/讲义","2024级数学分析教学讲义第十三章第十四章.pdf","1087728","False","excluded","课本、教材、讲义或课件","07/26/2026 15:53:51"
"/数学类/数学分析/卢旭光老师/讲义/备用2024级数学分析教学讲义第五章第六章.pdf","/数学类/数学分析/卢旭光老师/讲义","备用2024级数学分析教学讲义第五章第六章.pdf","1653394","False","excluded","课本、教材、讲义或课件","07/26/2026 15:53:51"
"/数学类/概率论（1）/概率论25春/lzx概率论往年考题/2011期末.pdf","/数学类/概率论（1）/概率论25春/lzx概率论往年考题","2011期末.pdf","186227","False","included","小型课程资料","03/02/2026 02:13:21"
"/数学类/概率论（1）/概率论25春/lzx概率论往年考题/2012概率论I试题.pdf","/数学类/概率论（1）/概率论25春/lzx概率论往年考题","2012概率论I试题.pdf","78526","False","included","小型课程资料","03/02/2026 02:13:21"
"/数学类/概率论（1）/概率论25春/lzx概率论往年考题/2013期末.pdf","/数学类/概率论（1）/概率论25春/lzx概率论往年考题","2013期末.pdf","77512","False","included","小型课程资料","03/02/2026 02:13:21"
"/数学类/概率论（1）/概率论25春/lzx概率论往年考题/2014期末.pdf","/数学类/概率论（1）/概率论25春/lzx概率论往年考题","2014期末.pdf","250173","False","included","小型课程资料","03/02/2026 02:13:21"
"/数学类/概率论（1）/概率论25春/lzx概率论往年考题/2015年概率论I试题(A)_18290198.pdf","/数学类/概率论（1）/概率论25春/lzx概率论往年考题","2015年概率论I试题(A)_18290198.pdf","227208","False","included","小型课程资料","03/02/2026 02:13:22"
"/数学类/概率论（1）/概率论25春/lzx概率论往年考题/2017概率论（1）试题A_153407560.pdf","/数学类/概率论（1）/概率论25春/lzx概率论往年考题","2017概率论（1）试题A_153407560.pdf","91068","False","included","小型课程资料","03/02/2026 02:13:22"
"/数学类/概率论（1）/概率论25春/lzx概率论往年考题/2018年概率论(I)试题A.pdf","/数学类/概率论（1）/概率论25春/lzx概率论往年考题","2018年概率论(I)试题A.pdf","92152","False","included","小型课程资料","03/02/2026 02:13:22"
"/数学类/概率论（1）/概率论25春/lzx概率论往年考题/2018年考试答案（概率论I）.pdf","/数学类/概率论（1）/概率论25春/lzx概率论往年考题","2018年考试答案（概率论I）.pdf","5635902","False","included","小型课程资料","03/02/2026 02:13:23"
"/数学类/概率论（1）/概率论25春/lzx概率论往年考题/2019年概率论I试题A.pdf","/数学类/概率论（1）/概率论25春/lzx概率论往年考题","2019年概率论I试题A.pdf","88305","False","included","小型课程资料","03/02/2026 02:13:23"
"/数学类/概率论（1）/概率论25春/lzx概率论往年考题/2019年考试答案（概率论I）.pdf","/数学类/概率论（1）/概率论25春/lzx概率论往年考题","2019年考试答案（概率论I）.pdf","6603878","False","included","小型课程资料","03/02/2026 02:13:24"
"/数学类/概率论（1）/概率论25春/lzx概率论往年考题/2020年春概率论(I)A.pdf","/数学类/概率论（1）/概率论25春/lzx概率论往年考题","2020年春概率论(I)A.pdf","101786","False","included","小型课程资料","03/02/2026 02:13:24"
"/数学类/概率论（1）/概率论25春/lzx概率论往年考题/2022年春概率论(I)试题A.pdf","/数学类/概率论（1）/概率论25春/lzx概率论往年考题","2022年春概率论(I)试题A.pdf","264824","False","included","小型课程资料","03/02/2026 02:13:24"
"/数学类/概率论（1）/概率论25春/lzx概率论往年考题/2023年春期中概率论(I)试题(1).pdf","/数学类/概率论（1）/概率论25春/lzx概率论往年考题","2023年春期中概率论(I)试题(1).pdf","223856","False","included","小型课程资料","03/02/2026 02:13:25"
"/数学类/概率论（1）/概率论25春/lzx概率论往年考题/2023年春概率论(I)试题A.pdf","/数学类/概率论（1）/概率论25春/lzx概率论往年考题","2023年春概率论(I)试题A.pdf","269027","False","included","小型课程资料","03/02/2026 02:13:25"
"/数学类/概率论（1）/概率论25春/lzx概率论往年考题/2024年春期中概率论(I)试题.pdf","/数学类/概率论（1）/概率论25春/lzx概率论往年考题","2024年春期中概率论(I)试题.pdf","243287","False","included","小型课程资料","03/02/2026 02:13:25"
"/数学类/概率论（1）/概率论25春/lzx概率论往年考题/Probability-Theory-I-Final-2023-Spring.pdf","/数学类/概率论（1）/概率论25春/lzx概率论往年考题","Probability-Theory-I-Final-2023-Spring.pdf","1584711","False","included","小型课程资料","03/02/2026 02:13:25"
"/数学类/概率论（1）/概率论25春/lzx概率论往年考题/期中考试参考答案.pdf","/数学类/概率论（1）/概率论25春/lzx概率论往年考题","期中考试参考答案.pdf","2562533","False","included","小型课程资料","03/02/2026 02:13:26"
"/物理类/大学物理/1/大物 考题/wltk2-07.pdf","/物理类/大学物理/1/大物 考题","wltk2-07.pdf","1344124","False","included","小型课程资料","03/05/2021 17:14:10"
"/物理类/大学物理/1/大物 考题/WLTK2-08-1.pdf","/物理类/大学物理/1/大物 考题","WLTK2-08-1.pdf","1965624","False","included","小型课程资料","03/05/2021 17:14:10"
"/物理类/大学物理/1/振动之后的/1.doc","/物理类/大学物理/1/振动之后的","1.doc","840192","False","included","小型课程资料","03/05/2021 17:14:11"
"/物理类/大学物理/1/振动之后的/2.doc","/物理类/大学物理/1/振动之后的","2.doc","270848","False","included","小型课程资料","03/05/2021 17:14:11"
"/物理类/大学物理/1/振动之后的/3.doc","/物理类/大学物理/1/振动之后的","3.doc","294400","False","included","小型课程资料","03/05/2021 17:14:11"
"/物理类/大学物理/1/振动之后的/4.doc","/物理类/大学物理/1/振动之后的","4.doc","294400","False","included","小型课程资料","03/05/2021 17:14:12"
"/物理类/大学物理/1/振动之后的/5.doc","/物理类/大学物理/1/振动之后的","5.doc","316928","False","included","小型课程资料","03/05/2021 17:14:12"
"/物理类/大学物理/2/光学、量子/偏振基外.pdf","/物理类/大学物理/2/光学、量子","偏振基外.pdf","191066","False","excluded","PDF 未识别为往年题、作业、笔记、总结或课程报告","03/05/2021 17:14:14"
"/物理类/大学物理/2/光学、量子/偏振基外答案.pdf","/物理类/大学物理/2/光学、量子","偏振基外答案.pdf","178099","False","included","小型课程资料","03/05/2021 17:14:14"
"/物理类/大学物理/2/光学、量子/光的干涉_基外.pdf","/物理类/大学物理/2/光学、量子","光的干涉_基外.pdf","156970","False","excluded","PDF 未识别为往年题、作业、笔记、总结或课程报告","03/05/2021 17:14:14"
"/物理类/大学物理/2/光学、量子/光的干涉_基外_答案.pdf","/物理类/大学物理/2/光学、量子","光的干涉_基外_答案.pdf","163081","False","included","小型课程资料","03/05/2021 17:14:15"
"/物理类/大学物理/2/光学、量子/基外衍射.pdf","/物理类/大学物理/2/光学、量子","基外衍射.pdf","169801","False","excluded","PDF 未识别为往年题、作业、笔记、总结或课程报告","03/05/2021 17:14:15"
"/物理类/大学物理/2/光学、量子/基外衍射_答案.pdf","/物理类/大学物理/2/光学、量子","基外衍射_答案.pdf","240292","False","included","小型课程资料","03/05/2021 17:14:15"
"/物理类/大学物理/2/光学、量子/波动光学偏振上.pdf","/物理类/大学物理/2/光学、量子","波动光学偏振上.pdf","170385","False","excluded","PDF 未识别为往年题、作业、笔记、总结或课程报告","03/05/2021 17:14:16"
"/物理类/大学物理/2/光学、量子/波动光学偏振上答案.pdf","/物理类/大学物理/2/光学、量子","波动光学偏振上答案.pdf","94006","False","included","小型课程资料","03/05/2021 17:14:16"
"/物理类/大学物理/2/光学、量子/波动光学偏振下.pdf","/物理类/大学物理/2/光学、量子","波动光学偏振下.pdf","172979","False","excluded","PDF 未识别为往年题、作业、笔记、总结或课程报告","03/05/2021 17:14:16"
"/物理类/大学物理/2/光学、量子/波动光学偏振下答案.pdf","/物理类/大学物理/2/光学、量子","波动光学偏振下答案.pdf","203963","False","included","小型课程资料","03/05/2021 17:14:16"
"/物理类/大学物理/2/光学、量子/波动光学干涉上.pdf","/物理类/大学物理/2/光学、量子","波动光学干涉上.pdf","172050","False","excluded","PDF 未识别为往年题、作业、笔记、总结或课程报告","03/05/2021 17:14:17"
"/物理类/大学物理/2/光学、量子/波动光学干涉上答案.pdf","/物理类/大学物理/2/光学、量子","波动光学干涉上答案.pdf","91983","False","included","小型课程资料","03/05/2021 17:14:17"
"/物理类/大学物理/2/光学、量子/波动光学干涉下.pdf","/物理类/大学物理/2/光学、量子","波动光学干涉下.pdf","205473","False","excluded","PDF 未识别为往年题、作业、笔记、总结或课程报告","03/05/2021 17:14:17"
"/物理类/大学物理/2/光学、量子/波动光学干涉下答案.pdf","/物理类/大学物理/2/光学、量子","波动光学干涉下答案.pdf","236043","False","included","小型课程资料","03/05/2021 17:14:18"
"/物理类/大学物理/2/光学、量子/波动光学衍射上.pdf","/物理类/大学物理/2/光学、量子","波动光学衍射上.pdf","157842","False","excluded","PDF 未识别为往年题、作业、笔记、总结或课程报告","03/05/2021 17:14:18"
"/物理类/大学物理/2/光学、量子/波动光学衍射上答案.pdf","/物理类/大学物理/2/光学、量子","波动光学衍射上答案.pdf","99352","False","included","小型课程资料","03/05/2021 17:14:18"
"/物理类/大学物理/2/光学、量子/波动光学衍射下.pdf","/物理类/大学物理/2/光学、量子","波动光学衍射下.pdf","164232","False","excluded","PDF 未识别为往年题、作业、笔记、总结或课程报告","03/05/2021 17:14:18"
"/物理类/大学物理/2/光学、量子/波动光学衍射下答案.pdf","/物理类/大学物理/2/光学、量子","波动光学衍射下答案.pdf","207261","False","included","小型课程资料","03/05/2021 17:14:19"
"/物理类/大学物理/2/光学、量子/激光.pdf","/物理类/大学物理/2/光学、量子","激光.pdf","80329","False","excluded","PDF 未识别为往年题、作业、笔记、总结或课程报告","03/05/2021 17:14:19"
"/物理类/大学物理/2/光学、量子/激光答案.pdf","/物理类/大学物理/2/光学、量子","激光答案.pdf","85051","False","included","小型课程资料","03/05/2021 17:14:19"
"/物理类/大学物理/2/光学、量子/量子1.pdf","/物理类/大学物理/2/光学、量子","量子1.pdf","182571","False","excluded","PDF 未识别为往年题、作业、笔记、总结或课程报告","03/05/2021 17:14:19"
"/物理类/大学物理/2/光学、量子/量子1答案.pdf","/物理类/大学物理/2/光学、量子","量子1答案.pdf","159610","False","included","小型课程资料","03/05/2021 17:14:20"
"/物理类/大学物理/2/光学、量子/量子2.pdf","/物理类/大学物理/2/光学、量子","量子2.pdf","143243","False","excluded","PDF 未识别为往年题、作业、笔记、总结或课程报告","03/05/2021 17:14:20"
"/物理类/大学物理/2/光学、量子/量子2答案.pdf","/物理类/大学物理/2/光学、量子","量子2答案.pdf","156734","False","included","小型课程资料","03/05/2021 17:14:20"
"/物理类/大学物理/2/光学、量子/量子3.pdf","/物理类/大学物理/2/光学、量子","量子3.pdf","118585","False","excluded","PDF 未识别为往年题、作业、笔记、总结或课程报告","03/05/2021 17:14:20"
"/物理类/大学物理/2/光学、量子/量子3_答案2.pdf","/物理类/大学物理/2/光学、量子","量子3_答案2.pdf","122647","False","included","小型课程资料","03/05/2021 17:14:21"
"/物理类/大学物理/2/光学、量子/量子3答案.pdf","/物理类/大学物理/2/光学、量子","量子3答案.pdf","122638","False","included","小型课程资料","03/05/2021 17:14:21"
"/物理类/大学物理/2/光学、量子/量子4.pdf","/物理类/大学物理/2/光学、量子","量子4.pdf","99362","False","excluded","PDF 未识别为往年题、作业、笔记、总结或课程报告","03/05/2021 17:14:21"
"/物理类/大学物理/2/光学、量子/量子4答案.pdf","/物理类/大学物理/2/光学、量子","量子4答案.pdf","92059","False","included","小型课程资料","03/05/2021 17:14:21"
"/物理类/大学物理/2/光学、量子/量子5.pdf","/物理类/大学物理/2/光学、量子","量子5.pdf","94590","False","excluded","PDF 未识别为往年题、作业、笔记、总结或课程报告","03/05/2021 17:14:22"
"/物理类/大学物理/2/光学、量子/量子5答案.pdf","/物理类/大学物理/2/光学、量子","量子5答案.pdf","72689","False","included","小型课程资料","03/05/2021 17:14:22"
"/物理类/大学物理/2/光学、量子/量子6.pdf","/物理类/大学物理/2/光学、量子","量子6.pdf","78521","False","excluded","PDF 未识别为往年题、作业、笔记、总结或课程报告","03/05/2021 17:14:22"
"/物理类/大学物理/2/光学、量子/量子6答案.pdf","/物理类/大学物理/2/光学、量子","量子6答案.pdf","73950","False","included","小型课程资料","03/05/2021 17:14:22"
"/物理类/大学物理/2/光学、量子/量子7.pdf","/物理类/大学物理/2/光学、量子","量子7.pdf","74024","False","excluded","PDF 未识别为往年题、作业、笔记、总结或课程报告","03/05/2021 17:14:23"
"/物理类/大学物理/2/光学、量子/量子7答案.pdf","/物理类/大学物理/2/光学、量子","量子7答案.pdf","83322","False","included","小型课程资料","03/05/2021 17:14:23"
"/物理类/大学物理/2/光学、量子/量子基外.pdf","/物理类/大学物理/2/光学、量子","量子基外.pdf","238272","False","excluded","PDF 未识别为往年题、作业、笔记、总结或课程报告","03/05/2021 17:14:23"
"/物理类/大学物理/2/光学、量子/量子基外答案.pdf","/物理类/大学物理/2/光学、量子","量子基外答案.pdf","193489","False","included","小型课程资料","03/05/2021 17:14:23"
"/物理类/大学物理/2/电磁学/%80%8B习题库试题及答案__08_电学习题答案 (1).docx","/物理类/大学物理/2/电磁学","%80%8B习题库试题及答案__08_电学习题答案 (1).docx","391514","False","included","小型课程资料","03/05/2021 17:14:44"
"/物理类/大学物理/2/电磁学/%80%8B习题库试题及答案__08_电学习题答案 (2).docx","/物理类/大学物理/2/电磁学","%80%8B习题库试题及答案__08_电学习题答案 (2).docx","391514","False","included","小型课程资料","03/05/2021 17:16:07"
"/物理类/大学物理/2/电磁学/%80%8B习题库试题及答案__08_电学习题答案.docx","/物理类/大学物理/2/电磁学","%80%8B习题库试题及答案__08_电学习题答案.docx","391514","False","included","小型课程资料","03/05/2021 17:14:24"
"/物理类/大学物理/2/电磁学/%A9理》习题库试题及答案____09_磁学习题 (1).docx","/物理类/大学物理/2/电磁学","%A9理》习题库试题及答案____09_磁学习题 (1).docx","378046","False","included","小型课程资料","03/05/2021 17:14:44"
"/物理类/大学物理/2/电磁学/%A9理》习题库试题及答案____09_磁学习题 (2).docx","/物理类/大学物理/2/电磁学","%A9理》习题库试题及答案____09_磁学习题 (2).docx","378046","False","included","小型课程资料","03/05/2021 17:16:07"
"/物理类/大学物理/2/电磁学/%A9理》习题库试题及答案____09_磁学习题.docx","/物理类/大学物理/2/电磁学","%A9理》习题库试题及答案____09_磁学习题.docx","378046","False","included","小型课程资料","03/05/2021 17:14:24"
"/物理类/大学物理/2/电磁学/电磁学习题集part1 (1).rar","/物理类/大学物理/2/电磁学","电磁学习题集part1 (1).rar","1813870","False","excluded","压缩包","03/05/2021 17:14:45"
"/物理类/大学物理/2/电磁学/电磁学习题集part1 (2).rar","/物理类/大学物理/2/电磁学","电磁学习题集part1 (2).rar","1813870","False","excluded","压缩包","03/05/2021 17:16:07"
"/物理类/大学物理/2/电磁学/电磁学习题集part1.rar","/物理类/大学物理/2/电磁学","电磁学习题集part1.rar","1813870","False","excluded","压缩包","03/05/2021 17:14:25"
"/物理类/大学物理/2/电磁学/电磁学习题集part2 (1).rar","/物理类/大学物理/2/电磁学","电磁学习题集part2 (1).rar","571425","False","excluded","压缩包","03/05/2021 17:14:45"
"/物理类/大学物理/2/电磁学/电磁学习题集part2.rar","/物理类/大学物理/2/电磁学","电磁学习题集part2.rar","571425","False","excluded","压缩包","03/05/2021 17:14:25"
"/物理类/大学物理/2/答案/偏振基外答案 (1).pdf","/物理类/大学物理/2/答案","偏振基外答案 (1).pdf","178099","False","included","小型课程资料","03/05/2021 17:14:45"
"/物理类/大学物理/2/答案/偏振基外答案 (2).pdf","/物理类/大学物理/2/答案","偏振基外答案 (2).pdf","178099","False","included","小型课程资料","03/05/2021 17:16:08"
"/物理类/大学物理/2/答案/偏振基外答案.pdf","/物理类/大学物理/2/答案","偏振基外答案.pdf","178099","False","included","小型课程资料","03/05/2021 17:14:26"
"/物理类/大学物理/2/答案/光的干涉_基外_答案 (1).pdf","/物理类/大学物理/2/答案","光的干涉_基外_答案 (1).pdf","163081","False","included","小型课程资料","03/05/2021 17:14:46"
"/物理类/大学物理/2/答案/光的干涉_基外_答案 (2).pdf","/物理类/大学物理/2/答案","光的干涉_基外_答案 (2).pdf","163081","False","included","小型课程资料","03/05/2021 17:16:08"
"/物理类/大学物理/2/答案/光的干涉_基外_答案.pdf","/物理类/大学物理/2/答案","光的干涉_基外_答案.pdf","163081","False","included","小型课程资料","03/05/2021 17:14:26"
"/物理类/大学物理/2/答案/基外衍射_答案 (1).pdf","/物理类/大学物理/2/答案","基外衍射_答案 (1).pdf","240292","False","included","小型课程资料","03/05/2021 17:14:46"
"/物理类/大学物理/2/答案/基外衍射_答案 (2).pdf","/物理类/大学物理/2/答案","基外衍射_答案 (2).pdf","240292","False","included","小型课程资料","03/05/2021 17:16:08"
"/物理类/大学物理/2/答案/基外衍射_答案.pdf","/物理类/大学物理/2/答案","基外衍射_答案.pdf","240292","False","included","小型课程资料","03/05/2021 17:14:26"
"/物理类/大学物理/2/答案/波动光学偏振上答案 (1).pdf","/物理类/大学物理/2/答案","波动光学偏振上答案 (1).pdf","94006","False","included","小型课程资料","03/05/2021 17:14:46"
"/物理类/大学物理/2/答案/波动光学偏振上答案 (2).pdf","/物理类/大学物理/2/答案","波动光学偏振上答案 (2).pdf","94006","False","included","小型课程资料","03/05/2021 17:16:09"
"/物理类/大学物理/2/答案/波动光学偏振上答案.pdf","/物理类/大学物理/2/答案","波动光学偏振上答案.pdf","94006","False","included","小型课程资料","03/05/2021 17:14:26"
"/物理类/大学物理/2/答案/波动光学偏振下答案 (1).pdf","/物理类/大学物理/2/答案","波动光学偏振下答案 (1).pdf","203963","False","included","小型课程资料","03/05/2021 17:14:46"
"/物理类/大学物理/2/答案/波动光学偏振下答案 (2).pdf","/物理类/大学物理/2/答案","波动光学偏振下答案 (2).pdf","203963","False","included","小型课程资料","03/05/2021 17:16:09"
"/物理类/大学物理/2/答案/波动光学偏振下答案.pdf","/物理类/大学物理/2/答案","波动光学偏振下答案.pdf","203963","False","included","小型课程资料","03/05/2021 17:14:27"
"/物理类/大学物理/2/答案/波动光学干涉上答案 (1).pdf","/物理类/大学物理/2/答案","波动光学干涉上答案 (1).pdf","91983","False","included","小型课程资料","03/05/2021 17:14:46"
"/物理类/大学物理/2/答案/波动光学干涉上答案 (2).pdf","/物理类/大学物理/2/答案","波动光学干涉上答案 (2).pdf","91983","False","included","小型课程资料","03/05/2021 17:16:09"
"/物理类/大学物理/2/答案/波动光学干涉上答案.pdf","/物理类/大学物理/2/答案","波动光学干涉上答案.pdf","91983","False","included","小型课程资料","03/05/2021 17:14:27"
"/物理类/大学物理/2/答案/波动光学干涉下答案 (1).pdf","/物理类/大学物理/2/答案","波动光学干涉下答案 (1).pdf","236043","False","included","小型课程资料","03/05/2021 17:14:47"
"/物理类/大学物理/2/答案/波动光学干涉下答案 (2).pdf","/物理类/大学物理/2/答案","波动光学干涉下答案 (2).pdf","236043","False","included","小型课程资料","03/05/2021 17:16:09"
"/物理类/大学物理/2/答案/波动光学干涉下答案.pdf","/物理类/大学物理/2/答案","波动光学干涉下答案.pdf","236043","False","included","小型课程资料","03/05/2021 17:14:27"
"/物理类/大学物理/2/答案/波动光学衍射上答案 (1).pdf","/物理类/大学物理/2/答案","波动光学衍射上答案 (1).pdf","99352","False","included","小型课程资料","03/05/2021 17:14:47"
"/物理类/大学物理/2/答案/波动光学衍射上答案 (2).pdf","/物理类/大学物理/2/答案","波动光学衍射上答案 (2).pdf","99352","False","included","小型课程资料","03/05/2021 17:16:10"
"/物理类/大学物理/2/答案/波动光学衍射上答案.pdf","/物理类/大学物理/2/答案","波动光学衍射上答案.pdf","99352","False","included","小型课程资料","03/05/2021 17:14:27"
"/物理类/大学物理/2/答案/波动光学衍射下答案 (1).pdf","/物理类/大学物理/2/答案","波动光学衍射下答案 (1).pdf","207261","False","included","小型课程资料","03/05/2021 17:14:47"
"/物理类/大学物理/2/答案/波动光学衍射下答案 (2).pdf","/物理类/大学物理/2/答案","波动光学衍射下答案 (2).pdf","207261","False","included","小型课程资料","03/05/2021 17:16:10"
"/物理类/大学物理/2/答案/波动光学衍射下答案.pdf","/物理类/大学物理/2/答案","波动光学衍射下答案.pdf","207261","False","included","小型课程资料","03/05/2021 17:14:28"
"/物理类/大学物理/2/答案/激光答案 (1).pdf","/物理类/大学物理/2/答案","激光答案 (1).pdf","85051","False","included","小型课程资料","03/05/2021 17:14:47"
"/物理类/大学物理/2/答案/激光答案 (2).pdf","/物理类/大学物理/2/答案","激光答案 (2).pdf","85051","False","included","小型课程资料","03/05/2021 17:16:10"
"/物理类/大学物理/2/答案/激光答案.pdf","/物理类/大学物理/2/答案","激光答案.pdf","85051","False","included","小型课程资料","03/05/2021 17:14:28"
"/物理类/大学物理/2/答案/量子1答案 (1).pdf","/物理类/大学物理/2/答案","量子1答案 (1).pdf","159610","False","included","小型课程资料","03/05/2021 17:14:48"
"/物理类/大学物理/2/答案/量子1答案 (2).pdf","/物理类/大学物理/2/答案","量子1答案 (2).pdf","159610","False","included","小型课程资料","03/05/2021 17:16:10"
"/物理类/大学物理/2/答案/量子1答案.pdf","/物理类/大学物理/2/答案","量子1答案.pdf","159610","False","included","小型课程资料","03/05/2021 17:14:28"
"/物理类/大学物理/2/答案/量子2答案 (1).pdf","/物理类/大学物理/2/答案","量子2答案 (1).pdf","156734","False","included","小型课程资料","03/05/2021 17:14:48"
"/物理类/大学物理/2/答案/量子2答案 (2).pdf","/物理类/大学物理/2/答案","量子2答案 (2).pdf","156734","False","included","小型课程资料","03/05/2021 17:16:11"
"/物理类/大学物理/2/答案/量子2答案.pdf","/物理类/大学物理/2/答案","量子2答案.pdf","156734","False","included","小型课程资料","03/05/2021 17:14:28"
"/物理类/大学物理/2/答案/量子3_答案2 (1).pdf","/物理类/大学物理/2/答案","量子3_答案2 (1).pdf","122647","False","included","小型课程资料","03/05/2021 17:14:48"
"/物理类/大学物理/2/答案/量子3_答案2 (2).pdf","/物理类/大学物理/2/答案","量子3_答案2 (2).pdf","122647","False","included","小型课程资料","03/05/2021 17:16:11"
"/物理类/大学物理/2/答案/量子3_答案2.pdf","/物理类/大学物理/2/答案","量子3_答案2.pdf","122647","False","included","小型课程资料","03/05/2021 17:14:29"
"/物理类/大学物理/2/答案/量子4答案 (1).pdf","/物理类/大学物理/2/答案","量子4答案 (1).pdf","92059","False","included","小型课程资料","03/05/2021 17:14:48"
"/物理类/大学物理/2/答案/量子4答案 (2).pdf","/物理类/大学物理/2/答案","量子4答案 (2).pdf","92059","False","included","小型课程资料","03/05/2021 17:16:11"
"/物理类/大学物理/2/答案/量子4答案.pdf","/物理类/大学物理/2/答案","量子4答案.pdf","92059","False","included","小型课程资料","03/05/2021 17:14:29"
"/物理类/大学物理/2/答案/量子5答案 (1).pdf","/物理类/大学物理/2/答案","量子5答案 (1).pdf","72689","False","included","小型课程资料","03/05/2021 17:14:49"
"/物理类/大学物理/2/答案/量子5答案 (2).pdf","/物理类/大学物理/2/答案","量子5答案 (2).pdf","72689","False","included","小型课程资料","03/05/2021 17:16:11"
"/物理类/大学物理/2/答案/量子5答案.pdf","/物理类/大学物理/2/答案","量子5答案.pdf","72689","False","included","小型课程资料","03/05/2021 17:14:29"
"/物理类/大学物理/2/答案/量子6答案 (1).pdf","/物理类/大学物理/2/答案","量子6答案 (1).pdf","73950","False","included","小型课程资料","03/05/2021 17:14:49"
"/物理类/大学物理/2/答案/量子6答案 (2).pdf","/物理类/大学物理/2/答案","量子6答案 (2).pdf","73950","False","included","小型课程资料","03/05/2021 17:16:11"
"/物理类/大学物理/2/答案/量子6答案.pdf","/物理类/大学物理/2/答案","量子6答案.pdf","73950","False","included","小型课程资料","03/05/2021 17:14:29"
"/物理类/大学物理/2/答案/量子7答案 (1).pdf","/物理类/大学物理/2/答案","量子7答案 (1).pdf","83322","False","included","小型课程资料","03/05/2021 17:14:49"
"/物理类/大学物理/2/答案/量子7答案 (2).pdf","/物理类/大学物理/2/答案","量子7答案 (2).pdf","83322","False","included","小型课程资料","03/05/2021 17:16:12"
"/物理类/大学物理/2/答案/量子7答案.pdf","/物理类/大学物理/2/答案","量子7答案.pdf","83322","False","included","小型课程资料","03/05/2021 17:14:29"
"/物理类/大学物理/2/答案/量子基外答案 (1).pdf","/物理类/大学物理/2/答案","量子基外答案 (1).pdf","193489","False","included","小型课程资料","03/05/2021 17:14:49"
"/物理类/大学物理/2/答案/量子基外答案 (2).pdf","/物理类/大学物理/2/答案","量子基外答案 (2).pdf","193489","False","included","小型课程资料","03/05/2021 17:16:12"
"/物理类/大学物理/2/答案/量子基外答案.pdf","/物理类/大学物理/2/答案","量子基外答案.pdf","193489","False","included","小型课程资料","03/05/2021 17:14:30"
"/物理类/大学物理/周树云/总结/力学-质点运动学.pdf","/物理类/大学物理/周树云/总结","力学-质点运动学.pdf","40224","False","included","小型课程资料","09/16/2023 22:44:36"
"/物理类/大学物理/周树云/总结/第三章 动量与角动量.pdf","/物理类/大学物理/周树云/总结","第三章 动量与角动量.pdf","42176","False","included","小型课程资料","09/16/2023 22:44:36"
"/物理类/大学物理/周树云/总结/第九章 温度和气体动理论.pdf","/物理类/大学物理/周树云/总结","第九章 温度和气体动理论.pdf","378886","False","included","小型课程资料","09/16/2023 22:44:36"
"/物理类/大学物理/周树云/总结/第二章 运动与力.pdf","/物理类/大学物理/周树云/总结","第二章 运动与力.pdf","39931","False","included","小型课程资料","09/16/2023 22:44:36"
"/物理类/大学物理/周树云/总结/第六、七章 振动&波.pdf","/物理类/大学物理/周树云/总结","第六、七章 振动&波.pdf","61599","False","included","小型课程资料","09/16/2023 22:44:36"
"/物理类/大学物理/周树云/总结/第十一章 热力学第二定律.pdf","/物理类/大学物理/周树云/总结","第十一章 热力学第二定律.pdf","101795","False","included","小型课程资料","09/16/2023 22:44:36"
"/物理类/大学物理/周树云/总结/第十章.pdf","/物理类/大学物理/周树云/总结","第十章.pdf","1349620","False","included","小型课程资料","09/16/2023 22:44:36"
"/物理类/大学物理/周树云/总结/第四章 功与能.pdf","/物理类/大学物理/周树云/总结","第四章 功与能.pdf","66145","False","included","小型课程资料","09/16/2023 22:44:36"
"/物理类/大学物理/周树云/考试/2020春季学期期中试卷.pdf","/物理类/大学物理/周树云/考试","2020春季学期期中试卷.pdf","196755","False","included","小型课程资料","09/16/2023 22:44:36"
"/物理类/大学物理/周树云/考试/大物B1期末试卷（2020春）.zip","/物理类/大学物理/周树云/考试","大物B1期末试卷（2020春）.zip","497197","False","excluded","压缩包","09/16/2023 22:44:36"
"/物理类/大学物理/周树云/课件/大物B1-周树云课件.zip","/物理类/大学物理/周树云/课件","大物B1-周树云课件.zip","27819317","False","excluded","超过本次小文件上限 10 MiB","09/16/2023 22:44:36"
"/物理类/大学物理/大物B/大物题库/偏振基外.pdf","/物理类/大学物理/大物B/大物题库","偏振基外.pdf","191066","False","included","小型课程资料","01/11/2024 20:42:02"
"/物理类/大学物理/大物B/大物题库/偏振基外答案.pdf","/物理类/大学物理/大物B/大物题库","偏振基外答案.pdf","178099","False","included","小型课程资料","01/11/2024 20:42:03"
"/物理类/大学物理/大物B/大物题库/光的干涉_基外.pdf","/物理类/大学物理/大物B/大物题库","光的干涉_基外.pdf","156970","False","included","小型课程资料","01/11/2024 20:42:04"
"/物理类/大学物理/大物B/大物题库/光的干涉_基外_答案.pdf","/物理类/大学物理/大物B/大物题库","光的干涉_基外_答案.pdf","163081","False","included","小型课程资料","01/11/2024 20:42:05"
"/物理类/大学物理/大物B/大物题库/基外衍射.pdf","/物理类/大学物理/大物B/大物题库","基外衍射.pdf","169801","False","included","小型课程资料","01/11/2024 20:42:07"
"/物理类/大学物理/大物B/大物题库/基外衍射_答案.pdf","/物理类/大学物理/大物B/大物题库","基外衍射_答案.pdf","240292","False","included","小型课程资料","01/11/2024 20:42:08"
"/物理类/大学物理/大物B/大物题库/波动光学偏振上.pdf","/物理类/大学物理/大物B/大物题库","波动光学偏振上.pdf","170385","False","included","小型课程资料","01/11/2024 20:42:09"
"/物理类/大学物理/大物B/大物题库/波动光学偏振上答案.pdf","/物理类/大学物理/大物B/大物题库","波动光学偏振上答案.pdf","94006","False","included","小型课程资料","01/11/2024 20:42:10"
"/物理类/大学物理/大物B/大物题库/波动光学偏振下.pdf","/物理类/大学物理/大物B/大物题库","波动光学偏振下.pdf","172979","False","included","小型课程资料","01/11/2024 20:42:11"
"/物理类/大学物理/大物B/大物题库/波动光学偏振下答案.pdf","/物理类/大学物理/大物B/大物题库","波动光学偏振下答案.pdf","203963","False","included","小型课程资料","01/11/2024 20:42:12"
"/物理类/大学物理/大物B/大物题库/波动光学干涉上.pdf","/物理类/大学物理/大物B/大物题库","波动光学干涉上.pdf","172050","False","included","小型课程资料","01/11/2024 20:42:13"
"/物理类/大学物理/大物B/大物题库/波动光学干涉上答案.pdf","/物理类/大学物理/大物B/大物题库","波动光学干涉上答案.pdf","91983","False","included","小型课程资料","01/11/2024 20:42:14"
"/物理类/大学物理/大物B/大物题库/波动光学干涉下.pdf","/物理类/大学物理/大物B/大物题库","波动光学干涉下.pdf","205473","False","included","小型课程资料","01/11/2024 20:42:15"
"/物理类/大学物理/大物B/大物题库/波动光学干涉下答案.pdf","/物理类/大学物理/大物B/大物题库","波动光学干涉下答案.pdf","236043","False","included","小型课程资料","01/11/2024 20:42:16"
"/物理类/大学物理/大物B/大物题库/波动光学衍射上.pdf","/物理类/大学物理/大物B/大物题库","波动光学衍射上.pdf","157842","False","included","小型课程资料","01/11/2024 20:42:17"
"/物理类/大学物理/大物B/大物题库/波动光学衍射上答案.pdf","/物理类/大学物理/大物B/大物题库","波动光学衍射上答案.pdf","99352","False","included","小型课程资料","01/11/2024 20:42:18"
"/物理类/大学物理/大物B/大物题库/波动光学衍射下.pdf","/物理类/大学物理/大物B/大物题库","波动光学衍射下.pdf","164232","False","included","小型课程资料","01/11/2024 20:42:19"
"/物理类/大学物理/大物B/大物题库/波动光学衍射下答案.pdf","/物理类/大学物理/大物B/大物题库","波动光学衍射下答案.pdf","207261","False","included","小型课程资料","01/11/2024 20:42:20"
"/物理类/大学物理/大物B/大物题库/激光.pdf","/物理类/大学物理/大物B/大物题库","激光.pdf","80329","False","included","小型课程资料","01/11/2024 20:42:21"
"/物理类/大学物理/大物B/大物题库/激光答案.pdf","/物理类/大学物理/大物B/大物题库","激光答案.pdf","85051","False","included","小型课程资料","01/11/2024 20:42:22"
"/物理类/大学物理/大物B/大物题库/量子1.pdf","/物理类/大学物理/大物B/大物题库","量子1.pdf","182571","False","included","小型课程资料","01/11/2024 20:42:23"
"/物理类/大学物理/大物B/大物题库/量子1答案.pdf","/物理类/大学物理/大物B/大物题库","量子1答案.pdf","159610","False","included","小型课程资料","01/11/2024 20:42:24"
"/物理类/大学物理/大物B/大物题库/量子2.pdf","/物理类/大学物理/大物B/大物题库","量子2.pdf","143243","False","included","小型课程资料","01/11/2024 20:42:25"
"/物理类/大学物理/大物B/大物题库/量子2答案.pdf","/物理类/大学物理/大物B/大物题库","量子2答案.pdf","156734","False","included","小型课程资料","01/11/2024 20:42:26"
"/物理类/大学物理/大物B/大物题库/量子3.pdf","/物理类/大学物理/大物B/大物题库","量子3.pdf","118585","False","included","小型课程资料","01/11/2024 20:42:27"
"/物理类/大学物理/大物B/大物题库/量子3_答案2.pdf","/物理类/大学物理/大物B/大物题库","量子3_答案2.pdf","122647","False","included","小型课程资料","01/11/2024 20:42:28"
"/物理类/大学物理/大物B/大物题库/量子3答案.pdf","/物理类/大学物理/大物B/大物题库","量子3答案.pdf","122638","False","included","小型课程资料","01/11/2024 20:42:29"
"/物理类/大学物理/大物B/大物题库/量子4.pdf","/物理类/大学物理/大物B/大物题库","量子4.pdf","99362","False","included","小型课程资料","01/11/2024 20:42:30"
"/物理类/大学物理/大物B/大物题库/量子4答案.pdf","/物理类/大学物理/大物B/大物题库","量子4答案.pdf","92059","False","included","小型课程资料","01/11/2024 20:42:31"
"/物理类/大学物理/大物B/大物题库/量子5.pdf","/物理类/大学物理/大物B/大物题库","量子5.pdf","94590","False","included","小型课程资料","01/11/2024 20:42:32"
"/物理类/大学物理/大物B/大物题库/量子5答案.pdf","/物理类/大学物理/大物B/大物题库","量子5答案.pdf","72689","False","included","小型课程资料","01/11/2024 20:42:33"
"/物理类/大学物理/大物B/大物题库/量子6.pdf","/物理类/大学物理/大物B/大物题库","量子6.pdf","78521","False","included","小型课程资料","01/11/2024 20:42:34"
"/物理类/大学物理/大物B/大物题库/量子6答案.pdf","/物理类/大学物理/大物B/大物题库","量子6答案.pdf","73950","False","included","小型课程资料","01/11/2024 20:42:35"
"/物理类/大学物理/大物B/大物题库/量子7.pdf","/物理类/大学物理/大物B/大物题库","量子7.pdf","74024","False","included","小型课程资料","01/11/2024 20:42:36"
"/物理类/大学物理/大物B/大物题库/量子7答案.pdf","/物理类/大学物理/大物B/大物题库","量子7答案.pdf","83322","False","included","小型课程资料","01/11/2024 20:42:37"
"/物理类/大学物理/大物B/大物题库/量子基外.pdf","/物理类/大学物理/大物B/大物题库","量子基外.pdf","238272","False","included","小型课程资料","01/11/2024 20:42:38"
"/物理类/大学物理/大物B/大物题库/量子基外答案.pdf","/物理类/大学物理/大物B/大物题库","量子基外答案.pdf","193489","False","included","小型课程资料","01/11/2024 20:42:39"
"/物理类/大学物理/大物B/清华大学大学物理题库/清华大学《大学物理》习题库试题及答案__01_力学习题.docx","/物理类/大学物理/大物B/清华大学大学物理题库","清华大学《大学物理》习题库试题及答案__01_力学习题.docx","374355","False","included","小型课程资料","01/11/2024 20:42:41"
"/物理类/大学物理/大物B/清华大学大学物理题库/清华大学《大学物理》习题库试题及答案__02_刚体习题.docx","/物理类/大学物理/大物B/清华大学大学物理题库","清华大学《大学物理》习题库试题及答案__02_刚体习题.docx","74742","False","included","小型课程资料","01/11/2024 20:42:42"
"/物理类/大学物理/大物B/清华大学大学物理题库/清华大学《大学物理》习题库试题及答案__03_相对论习题.docx","/物理类/大学物理/大物B/清华大学大学物理题库","清华大学《大学物理》习题库试题及答案__03_相对论习题.docx","51100","False","included","小型课程资料","01/11/2024 20:42:42"
"/物理类/大学物理/大物B/清华大学大学物理题库/清华大学《大学物理》习题库试题及答案__04_机械振动习题.docx","/物理类/大学物理/大物B/清华大学大学物理题库","清华大学《大学物理》习题库试题及答案__04_机械振动习题.docx","154159","False","included","小型课程资料","01/11/2024 20:42:43"
"/物理类/大学物理/大物B/清华大学大学物理题库/清华大学《大学物理》习题库试题及答案__05_机械波习题.docx","/物理类/大学物理/大物B/清华大学大学物理题库","清华大学《大学物理》习题库试题及答案__05_机械波习题.docx","272170","False","included","小型课程资料","01/11/2024 20:42:44"
"/物理类/大学物理/大物B/清华大学大学物理题库/清华大学《大学物理》习题库试题及答案__06_光学习题.pdf","/物理类/大学物理/大物B/清华大学大学物理题库","清华大学《大学物理》习题库试题及答案__06_光学习题.pdf","778634","False","included","小型课程资料","01/11/2024 20:42:45"
"/物理类/大学物理/大物B/清华大学大学物理题库/清华大学《大学物理》习题库试题及答案__07_热学习题.docx","/物理类/大学物理/大物B/清华大学大学物理题库","清华大学《大学物理》习题库试题及答案__07_热学习题.docx","180960","False","included","小型课程资料","01/11/2024 20:42:46"
"/物理类/大学物理/大物B/清华大学大学物理题库/清华大学《大学物理》习题库试题及答案__08_电学习题答案.docx","/物理类/大学物理/大物B/清华大学大学物理题库","清华大学《大学物理》习题库试题及答案__08_电学习题答案.docx","437280","False","included","小型课程资料","01/11/2024 20:42:47"
"/物理类/大学物理/大物B/清华大学大学物理题库/清华大学《大学物理》习题库试题及答案__09_磁学习题.docx","/物理类/大学物理/大物B/清华大学大学物理题库","清华大学《大学物理》习题库试题及答案__09_磁学习题.docx","405511","False","included","小型课程资料","01/11/2024 20:42:48"
"/物理类/大学物理/大物B/清华大学大学物理题库/清华大学《大学物理》习题库试题及答案__10_量子力学习题.docx","/物理类/大学物理/大物B/清华大学大学物理题库","清华大学《大学物理》习题库试题及答案__10_量子力学习题.docx","182751","False","included","小型课程资料","01/11/2024 20:42:49"
"/物理类/大学物理/大物B/试题/1.doc","/物理类/大学物理/大物B/试题","1.doc","3597824","False","included","小型课程资料","01/11/2024 20:43:09"
"/物理类/大学物理/大物B/试题/2.doc","/物理类/大学物理/大物B/试题","2.doc","3285504","False","included","小型课程资料","01/11/2024 20:43:12"
"/物理类/大学物理/大物B/试题/2022-2023大物B1期中考试.pdf","/物理类/大学物理/大物B/试题","2022-2023大物B1期中考试.pdf","7288953","False","included","小型课程资料","04/12/2025 16:29:52"
"/物理类/大学物理/大物B/试题/3.doc","/物理类/大学物理/大物B/试题","3.doc","3457536","False","included","小型课程资料","01/11/2024 20:43:15"
"/物理类/大学物理/大物B/试题/4-大学物理样题（8页）电磁光.doc","/物理类/大学物理/大物B/试题","4-大学物理样题（8页）电磁光.doc","482816","False","included","小型课程资料","01/11/2024 20:43:16"
"/物理类/大学物理/大物B/试题/4.doc","/物理类/大学物理/大物B/试题","4.doc","285696","False","included","小型课程资料","01/11/2024 20:43:17"
"/物理类/大学物理/大物B/试题/5.doc","/物理类/大学物理/大物B/试题","5.doc","330752","False","included","小型课程资料","01/11/2024 20:43:18"
"/物理类/大学物理/大物B/试题/6(量子).doc","/物理类/大学物理/大物B/试题","6(量子).doc","3115008","False","included","小型课程资料","01/11/2024 20:43:21"
"/物理类/大学物理/大物B/试题/大学物理.docx","/物理类/大学物理/大物B/试题","大学物理.docx","18519","False","included","小型课程资料","01/11/2024 20:43:22"
"/物理类/大学物理/大物B/试题/大学物理B-09级试题B卷.doc","/物理类/大学物理/大物B/试题","大学物理B-09级试题B卷.doc","316928","False","included","小型课程资料","01/11/2024 20:43:23"
"/物理类/大学物理/大物B/试题/大物B(2）.pdf","/物理类/大学物理/大物B/试题","大物B(2）.pdf","434364","False","included","小型课程资料","01/11/2024 20:43:25"
"/物理类/大学物理/大物B/试题/清华大学_光学、量子力学试题.pdf","/物理类/大学物理/大物B/试题","清华大学_光学、量子力学试题.pdf","523141","False","included","小型课程资料","01/11/2024 20:43:26"
"/物理类/大学物理/大物B/试题/清华大学物理光学试题及参考答案.pdf","/物理类/大学物理/大物B/试题","清华大学物理光学试题及参考答案.pdf","96481","False","included","小型课程资料","01/11/2024 20:43:28"
"/物理类/大学物理/大物B/试题/物光.doc","/物理类/大学物理/大物B/试题","物光.doc","28160","False","included","小型课程资料","01/11/2024 20:43:29"
"/物理类/大学物理/张卫华/课件/第0章绪论.pdf","/物理类/大学物理/张卫华/课件","第0章绪论.pdf","2196149","False","excluded","课本、教材、讲义或课件","09/16/2023 22:44:28"
"/物理类/大学物理/戴松涛/知识点整理/大学物理 B1 知识点整理.pdf","/物理类/大学物理/戴松涛/知识点整理","大学物理 B1 知识点整理.pdf","4698095","False","included","小型课程资料","09/16/2023 22:43:12"
"/物理类/大学物理/戴松涛/课件/10热力学第一定律a.pdf","/物理类/大学物理/戴松涛/课件","10热力学第一定律a.pdf","1485295","False","excluded","课本、教材、讲义或课件","09/16/2023 22:43:12"
"/物理类/大学物理/戴松涛/课件/10热力学第一定律b.ppt","/物理类/大学物理/戴松涛/课件","10热力学第一定律b.ppt","1451520","False","excluded","PPT/演示文稿","09/16/2023 22:43:12"
"/物理类/大学物理/戴松涛/课件/11热力学第二定律a.pdf","/物理类/大学物理/戴松涛/课件","11热力学第二定律a.pdf","1028755","False","excluded","课本、教材、讲义或课件","09/16/2023 22:43:12"
"/物理类/大学物理/戴松涛/课件/11热力学第二定律b.pdf","/物理类/大学物理/戴松涛/课件","11热力学第二定律b.pdf","1820815","False","excluded","课本、教材、讲义或课件","09/16/2023 22:43:12"
"/物理类/大学物理/戴松涛/课件/1运动学a.pdf","/物理类/大学物理/戴松涛/课件","1运动学a.pdf","5144085","False","excluded","课本、教材、讲义或课件","09/16/2023 22:43:12"
"/物理类/大学物理/戴松涛/课件/1运动学b.pdf","/物理类/大学物理/戴松涛/课件","1运动学b.pdf","1914154","False","excluded","课本、教材、讲义或课件","09/16/2023 22:43:12"
"/物理类/大学物理/戴松涛/课件/2运动与力a.ppt","/物理类/大学物理/戴松涛/课件","2运动与力a.ppt","3768832","False","excluded","PPT/演示文稿","09/16/2023 22:43:12"
"/物理类/大学物理/戴松涛/课件/2运动与力b.pdf","/物理类/大学物理/戴松涛/课件","2运动与力b.pdf","1996168","False","excluded","课本、教材、讲义或课件","09/16/2023 22:43:12"
"/物理类/大学物理/戴松涛/课件/3动量与角动量a.pdf","/物理类/大学物理/戴松涛/课件","3动量与角动量a.pdf","647080","False","excluded","课本、教材、讲义或课件","09/16/2023 22:43:12"
"/物理类/大学物理/戴松涛/课件/3动量与角动量b.ppt","/物理类/大学物理/戴松涛/课件","3动量与角动量b.ppt","1030144","False","excluded","PPT/演示文稿","09/16/2023 22:43:12"
"/物理类/大学物理/戴松涛/课件/4功和能a.pptx","/物理类/大学物理/戴松涛/课件","4功和能a.pptx","3677002","False","excluded","PPT/演示文稿","09/16/2023 22:43:12"
"/物理类/大学物理/戴松涛/课件/4功和能b.ppt","/物理类/大学物理/戴松涛/课件","4功和能b.ppt","3059200","False","excluded","PPT/演示文稿","09/16/2023 22:43:08"
"/物理类/大学物理/戴松涛/课件/4功和能c.pdf","/物理类/大学物理/戴松涛/课件","4功和能c.pdf","806509","False","excluded","课本、教材、讲义或课件","09/16/2023 22:43:08"
"/物理类/大学物理/戴松涛/课件/5刚体a.pdf","/物理类/大学物理/戴松涛/课件","5刚体a.pdf","1303887","False","excluded","课本、教材、讲义或课件","09/16/2023 22:43:08"
"/物理类/大学物理/戴松涛/课件/5刚体b.pdf","/物理类/大学物理/戴松涛/课件","5刚体b.pdf","1425656","False","excluded","课本、教材、讲义或课件","09/16/2023 22:43:08"
"/物理类/大学物理/戴松涛/课件/6振动.pdf","/物理类/大学物理/戴松涛/课件","6振动.pdf","2457346","False","excluded","课本、教材、讲义或课件","09/16/2023 22:43:08"
"/物理类/大学物理/戴松涛/课件/7.1-7.2行波、简谐波.pdf","/物理类/大学物理/戴松涛/课件","7.1-7.2行波、简谐波.pdf","488986","False","excluded","课本、教材、讲义或课件","09/16/2023 22:43:08"
"/物理类/大学物理/戴松涛/课件/7.11-7.13多普勒效应、群速度、孤子.pdf","/物理类/大学物理/戴松涛/课件","7.11-7.13多普勒效应、群速度、孤子.pdf","1435631","False","excluded","课本、教材、讲义或课件","09/16/2023 22:43:08"
"/物理类/大学物理/戴松涛/课件/7.3-7.5形变、波速、能量.pdf","/物理类/大学物理/戴松涛/课件","7.3-7.5形变、波速、能量.pdf","445217","False","excluded","课本、教材、讲义或课件","09/16/2023 22:43:08"
"/物理类/大学物理/戴松涛/课件/7.6惠更斯原理与波的反射和折射.pdf","/物理类/大学物理/戴松涛/课件","7.6惠更斯原理与波的反射和折射.pdf","1894645","False","excluded","课本、教材、讲义或课件","09/16/2023 22:43:08"
"/物理类/大学物理/戴松涛/课件/7.7波的叠加、驻波.pdf","/物理类/大学物理/戴松涛/课件","7.7波的叠加、驻波.pdf","2044383","False","excluded","课本、教材、讲义或课件","09/16/2023 22:43:08"
"/物理类/大学物理/戴松涛/课件/7.8-7.10声波、地震波、水波.pdf","/物理类/大学物理/戴松涛/课件","7.8-7.10声波、地震波、水波.pdf","488281","False","excluded","课本、教材、讲义或课件","09/16/2023 22:43:08"
"/物理类/大学物理/戴松涛/课件/8狭义相对论基础a.pdf","/物理类/大学物理/戴松涛/课件","8狭义相对论基础a.pdf","1960858","False","excluded","课本、教材、讲义或课件","09/16/2023 22:43:08"
"/物理类/大学物理/戴松涛/课件/8狭义相对论基础b.pdf","/物理类/大学物理/戴松涛/课件","8狭义相对论基础b.pdf","1378200","False","excluded","课本、教材、讲义或课件","09/16/2023 22:43:08"
"/物理类/大学物理/戴松涛/课件/9温度和气体动理论a.pdf","/物理类/大学物理/戴松涛/课件","9温度和气体动理论a.pdf","2449674","False","excluded","课本、教材、讲义或课件","09/16/2023 22:43:08"
"/物理类/大学物理/戴松涛/课件/9温度和气体动理论b.pdf","/物理类/大学物理/戴松涛/课件","9温度和气体动理论b.pdf","1483712","False","excluded","课本、教材、讲义或课件","09/16/2023 22:43:08"
"/物理类/大学物理/戴松涛/课件/力学绪论.ppt","/物理类/大学物理/戴松涛/课件","力学绪论.ppt","5742592","False","excluded","PPT/演示文稿","09/16/2023 22:43:08"
"/物理类/大学物理/教材/大学物理学. 力学、热学（第4版）_勘误/readme.txt","/物理类/大学物理/教材/大学物理学. 力学、热学（第4版）_勘误","readme.txt","476","False","excluded","课本、教材、讲义或课件","02/20/2022 11:59:12"
"/物理类/大学物理/教材/大学物理学. 力学、热学（第4版）_勘误/大学物理学. 力学、热学（第4版）_错误已标出.pdf","/物理类/大学物理/教材/大学物理学. 力学、热学（第4版）_勘误","大学物理学. 力学、热学（第4版）_错误已标出.pdf","105822887","False","excluded","超过本次小文件上限 10 MiB","03/09/2022 21:40:43"
"/物理类/大学物理/教材/大学物理学. 力学、热学（第4版）_勘误/大学物理学. 力学、热学（第4版）勘误表20220219-第四版.pdf","/物理类/大学物理/教材/大学物理学. 力学、热学（第4版）_勘误","大学物理学. 力学、热学（第4版）勘误表20220219-第四版.pdf","445153","False","excluded","课本、教材、讲义或课件","02/20/2022 11:55:11"
"/物理类/大学物理/李桂琴/习题课/分子动理论习题课选题（含答案）.pptx","/物理类/大学物理/李桂琴/习题课","分子动理论习题课选题（含答案）.pptx","405920","False","excluded","PPT/演示文稿","09/16/2023 22:43:48"
"/物理类/大学物理/李桂琴/习题课/热学3热力学第二定律（含解答）.ppt","/物理类/大学物理/李桂琴/习题课","热学3热力学第二定律（含解答）.ppt","953856","False","excluded","PPT/演示文稿","09/16/2023 22:43:46"
"/物理类/大学物理/李桂琴/习题课/第15周习题课（热力学第一定律）.ppt","/物理类/大学物理/李桂琴/习题课","第15周习题课（热力学第一定律）.ppt","1768960","False","excluded","PPT/演示文稿","09/16/2023 22:43:46"
"/物理类/大学物理/李桂琴/课件/1质点运动学-17_979102807.ppt","/物理类/大学物理/李桂琴/课件","1质点运动学-17_979102807.ppt","1187840","False","excluded","PPT/演示文稿","09/16/2023 22:43:46"
"/物理类/大学物理/李桂琴/课件/2牛顿运动定律-17_147507929.ppt","/物理类/大学物理/李桂琴/课件","2牛顿运动定律-17_147507929.ppt","4310528","False","excluded","PPT/演示文稿","09/16/2023 22:43:46"
"/物理类/大学物理/李桂琴/课件/3动量与角动量-17_118208530.ppt","/物理类/大学物理/李桂琴/课件","3动量与角动量-17_118208530.ppt","2074112","False","excluded","PPT/演示文稿","09/16/2023 22:43:46"
"/物理类/大学物理/李桂琴/课件/4功和能-new_62503636.ppt","/物理类/大学物理/李桂琴/课件","4功和能-new_62503636.ppt","2666496","False","excluded","PPT/演示文稿","09/16/2023 22:43:46"
"/物理类/大学物理/李桂琴/课件/5刚体的转动new_480805398.pptx","/物理类/大学物理/李桂琴/课件","5刚体的转动new_480805398.pptx","807920","False","excluded","PPT/演示文稿","09/16/2023 22:43:46"
"/物理类/大学物理/李桂琴/课件/6狭义相对论-17_828502674.ppt","/物理类/大学物理/李桂琴/课件","6狭义相对论-17_828502674.ppt","3485184","False","excluded","PPT/演示文稿","09/16/2023 22:43:42"
"/物理类/大学物理/李桂琴/课件/7振动_192106089.ppt","/物理类/大学物理/李桂琴/课件","7振动_192106089.ppt","1277440","False","excluded","PPT/演示文稿","09/16/2023 22:43:42"
"/物理类/大学物理/李桂琴/课件/7振动自学提纲_903209305.ppt","/物理类/大学物理/李桂琴/课件","7振动自学提纲_903209305.ppt","43008","False","excluded","PPT/演示文稿","09/16/2023 22:43:42"
"/物理类/大学物理/李桂琴/课件/8波动-2017_383904094.ppt","/物理类/大学物理/李桂琴/课件","8波动-2017_383904094.ppt","3414016","False","excluded","PPT/演示文稿","09/16/2023 22:43:42"
"/物理类/大学物理/王佳平/考题/刚体定轴转动习题.pdf","/物理类/大学物理/王佳平/考题","刚体定轴转动习题.pdf","2084900","False","included","小型课程资料","09/16/2023 22:44:10"
"/物理类/大学物理/王佳平/考题/期中A答案.pdf","/物理类/大学物理/王佳平/考题","期中A答案.pdf","750120","False","included","小型课程资料","09/16/2023 22:44:10"
"/物理类/大学物理/王佳平/考题/期末练习题.pdf","/物理类/大学物理/王佳平/考题","期末练习题.pdf","676829","False","included","小型课程资料","09/16/2023 22:44:10"
"/物理类/大学物理/王佳平/考题/期末练习题答案.jpg","/物理类/大学物理/王佳平/考题","期末练习题答案.jpg","5067685","False","included","小型课程资料","09/16/2023 22:44:10"
"/物理类/大学物理/王佳平/考题/第一章第二章质点运动学和动力学题目.pdf","/物理类/大学物理/王佳平/考题","第一章第二章质点运动学和动力学题目.pdf","701449","False","included","小型课程资料","09/16/2023 22:44:10"
"/物理类/大学物理/王佳平/考题/质点系力学题目.pdf","/物理类/大学物理/王佳平/考题","质点系力学题目.pdf","549652","False","included","小型课程资料","09/16/2023 22:44:10"
"/物理类/大学物理/王佳平/课件/10热力学第一定律.pdf","/物理类/大学物理/王佳平/课件","10热力学第一定律.pdf","3647785","False","excluded","课本、教材、讲义或课件","09/16/2023 22:44:10"
"/物理类/大学物理/王佳平/课件/11热力学第二定律.pdf","/物理类/大学物理/王佳平/课件","11热力学第二定律.pdf","4474895","False","excluded","课本、教材、讲义或课件","09/16/2023 22:44:10"
"/物理类/大学物理/王佳平/课件/1质点运动学.pdf","/物理类/大学物理/王佳平/课件","1质点运动学.pdf","8607499","False","excluded","课本、教材、讲义或课件","09/16/2023 22:44:10"
"/物理类/大学物理/王佳平/课件/2运动与力.pdf","/物理类/大学物理/王佳平/课件","2运动与力.pdf","4358908","False","excluded","课本、教材、讲义或课件","09/16/2023 22:44:10"
"/物理类/物理实验/传感器/CAROL/双棱镜干涉实验-carol.docx","/物理类/物理实验/传感器/CAROL","双棱镜干涉实验-carol.docx","21544","False","included","小型课程资料","03/05/2021 17:08:16"
"/物理类/物理实验/传感器/CAROL/用牛顿环测曲率半径-carol.docx","/物理类/物理实验/传感器/CAROL","用牛顿环测曲率半径-carol.docx","18098","False","included","小型课程资料","03/05/2021 17:08:16"
"/物理类/物理实验/传感器/CAROL/音频信号光纤通信原理——喻佳.docx","/物理类/物理实验/传感器/CAROL","音频信号光纤通信原理——喻佳.docx","41042","False","included","小型课程资料","03/05/2021 17:08:17"
"/物理类/物理实验/力学/迈克尔逊干涉仪使用和测空气折射率/数据答案与处理.doc","/物理类/物理实验/力学/迈克尔逊干涉仪使用和测空气折射率","数据答案与处理.doc","103936","False","included","小型课程资料","03/05/2021 17:08:32"
"/物理类/物理实验/力学/迈克尔逊干涉仪使用和测空气折射率/数据表格.doc","/物理类/物理实验/力学/迈克尔逊干涉仪使用和测空气折射率","数据表格.doc","44544","False","included","小型课程资料","03/05/2021 17:08:32"
"/物理类/物理实验/力学/迈克尔逊干涉仪使用和测空气折射率/迈克尔逊干涉仪的调整与使用.doc","/物理类/物理实验/力学/迈克尔逊干涉仪使用和测空气折射率","迈克尔逊干涉仪的调整与使用.doc","144896","False","included","小型课程资料","03/05/2021 17:08:32"
"/物理类/物理实验/压电/实验3.14压电元件导纳圆的测量/压-shoreyuer.doc","/物理类/物理实验/压电/实验3.14压电元件导纳圆的测量","压-shoreyuer.doc","390144","False","included","小型课程资料","03/05/2021 17:08:33"
"/物理类/物理实验/压电/实验3.14压电元件导纳圆的测量/数据记录.doc","/物理类/物理实验/压电/实验3.14压电元件导纳圆的测量","数据记录.doc","41984","False","included","小型课程资料","03/05/2021 17:08:33"
"/物理类/物理实验/压电/实验3.14压电元件导纳圆的测量/预习报告.doc","/物理类/物理实验/压电/实验3.14压电元件导纳圆的测量","预习报告.doc","333312","False","included","小型课程资料","03/05/2021 17:08:34"
"/物理类/物理实验/双牛/牛顿环图像处理程序/HELP.CHM","/物理类/物理实验/双牛/牛顿环图像处理程序","HELP.CHM","510375","False","included","小型课程资料","03/05/2021 17:08:44"
"/物理类/物理实验/双牛/牛顿环图像处理程序/NewtonRing.exe","/物理类/物理实验/双牛/牛顿环图像处理程序","NewtonRing.exe","2138181","False","excluded","可执行文件、构建产物或模型数据","03/05/2021 17:08:45"
"/物理类/物理实验/双牛/牛顿环图像处理程序/readme.txt","/物理类/物理实验/双牛/牛顿环图像处理程序","readme.txt","231","False","included","小型课程资料","03/05/2021 17:08:45"
"/物理类/物理实验/大物实验/大物实验/学长学习大物实验经验.doc","/物理类/物理实验/大物实验/大物实验","学长学习大物实验经验.doc","26624","False","included","小型课程资料","03/05/2021 17:09:00"
"/物理类/物理实验/普通物理实验报告/普通物理实验报告/LC电路数据.xls","/物理类/物理实验/普通物理实验报告/普通物理实验报告","LC电路数据.xls","22016","False","included","小型课程资料","03/05/2021 17:12:34"
"/物理类/物理实验/普通物理实验报告/普通物理实验报告/LC电路的谐振现象.doc","/物理类/物理实验/普通物理实验报告/普通物理实验报告","LC电路的谐振现象.doc","175616","False","included","小型课程资料","03/05/2021 17:12:34"
"/物理类/物理实验/普通物理实验报告/普通物理实验报告/RC晶体管.pdf","/物理类/物理实验/普通物理实验报告/普通物理实验报告","RC晶体管.pdf","150942","False","included","小型课程资料","03/05/2021 17:12:34"
"/物理类/物理实验/普通物理实验报告/普通物理实验报告/光衍射的定量研究.doc","/物理类/物理实验/普通物理实验报告/普通物理实验报告","光衍射的定量研究.doc","92160","False","included","小型课程资料","03/05/2021 17:12:34"
"/物理类/物理实验/普通物理实验报告/普通物理实验报告/分光计.doc","/物理类/物理实验/普通物理实验报告/普通物理实验报告","分光计.doc","321536","False","included","小型课程资料","03/05/2021 17:12:35"
"/物理类/物理实验/普通物理实验报告/普通物理实验报告/刚体转动实验.doc","/物理类/物理实验/普通物理实验报告/普通物理实验报告","刚体转动实验.doc","154624","False","included","小型课程资料","03/05/2021 17:12:35"
"/物理类/物理实验/普通物理实验报告/普通物理实验报告/刚体转动数据.xls","/物理类/物理实验/普通物理实验报告/普通物理实验报告","刚体转动数据.xls","22016","False","included","小型课程资料","03/05/2021 17:12:35"
"/物理类/物理实验/普通物理实验报告/普通物理实验报告/单缝衍射数据.txt","/物理类/物理实验/普通物理实验报告/普通物理实验报告","单缝衍射数据.txt","1004","False","included","小型课程资料","03/05/2021 17:12:35"
"/物理类/物理实验/普通物理实验报告/普通物理实验报告/实验报告 磁滞回线.doc","/物理类/物理实验/普通物理实验报告/普通物理实验报告","实验报告 磁滞回线.doc","180736","False","included","小型课程资料","03/05/2021 17:12:36"
"/物理类/物理实验/普通物理实验报告/普通物理实验报告/实验报告 磁滞回线.pdf","/物理类/物理实验/普通物理实验报告/普通物理实验报告","实验报告 磁滞回线.pdf","243233","False","included","小型课程资料","03/05/2021 17:12:36"
"/物理类/物理实验/普通物理实验报告/普通物理实验报告/实验报告 闲上筑波.doc","/物理类/物理实验/普通物理实验报告/普通物理实验报告","实验报告 闲上筑波.doc","127488","False","included","小型课程资料","03/05/2021 17:12:36"
"/物理类/物理实验/普通物理实验报告/普通物理实验报告/实验报告 闲上筑波.pdf","/物理类/物理实验/普通物理实验报告/普通物理实验报告","实验报告 闲上筑波.pdf","191395","False","included","小型课程资料","03/05/2021 17:12:36"
"/物理类/物理实验/普通物理实验报告/普通物理实验报告/实验报告.doc","/物理类/物理实验/普通物理实验报告/普通物理实验报告","实验报告.doc","91648","False","included","小型课程资料","03/05/2021 17:12:37"
"/物理类/物理实验/普通物理实验报告/普通物理实验报告/实验报告LC电路.doc","/物理类/物理实验/普通物理实验报告/普通物理实验报告","实验报告LC电路.doc","76288","False","included","小型课程资料","03/05/2021 17:12:37"
"/物理类/物理实验/普通物理实验报告/普通物理实验报告/实验报告光的片振.doc","/物理类/物理实验/普通物理实验报告/普通物理实验报告","实验报告光的片振.doc","35328","False","included","小型课程资料","03/05/2021 17:12:37"
"/物理类/物理实验/普通物理实验报告/普通物理实验报告/实验报告光的衍射.doc","/物理类/物理实验/普通物理实验报告/普通物理实验报告","实验报告光的衍射.doc","50688","False","included","小型课程资料","03/05/2021 17:12:38"
"/物理类/物理实验/普通物理实验报告/普通物理实验报告/实验报告全息照相.doc","/物理类/物理实验/普通物理实验报告/普通物理实验报告","实验报告全息照相.doc","47616","False","included","小型课程资料","03/05/2021 17:12:38"
"/物理类/物理实验/普通物理实验报告/普通物理实验报告/实验报告全息照相.pdf","/物理类/物理实验/普通物理实验报告/普通物理实验报告","实验报告全息照相.pdf","111457","False","included","小型课程资料","03/05/2021 17:12:38"
"/物理类/物理实验/普通物理实验报告/普通物理实验报告/实验报告分光计.doc","/物理类/物理实验/普通物理实验报告/普通物理实验报告","实验报告分光计.doc","64000","False","included","小型课程资料","03/05/2021 17:12:38"
"/物理类/物理实验/普通物理实验报告/普通物理实验报告/实验报告刚体转动.doc","/物理类/物理实验/普通物理实验报告/普通物理实验报告","实验报告刚体转动.doc","61440","False","included","小型课程资料","03/05/2021 17:12:39"
"/物理类/物理实验/普通物理实验报告/普通物理实验报告/实验报告卖克耳孙doc.doc","/物理类/物理实验/普通物理实验报告/普通物理实验报告","实验报告卖克耳孙doc.doc","51200","False","included","小型课程资料","03/05/2021 17:12:39"
"/物理类/物理实验/普通物理实验报告/普通物理实验报告/实验报告霍尔效应.doc","/物理类/物理实验/普通物理实验报告/普通物理实验报告","实验报告霍尔效应.doc","82432","False","included","小型课程资料","03/05/2021 17:12:39"
"/物理类/物理实验/油滴仪软件安装盘/OMWIN1.6安装盘/_INST32I.EX_","/物理类/物理实验/油滴仪软件安装盘/OMWIN1.6安装盘","_INST32I.EX_","300178","False","included","小型课程资料","03/05/2021 17:12:44"
"/物理类/物理实验/油滴仪软件安装盘/OMWIN1.6安装盘/_ISDEL.EXE","/物理类/物理实验/油滴仪软件安装盘/OMWIN1.6安装盘","_ISDEL.EXE","8192","False","excluded","可执行文件、构建产物或模型数据","03/05/2021 17:12:44"
"/物理类/物理实验/油滴仪软件安装盘/OMWIN1.6安装盘/_setup.dll","/物理类/物理实验/油滴仪软件安装盘/OMWIN1.6安装盘","_setup.dll","11264","False","excluded","可执行文件、构建产物或模型数据","03/05/2021 17:12:45"
"/物理类/物理实验/油滴仪软件安装盘/OMWIN1.6安装盘/_sys1.cab","/物理类/物理实验/油滴仪软件安装盘/OMWIN1.6安装盘","_sys1.cab","186302","False","included","小型课程资料","03/05/2021 17:12:45"
"/物理类/物理实验/油滴仪软件安装盘/OMWIN1.6安装盘/_user1.cab","/物理类/物理实验/油滴仪软件安装盘/OMWIN1.6安装盘","_user1.cab","44891","False","included","小型课程资料","03/05/2021 17:12:45"
"/物理类/物理实验/油滴仪软件安装盘/OMWIN1.6安装盘/DATA.TAG","/物理类/物理实验/油滴仪软件安装盘/OMWIN1.6安装盘","DATA.TAG","118","False","included","小型课程资料","03/05/2021 17:12:41"
"/物理类/物理实验/油滴仪软件安装盘/OMWIN1.6安装盘/data1.cab","/物理类/物理实验/油滴仪软件安装盘/OMWIN1.6安装盘","data1.cab","143332","False","included","小型课程资料","03/05/2021 17:12:42"
"/物理类/物理实验/油滴仪软件安装盘/OMWIN1.6安装盘/lang.dat","/物理类/物理实验/油滴仪软件安装盘/OMWIN1.6安装盘","lang.dat","4557","False","included","小型课程资料","03/05/2021 17:12:42"
"/物理类/物理实验/油滴仪软件安装盘/OMWIN1.6安装盘/layout.bin","/物理类/物理实验/油滴仪软件安装盘/OMWIN1.6安装盘","layout.bin","353","False","excluded","可执行文件、构建产物或模型数据","03/05/2021 17:12:42"
"/物理类/物理实验/油滴仪软件安装盘/OMWIN1.6安装盘/os.dat","/物理类/物理实验/油滴仪软件安装盘/OMWIN1.6安装盘","os.dat","417","False","included","小型课程资料","03/05/2021 17:12:42"
"/物理类/物理实验/油滴仪软件安装盘/OMWIN1.6安装盘/setup.bmp","/物理类/物理实验/油滴仪软件安装盘/OMWIN1.6安装盘","setup.bmp","44422","False","included","小型课程资料","03/05/2021 17:12:43"
"/物理类/物理实验/油滴仪软件安装盘/OMWIN1.6安装盘/SETUP.EXE","/物理类/物理实验/油滴仪软件安装盘/OMWIN1.6安装盘","SETUP.EXE","59904","False","excluded","可执行文件、构建产物或模型数据","03/05/2021 17:12:43"
"/物理类/物理实验/油滴仪软件安装盘/OMWIN1.6安装盘/SETUP.INI","/物理类/物理实验/油滴仪软件安装盘/OMWIN1.6安装盘","SETUP.INI","81","False","included","小型课程资料","03/05/2021 17:12:43"
"/物理类/物理实验/油滴仪软件安装盘/OMWIN1.6安装盘/setup.ins","/物理类/物理实验/油滴仪软件安装盘/OMWIN1.6安装盘","setup.ins","56450","False","included","小型课程资料","03/05/2021 17:12:44"
"/物理类/物理实验/油滴仪软件安装盘/OMWIN1.6安装盘/setup.lid","/物理类/物理实验/油滴仪软件安装盘/OMWIN1.6安装盘","setup.lid","49","False","included","小型课程资料","03/05/2021 17:12:44"
"/物理类/物理实验/近代物理实验/实验报告others/[论文]偏振光实验论文.doc","/物理类/物理实验/近代物理实验/实验报告others","[论文]偏振光实验论文.doc","6886400","False","included","小型课程资料","03/05/2021 17:13:06"
"/物理类/物理实验/近代物理实验/实验报告others/光源时间相干性.doc","/物理类/物理实验/近代物理实验/实验报告others","光源时间相干性.doc","196096","False","included","小型课程资料","03/05/2021 17:13:06"
"/物理类/物理实验/近代物理实验/实验报告others/光电法测心率.doc","/物理类/物理实验/近代物理实验/实验报告others","光电法测心率.doc","349184","False","included","小型课程资料","03/05/2021 17:13:07"
"/物理类/物理实验/近代物理实验/实验报告others/光色散现象实验研究.doc","/物理类/物理实验/近代物理实验/实验报告others","光色散现象实验研究.doc","92160","False","included","小型课程资料","03/05/2021 17:13:07"
"/物理类/物理实验/近代物理实验/实验报告others/刚体转动定律.doc","/物理类/物理实验/近代物理实验/实验报告others","刚体转动定律.doc","316928","False","included","小型课程资料","03/05/2021 17:13:07"
"/物理类/物理实验/近代物理实验/实验报告others/动态法弹性模量测定.doc","/物理类/物理实验/近代物理实验/实验报告others","动态法弹性模量测定.doc","1344512","False","included","小型课程资料","03/05/2021 17:13:08"
"/物理类/物理实验/近代物理实验/实验报告others/实验报告全息照相.doc","/物理类/物理实验/近代物理实验/实验报告others","实验报告全息照相.doc","49664","False","included","小型课程资料","03/05/2021 17:13:18"
"/物理类/物理实验/近代物理实验/实验报告others/实验报告封面.doc","/物理类/物理实验/近代物理实验/实验报告others","实验报告封面.doc","19968","False","included","小型课程资料","03/05/2021 17:13:19"
"/物理类/物理实验/近代物理实验/实验报告others/实验报告：全息照相.doc","/物理类/物理实验/近代物理实验/实验报告others","实验报告：全息照相.doc","38912","False","included","小型课程资料","03/05/2021 17:13:19"
"/物理类/物理实验/近代物理实验/实验报告others/弦音计.doc","/物理类/物理实验/近代物理实验/实验报告others","弦音计.doc","369664","False","included","小型课程资料","03/05/2021 17:13:19"
"/物理类/物理实验/近代物理实验/实验报告others/用光电法测量人体心率1.doc","/物理类/物理实验/近代物理实验/实验报告others","用光电法测量人体心率1.doc","292352","False","included","小型课程资料","03/05/2021 17:13:20"
"/物理类/物理实验/近代物理实验/实验报告others/阿贝.doc","/物理类/物理实验/近代物理实验/实验报告others","阿贝.doc","475136","False","included","小型课程资料","03/05/2021 17:13:37"
"/物理类/物理实验/近代物理实验/实验报告存档/CVD金刚石膜生长.doc","/物理类/物理实验/近代物理实验/实验报告存档","CVD金刚石膜生长.doc","661504","False","included","小型课程资料","03/05/2021 17:13:38"
"/物理类/物理实验/近代物理实验/实验报告存档/NaI（T1）闪烁谱仪测定γ射线的能谱——Charles.doc","/物理类/物理实验/近代物理实验/实验报告存档","NaI（T1）闪烁谱仪测定γ射线的能谱——Charles.doc","709120","False","included","小型课程资料","03/05/2021 17:13:38"
"/物理类/物理实验/近代物理实验/实验报告存档/t.doc","/物理类/物理实验/近代物理实验/实验报告存档","t.doc","7876608","False","included","小型课程资料","03/05/2021 17:13:39"
"/物理类/物理实验/近代物理实验/实验报告存档/X射线标识谱与吸收——josh.doc","/物理类/物理实验/近代物理实验/实验报告存档","X射线标识谱与吸收——josh.doc","2968064","False","included","小型课程资料","03/05/2021 17:13:40"
"/物理类/物理实验/近代物理实验/实验报告存档/单 光 子 计 数.doc","/物理类/物理实验/近代物理实验/实验报告存档","单 光 子 计 数.doc","281088","False","included","小型课程资料","03/05/2021 17:13:40"
"/物理类/物理实验/近代物理实验/实验报告存档/塞曼效应实验报告.doc","/物理类/物理实验/近代物理实验/实验报告存档","塞曼效应实验报告.doc","150528","False","included","小型课程资料","03/05/2021 17:13:40"
"/物理类/物理实验/近代物理实验/实验报告存档/实验2.doc","/物理类/物理实验/近代物理实验/实验报告存档","实验2.doc","61440","False","included","小型课程资料","03/05/2021 17:13:41"
"/物理类/物理实验/近代物理实验/实验报告存档/实验8－2 用传输式谐振腔观测铁磁共振——z.m.water.doc","/物理类/物理实验/近代物理实验/实验报告存档","实验8－2 用传输式谐振腔观测铁磁共振——z.m.water.doc","100352","False","included","小型课程资料","03/05/2021 17:13:41"
"/物理类/物理实验/近代物理实验/实验报告存档/扫描电子显微镜观察金刚石膜.doc","/物理类/物理实验/近代物理实验/实验报告存档","扫描电子显微镜观察金刚石膜.doc","37376","False","included","小型课程资料","03/05/2021 17:13:41"
"/物理类/物理实验/近代物理实验/实验报告存档/扫描隧道显微镜.doc","/物理类/物理实验/近代物理实验/实验报告存档","扫描隧道显微镜.doc","41472","False","included","小型课程资料","03/05/2021 17:13:41"
"/物理类/物理实验/近代物理实验/实验报告存档/晶体的电光效应及其应用——用相位补偿测量.doc","/物理类/物理实验/近代物理实验/实验报告存档","晶体的电光效应及其应用——用相位补偿测量.doc","928768","False","included","小型课程资料","03/05/2021 17:13:42"
"/物理类/物理实验/近代物理实验/实验报告存档/核磁共振.doc","/物理类/物理实验/近代物理实验/实验报告存档","核磁共振.doc","252928","False","included","小型课程资料","03/05/2021 17:13:42"
"/物理类/物理实验/近代物理实验/实验报告存档/用x射线测定多晶体的晶格常数.doc","/物理类/物理实验/近代物理实验/实验报告存档","用x射线测定多晶体的晶格常数.doc","25088","False","included","小型课程资料","03/05/2021 17:13:42"
"/物理类/物理实验/近代物理实验/实验报告存档/用反射椭偏仪测量折射率和薄膜厚度.doc","/物理类/物理实验/近代物理实验/实验报告存档","用反射椭偏仪测量折射率和薄膜厚度.doc","2242048","False","included","小型课程资料","03/05/2021 17:13:43"
"/物理类/物理实验/近代物理实验/实验报告存档/用取样示波器测量晶体二极管的反向恢复时间——Charles.doc","/物理类/物理实验/近代物理实验/实验报告存档","用取样示波器测量晶体二极管的反向恢复时间——Charles.doc","717312","False","included","小型课程资料","03/05/2021 17:13:43"
"/物理类/物理实验/近代物理实验/实验报告存档/硅的霍耳系数及电阻率的测量.doc","/物理类/物理实验/近代物理实验/实验报告存档","硅的霍耳系数及电阻率的测量.doc","3442688","False","included","小型课程资料","03/05/2021 17:13:44"
"/物理类/物理实验/近代物理实验/实验报告存档/穆斯堡尔效应——Charles版.doc","/物理类/物理实验/近代物理实验/实验报告存档","穆斯堡尔效应——Charles版.doc","124416","False","included","小型课程资料","03/05/2021 17:13:44"
"/物理类/物理实验/近代物理实验/实验报告存档/纯铜低温热导率的测量.doc","/物理类/物理实验/近代物理实验/实验报告存档","纯铜低温热导率的测量.doc","245760","False","included","小型课程资料","03/05/2021 17:13:44"
"/物理类/物理实验/近代物理实验/实验报告存档/验证狭义相对论的动量.doc","/物理类/物理实验/近代物理实验/实验报告存档","验证狭义相对论的动量.doc","82944","False","included","小型课程资料","03/05/2021 17:13:45"
"/物理类/物理实验/近代物理实验/普物/交流电桥.doc","/物理类/物理实验/近代物理实验/普物","交流电桥.doc","85504","False","included","小型课程资料","03/05/2021 17:13:45"
"/物理类/物理实验/近代物理实验/普物/弗兰克赫兹.doc","/物理类/物理实验/近代物理实验/普物","弗兰克赫兹.doc","508928","False","included","小型课程资料","03/05/2021 17:13:46"
"/物理类/物理实验/近代物理实验/普物/普物实验报告封面.doc","/物理类/物理实验/近代物理实验/普物","普物实验报告封面.doc","19968","False","included","小型课程资料","03/05/2021 17:13:46"
"/物理类/物理实验/近代物理实验/普物/测定空气中的声速.doc","/物理类/物理实验/近代物理实验/普物","测定空气中的声速.doc","2170368","False","included","小型课程资料","03/05/2021 17:13:46"
"/物理类/物理实验/近代物理实验/普物/用闪光法测不良导体的热导率.doc","/物理类/物理实验/近代物理实验/普物","用闪光法测不良导体的热导率.doc","2175488","False","included","小型课程资料","03/05/2021 17:13:47"
"/物理类/物理实验/近代物理实验/普物/磁滞回线.doc","/物理类/物理实验/近代物理实验/普物","磁滞回线.doc","189440","False","included","小型课程资料","03/05/2021 17:13:47"
"/物理类/物理实验/近代物理实验/普物/超导.doc","/物理类/物理实验/近代物理实验/普物","超导.doc","76288","False","included","小型课程资料","03/05/2021 17:13:47"
"/物理类/物理实验/近代物理实验/普物/麦克尔孙干涉仪.doc","/物理类/物理实验/近代物理实验/普物","麦克尔孙干涉仪.doc","76288","False","included","小型课程资料","03/05/2021 17:13:48"
"/物理类/物理实验/近代物理实验/电子线路/Free Documents.nsx","/物理类/物理实验/近代物理实验/电子线路","Free Documents.nsx","1137","False","included","小型课程资料","03/05/2021 17:13:48"
"/物理类/物理实验/近代物理实验/电子线路/Free Documents.sim","/物理类/物理实验/近代物理实验/电子线路","Free Documents.sim","110","False","included","小型课程资料","03/05/2021 17:13:49"
"/物理类/物理实验/近代物理实验/电子线路/RC晶体管.doc","/物理类/物理实验/近代物理实验/电子线路","RC晶体管.doc","72704","False","included","小型课程资料","03/05/2021 17:13:49"
"/物理类/物理实验/近代物理实验/电子线路/TTL.doc","/物理类/物理实验/近代物理实验/电子线路","TTL.doc","87552","False","included","小型课程资料","03/05/2021 17:13:49"
"/物理类/物理实验/近代物理实验/电子线路/与非门与脉冲电路.doc","/物理类/物理实验/近代物理实验/电子线路","与非门与脉冲电路.doc","107008","False","included","小型课程资料","03/05/2021 17:13:49"
"/物理类/物理实验/近代物理实验/电子线路/单级放大.doc","/物理类/物理实验/近代物理实验/电子线路","单级放大.doc","118784","False","included","小型课程资料","03/05/2021 17:13:50"
"/物理类/物理实验/近代物理实验/电子线路/电线实验一仪器的使用.doc","/物理类/物理实验/近代物理实验/电子线路","电线实验一仪器的使用.doc","65536","False","included","小型课程资料","03/05/2021 17:13:50"
"/物理类/物理实验/近代物理实验/电子线路/电线实验三负反馈.doc","/物理类/物理实验/近代物理实验/电子线路","电线实验三负反馈.doc","54784","False","included","小型课程资料","03/05/2021 17:13:50"
"/物理类/物理实验/近代物理实验/电子线路/电线实验二单级放大.doc","/物理类/物理实验/近代物理实验/电子线路","电线实验二单级放大.doc","118784","False","included","小型课程资料","03/05/2021 17:13:50"
"/物理类/物理实验/近代物理实验/电子线路/电线实验报告封面.doc","/物理类/物理实验/近代物理实验/电子线路","电线实验报告封面.doc","19968","False","included","小型课程资料","03/05/2021 17:13:51"
"/物理类/物理实验/近代物理实验/电子线路/组合逻辑.doc","/物理类/物理实验/近代物理实验/电子线路","组合逻辑.doc","69632","False","included","小型课程资料","03/05/2021 17:13:51"
"/物理类/物理实验/近代物理实验/电子线路/集成运放.doc","/物理类/物理实验/近代物理实验/电子线路","集成运放.doc","243200","False","included","小型课程资料","03/05/2021 17:13:51"
"/物理类/物理实验/近代物理实验/课程相关/05-06学年度秋季学期普物实验绪论课表.doc","/物理类/物理实验/近代物理实验/课程相关","05-06学年度秋季学期普物实验绪论课表.doc","47616","False","included","小型课程资料","03/05/2021 17:13:53"
"/物理类/物理实验/近代物理实验/课程相关/coursetable.doc","/物理类/物理实验/近代物理实验/课程相关","coursetable.doc","192000","False","included","小型课程资料","03/05/2021 17:13:53"
"/物理类/物理实验/近代物理实验/课程相关/sybgyq.doc","/物理类/物理实验/近代物理实验/课程相关","sybgyq.doc","82944","False","included","小型课程资料","03/05/2021 17:13:53"
"/物理类/物理实验/近代物理实验/课程相关/sysfbtb.doc","/物理类/物理实验/近代物理实验/课程相关","sysfbtb.doc","78848","False","included","小型课程资料","03/05/2021 17:13:53"
"/物理类/物理实验/近代物理实验/课程相关/用传感器测空气的相对压力系数实验数据.xls","/物理类/物理实验/近代物理实验/课程相关","用传感器测空气的相对压力系数实验数据.xls","19968","False","included","小型课程资料","03/05/2021 17:13:54"
"/物理类/物理实验/近代物理实验/课程相关/近代物理实验报告.rar","/物理类/物理实验/近代物理实验/课程相关","近代物理实验报告.rar","2326122","False","excluded","压缩包","03/05/2021 17:13:54"
"/物理类/物理实验/逸出功/附图/1.jpg","/物理类/物理实验/逸出功/附图","1.jpg","21665","False","included","小型课程资料","03/05/2021 17:13:57"
"/物理类/物理实验/逸出功/附图/2.jpg","/物理类/物理实验/逸出功/附图","2.jpg","23112","False","included","小型课程资料","03/05/2021 17:13:58"
"/物理类/物理实验/逸出功/附图/3.jpg","/物理类/物理实验/逸出功/附图","3.jpg","23270","False","included","小型课程资料","03/05/2021 17:13:58"
"/物理类/物理实验/逸出功/附图/4.jpg","/物理类/物理实验/逸出功/附图","4.jpg","22986","False","included","小型课程资料","03/05/2021 17:13:58"
"/物理类/物理实验/逸出功/附图/5.jpg","/物理类/物理实验/逸出功/附图","5.jpg","23338","False","included","小型课程资料","03/05/2021 17:13:58"
"/物理类/物理实验/逸出功/附图/6.jpg","/物理类/物理实验/逸出功/附图","6.jpg","23111","False","included","小型课程资料","03/05/2021 17:13:59"
"/物理类/物理实验/逸出功/附图/7.jpg","/物理类/物理实验/逸出功/附图","7.jpg","21748","False","included","小型课程资料","03/05/2021 17:13:59"
"/物理类/费曼物理学/作业/费曼3/Feynman3_Exer._2014.pdf","/物理类/费曼物理学/作业/费曼3","Feynman3_Exer._2014.pdf","19895117","False","excluded","超过本次小文件上限 10 MiB","11/19/2022 13:00:09"
"/物理类/量子力学/书籍/量子力学 by Cohen/量子力学 by Claude Cohen-Tannoudji, Bernard Diu, Franck Laloë, 刘家谟(译), 陈星奎(译) (z-lib.org).pdf","/物理类/量子力学/书籍/量子力学 by Cohen","量子力学 by Claude Cohen-Tannoudji, Bernard Diu, Franck Laloë, 刘家谟(译), 陈星奎(译) (z-lib.org).pdf","30247470","False","excluded","超过本次小文件上限 10 MiB","09/19/2023 20:51:17"
"/物理类/量子力学/书籍/量子力学 by Cohen/量子力学 by Claude Cohen-Tannoudji, Bernard Diu, Franck Laloë, 陈星奎(译), 刘家谟(译) (z-lib.org).pdf","/物理类/量子力学/书籍/量子力学 by Cohen","量子力学 by Claude Cohen-Tannoudji, Bernard Diu, Franck Laloë, 陈星奎(译), 刘家谟(译) (z-lib.org).pdf","26055363","False","excluded","超过本次小文件上限 10 MiB","09/19/2023 20:51:26"
"/物理类/量子力学/书籍/量子力学 by 曾谨言/量子力学 曾谨言 卷一.pdf","/物理类/量子力学/书籍/量子力学 by 曾谨言","量子力学 曾谨言 卷一.pdf","12889196","False","excluded","超过本次小文件上限 10 MiB","09/19/2023 20:57:16"
"/物理类/量子力学/书籍/量子力学 by 曾谨言/量子力学 曾谨言 卷二.pdf","/物理类/量子力学/书籍/量子力学 by 曾谨言","量子力学 曾谨言 卷二.pdf","13433142","False","excluded","超过本次小文件上限 10 MiB","09/19/2023 20:57:11"
"/物理类/量子力学/书籍/量子力学 by 顾樵/量子力学I by [德] 顾樵(Qiao GU) (z-lib.org).pdf","/物理类/量子力学/书籍/量子力学 by 顾樵","量子力学I by [德] 顾樵(Qiao GU) (z-lib.org).pdf","55931866","False","excluded","超过本次小文件上限 10 MiB","09/19/2023 20:55:17"
"/物理类/量子力学/书籍/量子力学 by 顾樵/量子力学II by [德] 顾樵(Qiao GU) (z-lib.org).pdf","/物理类/量子力学/书籍/量子力学 by 顾樵","量子力学II by [德] 顾樵(Qiao GU) (z-lib.org).pdf","46722039","False","excluded","超过本次小文件上限 10 MiB","09/19/2023 20:55:03"
"/物理类/量子物理计算方法选讲/paper/simple-dmrg-master/.gitattributes","/物理类/量子物理计算方法选讲/paper/simple-dmrg-master",".gitattributes","12","False","included","小型课程资料","03/15/2022 18:31:24"
"/物理类/量子物理计算方法选讲/paper/simple-dmrg-master/.gitignore","/物理类/量子物理计算方法选讲/paper/simple-dmrg-master",".gitignore","32","False","included","小型课程资料","03/15/2022 18:31:25"
"/物理类/量子物理计算方法选讲/paper/simple-dmrg-master/CITATION.bib","/物理类/量子物理计算方法选讲/paper/simple-dmrg-master","CITATION.bib","266","False","included","小型课程资料","03/15/2022 18:31:26"
"/物理类/量子物理计算方法选讲/paper/simple-dmrg-master/LICENSE","/物理类/量子物理计算方法选讲/paper/simple-dmrg-master","LICENSE","1105","False","included","小型课程资料","03/15/2022 18:31:36"
"/物理类/量子物理计算方法选讲/paper/simple-dmrg-master/README.rst","/物理类/量子物理计算方法选讲/paper/simple-dmrg-master","README.rst","1202","False","included","小型课程资料","03/15/2022 18:31:37"
"/物理类/量子物理计算方法选讲/paper/simple-dmrg-master/simple_dmrg_01_infinite_system.jl","/物理类/量子物理计算方法选讲/paper/simple-dmrg-master","simple_dmrg_01_infinite_system.jl","6598","False","included","小型课程资料","03/15/2022 18:31:38"
"/物理类/量子物理计算方法选讲/paper/simple-dmrg-master/simple_dmrg_01_infinite_system.py","/物理类/量子物理计算方法选讲/paper/simple-dmrg-master","simple_dmrg_01_infinite_system.py","6991","False","included","小型课程资料","03/15/2022 18:31:38"
"/物理类/量子物理计算方法选讲/paper/simple-dmrg-master/simple_dmrg_02_finite_system.jl","/物理类/量子物理计算方法选讲/paper/simple-dmrg-master","simple_dmrg_02_finite_system.jl","9880","False","included","小型课程资料","03/15/2022 18:31:39"
"/物理类/量子物理计算方法选讲/paper/simple-dmrg-master/simple_dmrg_02_finite_system.py","/物理类/量子物理计算方法选讲/paper/simple-dmrg-master","simple_dmrg_02_finite_system.py","10076","False","included","小型课程资料","03/15/2022 18:31:40"
"/物理类/量子物理计算方法选讲/paper/simple-dmrg-master/simple_dmrg_03_conserved_quantum_numbers.py","/物理类/量子物理计算方法选讲/paper/simple-dmrg-master","simple_dmrg_03_conserved_quantum_numbers.py","14338","False","included","小型课程资料","03/15/2022 18:31:41"
"/物理类/量子物理计算方法选讲/paper/simple-dmrg-master/simple_dmrg_04_eigenstate_prediction.py","/物理类/量子物理计算方法选讲/paper/simple-dmrg-master","simple_dmrg_04_eigenstate_prediction.py","18429","False","included","小型课程资料","03/15/2022 18:31:41"
"/计算机类/数据结构/25秋作业题/LAB1/9529-CST LAB1 Embrace DSA.md","/计算机类/数据结构/25秋作业题/LAB1","9529-CST LAB1 Embrace DSA.md","12373","False","included","小型课程资料","07/29/2026 20:53:58"
"/计算机类/数据结构/25秋作业题/LAB1/题目汇总.md","/计算机类/数据结构/25秋作业题/LAB1","题目汇总.md","12445","False","included","小型课程资料","07/29/2026 20:53:58"
"/计算机类/数据结构/25秋作业题/LAB2/9525-CST LAB2 Zuma.md","/计算机类/数据结构/25秋作业题/LAB2","9525-CST LAB2 Zuma.md","6966","False","included","小型课程资料","07/29/2026 20:53:58"
"/计算机类/数据结构/25秋作业题/LAB2/题目汇总.md","/计算机类/数据结构/25秋作业题/LAB2","题目汇总.md","7038","False","included","小型课程资料","07/29/2026 20:53:58"
"/计算机类/数据结构/25秋作业题/LAB3/9526-CST LAB3 HashFun.md","/计算机类/数据结构/25秋作业题/LAB3","9526-CST LAB3 HashFun.md","12269","False","included","小型课程资料","07/29/2026 20:53:58"
"/计算机类/数据结构/25秋作业题/LAB3/题目汇总.md","/计算机类/数据结构/25秋作业题/LAB3","题目汇总.md","12341","False","included","小型课程资料","07/29/2026 20:53:59"
"/计算机类/数据结构/25秋作业题/LAB4/9527-CST LAB4-1 BBST.md","/计算机类/数据结构/25秋作业题/LAB4","9527-CST LAB4-1 BBST.md","2046","False","included","小型课程资料","07/29/2026 20:53:59"
"/计算机类/数据结构/25秋作业题/LAB4/9528-CST LAB4 MoreSort.md","/计算机类/数据结构/25秋作业题/LAB4","9528-CST LAB4 MoreSort.md","5821","False","included","小型课程资料","07/29/2026 20:53:59"
"/计算机类/数据结构/25秋作业题/LAB4/题目汇总.md","/计算机类/数据结构/25秋作业题/LAB4","题目汇总.md","7870","False","included","小型课程资料","07/29/2026 20:53:59"
"/计算机类/数据结构/25秋作业题/PA1/9489-CST 1-1-1 filename.md","/计算机类/数据结构/25秋作业题/PA1","9489-CST 1-1-1 filename.md","1734","False","included","小型课程资料","07/29/2026 20:53:59"
"/计算机类/数据结构/25秋作业题/PA1/9490-CST 1-1-2 Interview-old.md","/计算机类/数据结构/25秋作业题/PA1","9490-CST 1-1-2 Interview-old.md","2265","False","included","小型课程资料","07/29/2026 20:53:59"
"/计算机类/数据结构/25秋作业题/PA1/9491-CST 1-2-1 Gift.md","/计算机类/数据结构/25秋作业题/PA1","9491-CST 1-2-1 Gift.md","2087","False","included","小型课程资料","07/29/2026 20:54:00"
"/计算机类/数据结构/25秋作业题/PA1/9492-CST 1-2-2 Graphics.md","/计算机类/数据结构/25秋作业题/PA1","9492-CST 1-2-2 Graphics.md","1734","False","included","小型课程资料","07/29/2026 20:54:00"
"/计算机类/数据结构/25秋作业题/PA1/9493-CST 1-2-3 二维偏序.md","/计算机类/数据结构/25秋作业题/PA1","9493-CST 1-2-3 二维偏序.md","4076","False","included","小型课程资料","07/29/2026 20:54:00"
"/计算机类/数据结构/25秋作业题/PA1/题目汇总.md","/计算机类/数据结构/25秋作业题/PA1","题目汇总.md","11691","False","included","小型课程资料","07/29/2026 20:54:00"
"/计算机类/数据结构/25秋作业题/PA2/9512-CST 2-1-1 Queues.md","/计算机类/数据结构/25秋作业题/PA2","9512-CST 2-1-1 Queues.md","4738","False","included","小型课程资料","07/29/2026 20:54:00"
"/计算机类/数据结构/25秋作业题/PA2/9513-CST 2-1-2 Risk.md","/计算机类/数据结构/25秋作业题/PA2","9513-CST 2-1-2 Risk.md","2773","False","included","小型课程资料","07/29/2026 20:54:00"
"/计算机类/数据结构/25秋作业题/PA2/9662-CST 2-1-3 Restore.md","/计算机类/数据结构/25秋作业题/PA2","9662-CST 2-1-3 Restore.md","1672","False","included","小型课程资料","07/29/2026 20:54:00"
"/计算机类/数据结构/25秋作业题/PA2/9668-CST 2-2-1 Scheduler.md","/计算机类/数据结构/25秋作业题/PA2","9668-CST 2-2-1 Scheduler.md","5164","False","included","小型课程资料","07/29/2026 20:54:00"
"/计算机类/数据结构/25秋作业题/PA2/9669-CST 2-2-2 Polynomial.md","/计算机类/数据结构/25秋作业题/PA2","9669-CST 2-2-2 Polynomial.md","3981","False","included","小型课程资料","07/29/2026 20:54:01"
"/计算机类/数据结构/25秋作业题/PA2/9670-CST 2-2-3 Triangulation.md","/计算机类/数据结构/25秋作业题/PA2","9670-CST 2-2-3 Triangulation.md","8666","False","included","小型课程资料","07/29/2026 20:54:01"
"/计算机类/数据结构/25秋作业题/PA2/9671-CST 2-3-1 Build(normal).md","/计算机类/数据结构/25秋作业题/PA2","9671-CST 2-3-1 Build(normal).md","4401","False","included","小型课程资料","07/29/2026 20:54:01"
"/计算机类/数据结构/25秋作业题/PA2/9672-CST 2-3-2 Sect.md","/计算机类/数据结构/25秋作业题/PA2","9672-CST 2-3-2 Sect.md","3288","False","included","小型课程资料","07/29/2026 20:54:01"
"/计算机类/数据结构/25秋作业题/PA2/9673-CST 2-3-3 Build(hard).md","/计算机类/数据结构/25秋作业题/PA2","9673-CST 2-3-3 Build(hard).md","5060","False","included","小型课程资料","07/29/2026 20:54:01"
"/计算机类/数据结构/25秋作业题/PA2/题目汇总.md","/计算机类/数据结构/25秋作业题/PA2","题目汇总.md","39262","False","included","小型课程资料","07/29/2026 20:54:01"
"/计算机类/数据结构/25秋作业题/PA3/9504-CST 3-1-1 History.md","/计算机类/数据结构/25秋作业题/PA3","9504-CST 3-1-1 History.md","2756","False","included","小型课程资料","07/29/2026 20:54:01"
"/计算机类/数据结构/25秋作业题/PA3/9505-CST 3-1-2 Dance.md","/计算机类/数据结构/25秋作业题/PA3","9505-CST 3-1-2 Dance.md","2814","False","included","小型课程资料","07/29/2026 20:54:02"
"/计算机类/数据结构/25秋作业题/PA3/9506-CST 3-1-3 Feature.md","/计算机类/数据结构/25秋作业题/PA3","9506-CST 3-1-3 Feature.md","5058","False","included","小型课程资料","07/29/2026 20:54:02"
"/计算机类/数据结构/25秋作业题/PA3/9507-CST X-1-1 Pokerface.md","/计算机类/数据结构/25秋作业题/PA3","9507-CST X-1-1 Pokerface.md","1560","False","included","小型课程资料","07/29/2026 20:54:02"
"/计算机类/数据结构/25秋作业题/PA3/9508-CST X-1-2 Kidd.md","/计算机类/数据结构/25秋作业题/PA3","9508-CST X-1-2 Kidd.md","1417","False","included","小型课程资料","07/29/2026 20:54:02"
"/计算机类/数据结构/25秋作业题/PA3/9509-CST 3-2-1 Huffman.md","/计算机类/数据结构/25秋作业题/PA3","9509-CST 3-2-1 Huffman.md","2154","False","included","小型课程资料","07/29/2026 20:54:02"
"/计算机类/数据结构/25秋作业题/PA3/9510-CST 3-2-2 Temperature.md","/计算机类/数据结构/25秋作业题/PA3","9510-CST 3-2-2 Temperature.md","6009","False","included","小型课程资料","07/29/2026 20:54:02"
"/计算机类/数据结构/25秋作业题/PA3/9511-CST 3-2-3 Nearest Neighbor.md","/计算机类/数据结构/25秋作业题/PA3","9511-CST 3-2-3 Nearest Neighbor.md","2020","False","included","小型课程资料","07/29/2026 20:54:02"
"/计算机类/数据结构/25秋作业题/PA3/题目汇总.md","/计算机类/数据结构/25秋作业题/PA3","题目汇总.md","23376","False","included","小型课程资料","07/29/2026 20:54:02"
"/计算机类/数据结构/25秋作业题/PA4/9494-CST X-2-1 Virus.md","/计算机类/数据结构/25秋作业题/PA4","9494-CST X-2-1 Virus.md","1587","False","included","小型课程资料","07/29/2026 20:53:57"
"/计算机类/数据结构/25秋作业题/PA4/9495-CST X-2-2 Game.md","/计算机类/数据结构/25秋作业题/PA4","9495-CST X-2-2 Game.md","1947","False","included","小型课程资料","07/29/2026 20:53:57"
"/计算机类/数据结构/25秋作业题/PA4/9496-CST X-2-3 Petroleum.md","/计算机类/数据结构/25秋作业题/PA4","9496-CST X-2-3 Petroleum.md","3603","False","included","小型课程资料","07/29/2026 20:53:57"
"/计算机类/数据结构/25秋作业题/PA4/9497-CST 4-1-1 Split String.md","/计算机类/数据结构/25秋作业题/PA4","9497-CST 4-1-1 Split String.md","1240","False","included","小型课程资料","07/29/2026 20:53:57"
"/计算机类/数据结构/25秋作业题/PA4/9760-CST 4-1-2 Pattern Matching.md","/计算机类/数据结构/25秋作业题/PA4","9760-CST 4-1-2 Pattern Matching.md","1920","False","included","小型课程资料","07/29/2026 20:53:57"
"/计算机类/数据结构/25秋作业题/PA4/9761-CST 4-1-3 Melody.md","/计算机类/数据结构/25秋作业题/PA4","9761-CST 4-1-3 Melody.md","4222","False","included","小型课程资料","07/29/2026 20:53:57"
"/计算机类/数据结构/25秋作业题/PA4/9762-CST 4-2-1 Process Schedule.md","/计算机类/数据结构/25秋作业题/PA4","9762-CST 4-2-1 Process Schedule.md","2253","False","included","小型课程资料","07/29/2026 20:53:57"
"/计算机类/数据结构/25秋作业题/PA4/9763-CST X-3-1 Component.md","/计算机类/数据结构/25秋作业题/PA4","9763-CST X-3-1 Component.md","1832","False","included","小型课程资料","07/29/2026 20:53:57"
"/计算机类/数据结构/25秋作业题/PA4/9764-CST 4-2-2 Sort.md","/计算机类/数据结构/25秋作业题/PA4","9764-CST 4-2-2 Sort.md","6950","False","included","小型课程资料","07/29/2026 20:53:57"
"/计算机类/数据结构/25秋作业题/PA4/题目汇总.md","/计算机类/数据结构/25秋作业题/PA4","题目汇总.md","25073","False","included","小型课程资料","07/29/2026 20:53:58"
"/计算机类/数据结构/THU-DSA-2025F-Notes-SECTION/01.算法概论/01.intro.A.Compu+Algor.pdf","/计算机类/数据结构/THU-DSA-2025F-Notes-SECTION/01.算法概论","01.intro.A.Compu+Algor.pdf","1595241","False","excluded","PDF 未识别为往年题、作业、笔记、总结或课程报告","06/23/2026 00:02:10"
"/计算机类/数据结构/THU-DSA-2025F-Notes-SECTION/01.算法概论/01.intro.B1.Model.TM.pdf","/计算机类/数据结构/THU-DSA-2025F-Notes-SECTION/01.算法概论","01.intro.B1.Model.TM.pdf","753265","False","excluded","PDF 未识别为往年题、作业、笔记、总结或课程报告","06/23/2026 00:02:11"
"/计算机类/数据结构/THU-DSA-2025F-Notes-SECTION/01.算法概论/01.intro.B2.Model.RAM.pdf","/计算机类/数据结构/THU-DSA-2025F-Notes-SECTION/01.算法概论","01.intro.B2.Model.RAM.pdf","794088","False","excluded","PDF 未识别为往年题、作业、笔记、总结或课程报告","06/23/2026 00:02:11"
"/计算机类/数据结构/THU-DSA-2025F-Notes-SECTION/01.算法概论/01.intro.C1.Asymp.Big_O.pdf","/计算机类/数据结构/THU-DSA-2025F-Notes-SECTION/01.算法概论","01.intro.C1.Asymp.Big_O.pdf","756932","False","excluded","PDF 未识别为往年题、作业、笔记、总结或课程报告","06/23/2026 00:02:11"
"/计算机类/数据结构/THU-DSA-2025F-Notes-SECTION/01.算法概论/01.intro.C2.Asymp.Polynomial+Tractable.pdf","/计算机类/数据结构/THU-DSA-2025F-Notes-SECTION/01.算法概论","01.intro.C2.Asymp.Polynomial+Tractable.pdf","1160887","False","excluded","PDF 未识别为往年题、作业、笔记、总结或课程报告","06/23/2026 00:02:12"
"/计算机类/数据结构/THU-DSA-2025F-Notes-SECTION/01.算法概论/01.intro.C3.Asymp.Exponential+Intractable.pdf","/计算机类/数据结构/THU-DSA-2025F-Notes-SECTION/01.算法概论","01.intro.C3.Asymp.Exponential+Intractable.pdf","939482","False","excluded","PDF 未识别为往年题、作业、笔记、总结或课程报告","06/23/2026 00:02:12"
"/计算机类/数据结构/THU-DSA-2025F-Notes-SECTION/01.算法概论/01.intro.D1.Analysis.Back_Of_Envelope.pdf","/计算机类/数据结构/THU-DSA-2025F-Notes-SECTION/01.算法概论","01.intro.D1.Analysis.Back_Of_Envelope.pdf","796432","False","excluded","PDF 未识别为往年题、作业、笔记、总结或课程报告","06/23/2026 00:02:12"
"/计算机类/数据结构/THU-DSA-2025F-Notes-SECTION/01.算法概论/01.intro.D2.Analysis.Vis.pdf","/计算机类/数据结构/THU-DSA-2025F-Notes-SECTION/01.算法概论","01.intro.D2.Analysis.Vis.pdf","787237","False","excluded","PDF 未识别为往年题、作业、笔记、总结或课程报告","06/23/2026 00:02:12"
"/计算机类/数据结构/THU-DSA-2025F-Notes-SECTION/01.算法概论/01.intro.D3.Analysis.Series.pdf","/计算机类/数据结构/THU-DSA-2025F-Notes-SECTION/01.算法概论","01.intro.D3.Analysis.Series.pdf","1242297","False","excluded","PDF 未识别为往年题、作业、笔记、总结或课程报告","06/23/2026 00:02:13"
"/计算机类/数据结构/THU-DSA-2025F-Notes-SECTION/01.算法概论/01.intro.E1.I+R.DeAC.pdf","/计算机类/数据结构/THU-DSA-2025F-Notes-SECTION/01.算法概论","01.intro.E1.I+R.DeAC.pdf","806427","False","excluded","PDF 未识别为往年题、作业、笔记、总结或课程报告","06/23/2026 00:02:13"
"/计算机类/数据结构/THU-DSA-2025F-Notes-SECTION/01.算法概论/01.intro.E2.I+R.DiAC.pdf","/计算机类/数据结构/THU-DSA-2025F-Notes-SECTION/01.算法概论","01.intro.E2.I+R.DiAC.pdf","2105215","False","excluded","PDF 未识别为往年题、作业、笔记、总结或课程报告","06/23/2026 00:02:13"
"/计算机类/数据结构/THU-DSA-2025F-Notes-SECTION/01.算法概论/01.intro.E3.I+R.GS.pdf","/计算机类/数据结构/THU-DSA-2025F-Notes-SECTION/01.算法概论","01.intro.E3.I+R.GS.pdf","939990","False","excluded","PDF 未识别为往年题、作业、笔记、总结或课程报告","06/23/2026 00:02:14"
"/计算机类/数据结构/THU-DSA-2025F-Notes-SECTION/01.算法概论/01.intro.F1.DP.Fib.pdf","/计算机类/数据结构/THU-DSA-2025F-Notes-SECTION/01.算法概论","01.intro.F1.DP.Fib.pdf","986885","False","excluded","PDF 未识别为往年题、作业、笔记、总结或课程报告","06/23/2026 00:02:14"
"/计算机类/数据结构/THU-DSA-2025F-Notes-SECTION/01.算法概论/01.intro.F2.DP.LCS.pdf","/计算机类/数据结构/THU-DSA-2025F-Notes-SECTION/01.算法概论","01.intro.F2.DP.LCS.pdf","1520301","False","excluded","PDF 未识别为往年题、作业、笔记、总结或课程报告","06/23/2026 00:02:14"
"/计算机类/数据结构/THU-DSA-2025F-Notes-SECTION/02.向量/02.Vector.A1.ADT.Interf+Impl.pdf","/计算机类/数据结构/THU-DSA-2025F-Notes-SECTION/02.向量","02.Vector.A1.ADT.Interf+Impl.pdf","856489","False","excluded","PDF 未识别为往年题、作业、笔记、总结或课程报告","06/23/2026 00:02:15"
"/计算机类/数据结构/THU-DSA-2025F-Notes-SECTION/02.向量/02.Vector.A2.ADT.Array2Vector.pdf","/计算机类/数据结构/THU-DSA-2025F-Notes-SECTION/02.向量","02.Vector.A2.ADT.Array2Vector.pdf","587292","False","excluded","PDF 未识别为往年题、作业、笔记、总结或课程报告","06/23/2026 00:02:15"
"/计算机类/数据结构/THU-DSA-2025F-Notes-SECTION/02.向量/02.Vector.A3.ADT.Template_Class.pdf","/计算机类/数据结构/THU-DSA-2025F-Notes-SECTION/02.向量","02.Vector.A3.ADT.Template_Class.pdf","725811","False","excluded","PDF 未识别为往年题、作业、笔记、总结或课程报告","06/23/2026 00:02:15"
"/计算机类/数据结构/THU-DSA-2025F-Notes-SECTION/02.向量/02.Vector.B1.insert+remove.pdf","/计算机类/数据结构/THU-DSA-2025F-Notes-SECTION/02.向量","02.Vector.B1.insert+remove.pdf","654345","False","excluded","PDF 未识别为往年题、作业、笔记、总结或课程报告","06/23/2026 00:02:16"
"/计算机类/数据结构/THU-DSA-2025F-Notes-SECTION/02.向量/02.Vector.B2.expand.pdf","/计算机类/数据结构/THU-DSA-2025F-Notes-SECTION/02.向量","02.Vector.B2.expand.pdf","541948","False","excluded","PDF 未识别为往年题、作业、笔记、总结或课程报告","06/23/2026 00:02:16"
"/计算机类/数据结构/THU-DSA-2025F-Notes-SECTION/02.向量/02.Vector.B3.amortization.pdf","/计算机类/数据结构/THU-DSA-2025F-Notes-SECTION/02.向量","02.Vector.B3.amortization.pdf","599431","False","excluded","PDF 未识别为往年题、作业、笔记、总结或课程报告","06/23/2026 00:02:16"
"/计算机类/数据结构/THU-DSA-2025F-Notes-SECTION/02.向量/02.Vector.B4.find+dedup.pdf","/计算机类/数据结构/THU-DSA-2025F-Notes-SECTION/02.向量","02.Vector.B4.find+dedup.pdf","566301","False","excluded","PDF 未识别为往年题、作业、笔记、总结或课程报告","06/23/2026 00:02:16"
"/计算机类/数据结构/THU-DSA-2025F-Notes-SECTION/02.向量/02.Vector.B5.traverse.pdf","/计算机类/数据结构/THU-DSA-2025F-Notes-SECTION/02.向量","02.Vector.B5.traverse.pdf","527775","False","excluded","PDF 未识别为往年题、作业、笔记、总结或课程报告","06/23/2026 00:02:17"
"/计算机类/数据结构/THU-DSA-2025F-Notes-SECTION/02.向量/02.Vector.C1.uniquify.pdf","/计算机类/数据结构/THU-DSA-2025F-Notes-SECTION/02.向量","02.Vector.C1.uniquify.pdf","583448","False","excluded","PDF 未识别为往年题、作业、笔记、总结或课程报告","06/23/2026 00:02:17"
"/计算机类/数据结构/THU-DSA-2025F-Notes-SECTION/02.向量/02.Vector.C2.binSearch_A.pdf","/计算机类/数据结构/THU-DSA-2025F-Notes-SECTION/02.向量","02.Vector.C2.binSearch_A.pdf","963633","False","excluded","PDF 未识别为往年题、作业、笔记、总结或课程报告","06/23/2026 00:02:17"
"/计算机类/数据结构/THU-DSA-2025F-Notes-SECTION/02.向量/02.Vector.C3.binSearch_B.pdf","/计算机类/数据结构/THU-DSA-2025F-Notes-SECTION/02.向量","02.Vector.C3.binSearch_B.pdf","631929","False","excluded","PDF 未识别为往年题、作业、笔记、总结或课程报告","06/23/2026 00:02:17"
"/计算机类/数据结构/THU-DSA-2025F-Notes-SECTION/02.向量/02.Vector.C4.binSearch_C.pdf","/计算机类/数据结构/THU-DSA-2025F-Notes-SECTION/02.向量","02.Vector.C4.binSearch_C.pdf","730013","False","excluded","PDF 未识别为往年题、作业、笔记、总结或课程报告","06/23/2026 00:02:18"
"/计算机类/数据结构/THU-DSA-2025F-Notes-SECTION/02.向量/02.Vector.C5.intSearch.pdf","/计算机类/数据结构/THU-DSA-2025F-Notes-SECTION/02.向量","02.Vector.C5.intSearch.pdf","887437","False","excluded","PDF 未识别为往年题、作业、笔记、总结或课程报告","06/23/2026 00:02:18"
"/计算机类/数据结构/THU-DSA-2025F-Notes-SECTION/02.向量/02.Vector.D.Bubblesort.pdf","/计算机类/数据结构/THU-DSA-2025F-Notes-SECTION/02.向量","02.Vector.D.Bubblesort.pdf","634443","False","excluded","PDF 未识别为往年题、作业、笔记、总结或课程报告","06/23/2026 00:02:18"
"/计算机类/数据结构/THU-DSA-2025F-Notes-SECTION/02.向量/02.Vector.E.Mergesort.pdf","/计算机类/数据结构/THU-DSA-2025F-Notes-SECTION/02.向量","02.Vector.E.Mergesort.pdf","925254","False","excluded","PDF 未识别为往年题、作业、笔记、总结或课程报告","06/23/2026 00:02:18"
"/计算机类/数据结构/THU-DSA-2025F-Notes-SECTION/02.向量/02.Vector.F1.Bitmap.struct.pdf","/计算机类/数据结构/THU-DSA-2025F-Notes-SECTION/02.向量","02.Vector.F1.Bitmap.struct.pdf","495870","False","excluded","PDF 未识别为往年题、作业、笔记、总结或课程报告","06/23/2026 00:02:19"
"/计算机类/数据结构/THU-DSA-2025F-Notes-SECTION/02.向量/02.Vector.F2.Bitmap.app.pdf","/计算机类/数据结构/THU-DSA-2025F-Notes-SECTION/02.向量","02.Vector.F2.Bitmap.app.pdf","1042043","False","excluded","PDF 未识别为往年题、作业、笔记、总结或课程报告","06/23/2026 00:02:19"
"/计算机类/数据结构/THU-DSA-2025F-Notes-SECTION/02.向量/02.Vector.F3.Bitmap.O(1)-init.pdf","/计算机类/数据结构/THU-DSA-2025F-Notes-SECTION/02.向量","02.Vector.F3.Bitmap.O(1)-init.pdf","738304","False","excluded","PDF 未识别为往年题、作业、笔记、总结或课程报告","06/23/2026 00:02:19"
"/计算机类/数据结构/THU-DSA-2025F-Notes-SECTION/03.列表/03.List.A1.call-by-posi.pdf","/计算机类/数据结构/THU-DSA-2025F-Notes-SECTION/03.列表","03.List.A1.call-by-posi.pdf","569381","False","excluded","PDF 未识别为往年题、作业、笔记、总结或课程报告","06/23/2026 00:02:20"
"/计算机类/数据结构/THU-DSA-2025F-Notes-SECTION/03.列表/03.List.A2.ADT+Impl.pdf","/计算机类/数据结构/THU-DSA-2025F-Notes-SECTION/03.列表","03.List.A2.ADT+Impl.pdf","660451","False","excluded","PDF 未识别为往年题、作业、笔记、总结或课程报告","06/23/2026 00:02:20"
"/计算机类/数据结构/THU-DSA-2025F-Notes-SECTION/03.列表/03.List.B1.insert+remove+move.pdf","/计算机类/数据结构/THU-DSA-2025F-Notes-SECTION/03.列表","03.List.B1.insert+remove+move.pdf","541492","False","excluded","PDF 未识别为往年题、作业、笔记、总结或课程报告","06/23/2026 00:02:20"
"/计算机类/数据结构/THU-DSA-2025F-Notes-SECTION/03.列表/03.List.B2.copy+destruct.pdf","/计算机类/数据结构/THU-DSA-2025F-Notes-SECTION/03.列表","03.List.B2.copy+destruct.pdf","500287","False","excluded","PDF 未识别为往年题、作业、笔记、总结或课程报告","06/23/2026 00:02:20"
"/计算机类/数据结构/THU-DSA-2025F-Notes-SECTION/03.列表/03.List.B3.find+dedup.pdf","/计算机类/数据结构/THU-DSA-2025F-Notes-SECTION/03.列表","03.List.B3.find+dedup.pdf","484116","False","excluded","PDF 未识别为往年题、作业、笔记、总结或课程报告","06/23/2026 00:02:21"
"/计算机类/数据结构/THU-DSA-2025F-Notes-SECTION/03.列表/03.List.B4.traverse.pdf","/计算机类/数据结构/THU-DSA-2025F-Notes-SECTION/03.列表","03.List.B4.traverse.pdf","511005","False","excluded","PDF 未识别为往年题、作业、笔记、总结或课程报告","06/23/2026 00:02:21"
"/计算机类/数据结构/THU-DSA-2025F-Notes-SECTION/03.列表/03.List.C.uniquify+search.pdf","/计算机类/数据结构/THU-DSA-2025F-Notes-SECTION/03.列表","03.List.C.uniquify+search.pdf","542023","False","excluded","PDF 未识别为往年题、作业、笔记、总结或课程报告","06/23/2026 00:02:21"
"/计算机类/数据结构/THU-DSA-2025F-Notes-SECTION/03.列表/03.List.D.Selectionsort.pdf","/计算机类/数据结构/THU-DSA-2025F-Notes-SECTION/03.列表","03.List.D.Selectionsort.pdf","1135296","False","excluded","PDF 未识别为往年题、作业、笔记、总结或课程报告","06/23/2026 00:02:21"
"/计算机类/数据结构/THU-DSA-2025F-Notes-SECTION/03.列表/03.List.E.Cycle.pdf","/计算机类/数据结构/THU-DSA-2025F-Notes-SECTION/03.列表","03.List.E.Cycle.pdf","702424","False","excluded","PDF 未识别为往年题、作业、笔记、总结或课程报告","06/23/2026 00:02:22"
"/计算机类/数据结构/THU-DSA-2025F-Notes-SECTION/03.列表/03.List.F.Insertionsort.pdf","/计算机类/数据结构/THU-DSA-2025F-Notes-SECTION/03.列表","03.List.F.Insertionsort.pdf","805300","False","excluded","PDF 未识别为往年题、作业、笔记、总结或课程报告","06/23/2026 00:02:22"
"/计算机类/数据结构/THU-DSA-2025F-Notes-SECTION/03.列表/03.List.G.Mergesort.pdf","/计算机类/数据结构/THU-DSA-2025F-Notes-SECTION/03.列表","03.List.G.Mergesort.pdf","505044","False","excluded","PDF 未识别为往年题、作业、笔记、总结或课程报告","06/23/2026 00:02:22"
"/计算机类/数据结构/THU-DSA-2025F-Notes-SECTION/03.列表/03.List.H.Inversion.pdf","/计算机类/数据结构/THU-DSA-2025F-Notes-SECTION/03.列表","03.List.H.Inversion.pdf","851810","False","excluded","PDF 未识别为往年题、作业、笔记、总结或课程报告","06/23/2026 00:02:23"
"/计算机类/数据结构/THU-DSA-2025F-Notes-SECTION/03.列表/03.List.XA.Cursor_List.pdf","/计算机类/数据结构/THU-DSA-2025F-Notes-SECTION/03.列表","03.List.XA.Cursor_List.pdf","733316","False","excluded","PDF 未识别为往年题、作业、笔记、总结或课程报告","06/23/2026 00:02:23"
"/计算机类/数据结构/THU-DSA-2025F-Notes-SECTION/03.列表/03.List.XB.Java_Sequence.pdf","/计算机类/数据结构/THU-DSA-2025F-Notes-SECTION/03.列表","03.List.XB.Java_Sequence.pdf","547313","False","excluded","PDF 未识别为往年题、作业、笔记、总结或课程报告","06/23/2026 00:02:23"
"/计算机类/数据结构/THU-DSA-2025F-Notes-SECTION/03.列表/03.List.XC.Python_List.pdf","/计算机类/数据结构/THU-DSA-2025F-Notes-SECTION/03.列表","03.List.XC.Python_List.pdf","576683","False","excluded","PDF 未识别为往年题、作业、笔记、总结或课程报告","06/23/2026 00:02:23"
"/计算机类/数据结构/THU-DSA-2025F-Notes-SECTION/04.栈与队列/04.S+Q.A.stack_ADT+impl.pdf","/计算机类/数据结构/THU-DSA-2025F-Notes-SECTION/04.栈与队列","04.S+Q.A.stack_ADT+impl.pdf","488806","False","excluded","PDF 未识别为往年题、作业、笔记、总结或课程报告","06/23/2026 00:02:24"
"/计算机类/数据结构/THU-DSA-2025F-Notes-SECTION/04.栈与队列/04.S+Q.B1.call_stack.principle+storage.pdf","/计算机类/数据结构/THU-DSA-2025F-Notes-SECTION/04.栈与队列","04.S+Q.B1.call_stack.principle+storage.pdf","1743454","False","excluded","PDF 未识别为往年题、作业、笔记、总结或课程报告","06/23/2026 00:02:24"
"/计算机类/数据结构/THU-DSA-2025F-Notes-SECTION/04.栈与队列/04.S+Q.B2.call_stack.tail_recursion.pdf","/计算机类/数据结构/THU-DSA-2025F-Notes-SECTION/04.栈与队列","04.S+Q.B2.call_stack.tail_recursion.pdf","759406","False","excluded","PDF 未识别为往年题、作业、笔记、总结或课程报告","06/23/2026 00:02:24"
"/计算机类/数据结构/THU-DSA-2025F-Notes-SECTION/04.栈与队列/04.S+Q.B3.call_stack.head_recursion.pdf","/计算机类/数据结构/THU-DSA-2025F-Notes-SECTION/04.栈与队列","04.S+Q.B3.call_stack.head_recursion.pdf","612358","False","excluded","PDF 未识别为往年题、作业、笔记、总结或课程报告","06/23/2026 00:02:25"
"/计算机类/数据结构/THU-DSA-2025F-Notes-SECTION/04.栈与队列/04.S+Q.C.parentheses.pdf","/计算机类/数据结构/THU-DSA-2025F-Notes-SECTION/04.栈与队列","04.S+Q.C.parentheses.pdf","827253","False","excluded","PDF 未识别为往年题、作业、笔记、总结或课程报告","06/23/2026 00:02:25"
"/计算机类/数据结构/THU-DSA-2025F-Notes-SECTION/04.栈与队列/04.S+Q.D.evaluate.pdf","/计算机类/数据结构/THU-DSA-2025F-Notes-SECTION/04.栈与队列","04.S+Q.D.evaluate.pdf","919156","False","excluded","PDF 未识别为往年题、作业、笔记、总结或课程报告","06/23/2026 00:02:25"
"/计算机类/数据结构/THU-DSA-2025F-Notes-SECTION/04.栈与队列/04.S+Q.E.RPN.pdf","/计算机类/数据结构/THU-DSA-2025F-Notes-SECTION/04.栈与队列","04.S+Q.E.RPN.pdf","885416","False","excluded","PDF 未识别为往年题、作业、笔记、总结或课程报告","06/23/2026 00:02:25"
"/计算机类/数据结构/THU-DSA-2025F-Notes-SECTION/04.栈与队列/04.S+Q.F.permutation.pdf","/计算机类/数据结构/THU-DSA-2025F-Notes-SECTION/04.栈与队列","04.S+Q.F.permutation.pdf","996656","False","excluded","PDF 未识别为往年题、作业、笔记、总结或课程报告","06/23/2026 00:02:26"
"/计算机类/数据结构/THU-DSA-2025F-Notes-SECTION/04.栈与队列/04.S+Q.G.Queue_ADT+impl.pdf","/计算机类/数据结构/THU-DSA-2025F-Notes-SECTION/04.栈与队列","04.S+Q.G.Queue_ADT+impl.pdf","460476","False","excluded","PDF 未识别为往年题、作业、笔记、总结或课程报告","06/23/2026 00:02:26"
"/计算机类/数据结构/THU-DSA-2025F-Notes-SECTION/04.栈与队列/04.S+Q.H.Queue_App.pdf","/计算机类/数据结构/THU-DSA-2025F-Notes-SECTION/04.栈与队列","04.S+Q.H.Queue_App.pdf","873261","False","excluded","PDF 未识别为往年题、作业、笔记、总结或课程报告","06/23/2026 00:02:26"
"/计算机类/数据结构/THU-DSA-2025F-Notes-SECTION/04.栈与队列/04.S+Q.I.Max-Rect.pdf","/计算机类/数据结构/THU-DSA-2025F-Notes-SECTION/04.栈与队列","04.S+Q.I.Max-Rect.pdf","936151","False","excluded","PDF 未识别为往年题、作业、笔记、总结或课程报告","06/23/2026 00:02:27"
"/计算机类/数据结构/THU-DSA-2025F-Notes-SECTION/04.栈与队列/04.S+Q.J.Max_Stack+Queue.pdf","/计算机类/数据结构/THU-DSA-2025F-Notes-SECTION/04.栈与队列","04.S+Q.J.Max_Stack+Queue.pdf","738542","False","excluded","PDF 未识别为往年题、作业、笔记、总结或课程报告","06/23/2026 00:02:27"
"/计算机类/数据结构/THU-DSA-2025F-Notes-SECTION/04.栈与队列/04.S+Q.K.Stacks_As_Queue.pdf","/计算机类/数据结构/THU-DSA-2025F-Notes-SECTION/04.栈与队列","04.S+Q.K.Stacks_As_Queue.pdf","589815","False","excluded","PDF 未识别为往年题、作业、笔记、总结或课程报告","06/23/2026 00:02:27"
"/计算机类/数据结构/THU-DSA-2025F-Notes-SECTION/05.二叉树/05.Binary_Tree.A1.Tree.Term.pdf","/计算机类/数据结构/THU-DSA-2025F-Notes-SECTION/05.二叉树","05.Binary_Tree.A1.Tree.Term.pdf","702109","False","excluded","PDF 未识别为往年题、作业、笔记、总结或课程报告","06/23/2026 00:02:27"
"/计算机类/数据结构/THU-DSA-2025F-Notes-SECTION/05.二叉树/05.Binary_Tree.A2.Tree.ADT+Impl.pdf","/计算机类/数据结构/THU-DSA-2025F-Notes-SECTION/05.二叉树","05.Binary_Tree.A2.Tree.ADT+Impl.pdf","615901","False","excluded","PDF 未识别为往年题、作业、笔记、总结或课程报告","06/23/2026 00:02:28"
"/计算机类/数据结构/THU-DSA-2025F-Notes-SECTION/05.二叉树/05.Binary_Tree.B1.BinTree.Prop+Transform.pdf","/计算机类/数据结构/THU-DSA-2025F-Notes-SECTION/05.二叉树","05.Binary_Tree.B1.BinTree.Prop+Transform.pdf","896074","False","excluded","PDF 未识别为往年题、作业、笔记、总结或课程报告","06/23/2026 00:02:28"
"/计算机类/数据结构/THU-DSA-2025F-Notes-SECTION/05.二叉树/05.Binary_Tree.B2.BinTree.Impl.pdf","/计算机类/数据结构/THU-DSA-2025F-Notes-SECTION/05.二叉树","05.Binary_Tree.B2.BinTree.Impl.pdf","838674","False","excluded","PDF 未识别为往年题、作业、笔记、总结或课程报告","06/23/2026 00:02:28"
"/计算机类/数据结构/THU-DSA-2025F-Notes-SECTION/05.二叉树/05.Binary_Tree.C1.Traverse.App.pdf","/计算机类/数据结构/THU-DSA-2025F-Notes-SECTION/05.二叉树","05.Binary_Tree.C1.Traverse.App.pdf","1093109","False","excluded","PDF 未识别为往年题、作业、笔记、总结或课程报告","06/23/2026 00:02:29"
"/计算机类/数据结构/THU-DSA-2025F-Notes-SECTION/05.二叉树/05.Binary_Tree.C2.Traverse.Preorder.pdf","/计算机类/数据结构/THU-DSA-2025F-Notes-SECTION/05.二叉树","05.Binary_Tree.C2.Traverse.Preorder.pdf","847137","False","excluded","PDF 未识别为往年题、作业、笔记、总结或课程报告","06/23/2026 00:02:29"
"/计算机类/数据结构/THU-DSA-2025F-Notes-SECTION/05.二叉树/05.Binary_Tree.C3.Traverse.Inorder.pdf","/计算机类/数据结构/THU-DSA-2025F-Notes-SECTION/05.二叉树","05.Binary_Tree.C3.Traverse.Inorder.pdf","862113","False","excluded","PDF 未识别为往年题、作业、笔记、总结或课程报告","06/23/2026 00:02:29"
"/计算机类/数据结构/THU-DSA-2025F-Notes-SECTION/05.二叉树/05.Binary_Tree.C4.Traverse.Succ.pdf","/计算机类/数据结构/THU-DSA-2025F-Notes-SECTION/05.二叉树","05.Binary_Tree.C4.Traverse.Succ.pdf","849718","False","excluded","PDF 未识别为往年题、作业、笔记、总结或课程报告","06/23/2026 00:02:29"
"/计算机类/数据结构/THU-DSA-2025F-Notes-SECTION/05.二叉树/05.Binary_Tree.C5.Traverse.Postorder.pdf","/计算机类/数据结构/THU-DSA-2025F-Notes-SECTION/05.二叉树","05.Binary_Tree.C5.Traverse.Postorder.pdf","938601","False","excluded","PDF 未识别为往年题、作业、笔记、总结或课程报告","06/23/2026 00:02:30"
"/计算机类/数据结构/THU-DSA-2025F-Notes-SECTION/05.二叉树/05.Binary_Tree.C6.Traverse.Levelorder.pdf","/计算机类/数据结构/THU-DSA-2025F-Notes-SECTION/05.二叉树","05.Binary_Tree.C6.Traverse.Levelorder.pdf","840689","False","excluded","PDF 未识别为往年题、作业、笔记、总结或课程报告","06/23/2026 00:02:30"
"/计算机类/数据结构/THU-DSA-2025F-Notes-SECTION/05.二叉树/05.Binary_Tree.C7.Traverse.Rebuild.pdf","/计算机类/数据结构/THU-DSA-2025F-Notes-SECTION/05.二叉树","05.Binary_Tree.C7.Traverse.Rebuild.pdf","834737","False","excluded","PDF 未识别为往年题、作业、笔记、总结或课程报告","06/23/2026 00:02:30"
"/计算机类/数据结构/THU-DSA-2025F-Notes-SECTION/05.二叉树/05.Binary_Tree.D1.Huffman.Prob+alg.pdf","/计算机类/数据结构/THU-DSA-2025F-Notes-SECTION/05.二叉树","05.Binary_Tree.D1.Huffman.Prob+alg.pdf","1570022","False","excluded","PDF 未识别为往年题、作业、笔记、总结或课程报告","06/23/2026 00:02:31"
"/计算机类/数据结构/THU-DSA-2025F-Notes-SECTION/05.二叉树/05.Binary_Tree.D2.Huffman.Correct.pdf","/计算机类/数据结构/THU-DSA-2025F-Notes-SECTION/05.二叉树","05.Binary_Tree.D2.Huffman.Correct.pdf","691185","False","excluded","PDF 未识别为往年题、作业、笔记、总结或课程报告","06/23/2026 00:02:31"
"/计算机类/数据结构/THU-DSA-2025F-Notes-SECTION/05.二叉树/05.Binary_Tree.D3.Huffman.Impl.pdf","/计算机类/数据结构/THU-DSA-2025F-Notes-SECTION/05.二叉树","05.Binary_Tree.D3.Huffman.Impl.pdf","629385","False","excluded","PDF 未识别为往年题、作业、笔记、总结或课程报告","06/23/2026 00:02:31"
"/计算机类/数据结构/THU-DSA-2025F-Notes-SECTION/05.二叉树/05.Binary_Tree.D4.Huffman.Impr.pdf","/计算机类/数据结构/THU-DSA-2025F-Notes-SECTION/05.二叉树","05.Binary_Tree.D4.Huffman.Impr.pdf","501592","False","excluded","PDF 未识别为往年题、作业、笔记、总结或课程报告","06/23/2026 00:02:31"
"/计算机类/数据结构/THU-DSA-2025F-Notes-SECTION/05.二叉树/05.Binary_Tree.E1.LB+WCOA.Comp_Tree.pdf","/计算机类/数据结构/THU-DSA-2025F-Notes-SECTION/05.二叉树","05.Binary_Tree.E1.LB+WCOA.Comp_Tree.pdf","683114","False","excluded","PDF 未识别为往年题、作业、笔记、总结或课程报告","06/23/2026 00:02:32"
"/计算机类/数据结构/THU-DSA-2025F-Notes-SECTION/05.二叉树/05.Binary_Tree.E2.LB+WCOA.Linear_Reduction.pdf","/计算机类/数据结构/THU-DSA-2025F-Notes-SECTION/05.二叉树","05.Binary_Tree.E2.LB+WCOA.Linear_Reduction.pdf","639000","False","excluded","PDF 未识别为往年题、作业、笔记、总结或课程报告","06/23/2026 00:02:32"
"/计算机类/数据结构/THU-DSA-2025F-Notes-SECTION/06.二叉搜索树/06.BST.A1.Seach.Call-By-Key.pdf","/计算机类/数据结构/THU-DSA-2025F-Notes-SECTION/06.二叉搜索树","06.BST.A1.Seach.Call-By-Key.pdf","524150","False","excluded","PDF 未识别为往年题、作业、笔记、总结或课程报告","06/23/2026 00:02:32"
"/计算机类/数据结构/THU-DSA-2025F-Notes-SECTION/06.二叉搜索树/06.BST.A2.Search.Inorder.pdf","/计算机类/数据结构/THU-DSA-2025F-Notes-SECTION/06.二叉搜索树","06.BST.A2.Search.Inorder.pdf","605331","False","excluded","PDF 未识别为往年题、作业、笔记、总结或课程报告","06/23/2026 00:02:32"
"/计算机类/数据结构/THU-DSA-2025F-Notes-SECTION/06.二叉搜索树/06.BST.B1.Alg.Search.pdf","/计算机类/数据结构/THU-DSA-2025F-Notes-SECTION/06.二叉搜索树","06.BST.B1.Alg.Search.pdf","546136","False","excluded","PDF 未识别为往年题、作业、笔记、总结或课程报告","06/23/2026 00:02:33"
"/计算机类/数据结构/THU-DSA-2025F-Notes-SECTION/06.二叉搜索树/06.BST.B2.Alg.Insert.pdf","/计算机类/数据结构/THU-DSA-2025F-Notes-SECTION/06.二叉搜索树","06.BST.B2.Alg.Insert.pdf","561154","False","excluded","PDF 未识别为往年题、作业、笔记、总结或课程报告","06/23/2026 00:02:33"
"/计算机类/数据结构/THU-DSA-2025F-Notes-SECTION/06.二叉搜索树/06.BST.B3.Alg.Remove.pdf","/计算机类/数据结构/THU-DSA-2025F-Notes-SECTION/06.二叉搜索树","06.BST.B3.Alg.Remove.pdf","663518","False","excluded","PDF 未识别为往年题、作业、笔记、总结或课程报告","06/23/2026 00:02:33"
"/计算机类/数据结构/THU-DSA-2025F-Notes-SECTION/06.二叉搜索树/06.BST.C1.Balance.perfect+Asymp.pdf","/计算机类/数据结构/THU-DSA-2025F-Notes-SECTION/06.二叉搜索树","06.BST.C1.Balance.perfect+Asymp.pdf","765161","False","excluded","PDF 未识别为往年题、作业、笔记、总结或课程报告","06/23/2026 00:02:33"
"/计算机类/数据结构/THU-DSA-2025F-Notes-SECTION/06.二叉搜索树/06.BST.C2.Balance.Equi_Trans.pdf","/计算机类/数据结构/THU-DSA-2025F-Notes-SECTION/06.二叉搜索树","06.BST.C2.Balance.Equi_Trans.pdf","532877","False","excluded","PDF 未识别为往年题、作业、笔记、总结或课程报告","06/23/2026 00:02:34"
"/计算机类/数据结构/THU-DSA-2025F-Notes-SECTION/06.二叉搜索树/06.BST.D1.AVL.Asymp_Balance.pdf","/计算机类/数据结构/THU-DSA-2025F-Notes-SECTION/06.二叉搜索树","06.BST.D1.AVL.Asymp_Balance.pdf","748817","False","excluded","PDF 未识别为往年题、作业、笔记、总结或课程报告","06/23/2026 00:02:34"
"/计算机类/数据结构/THU-DSA-2025F-Notes-SECTION/06.二叉搜索树/06.BST.D2.AVL.Unbal+Rebal.pdf","/计算机类/数据结构/THU-DSA-2025F-Notes-SECTION/06.二叉搜索树","06.BST.D2.AVL.Unbal+Rebal.pdf","519180","False","excluded","PDF 未识别为往年题、作业、笔记、总结或课程报告","06/23/2026 00:02:34"
"/计算机类/数据结构/THU-DSA-2025F-Notes-SECTION/06.二叉搜索树/06.BST.D3.AVL.Insert.pdf","/计算机类/数据结构/THU-DSA-2025F-Notes-SECTION/06.二叉搜索树","06.BST.D3.AVL.Insert.pdf","573381","False","excluded","PDF 未识别为往年题、作业、笔记、总结或课程报告","06/23/2026 00:02:35"
"/计算机类/数据结构/THU-DSA-2025F-Notes-SECTION/06.二叉搜索树/06.BST.D4.AVL.Remove.pdf","/计算机类/数据结构/THU-DSA-2025F-Notes-SECTION/06.二叉搜索树","06.BST.D4.AVL.Remove.pdf","589944","False","excluded","PDF 未识别为往年题、作业、笔记、总结或课程报告","06/23/2026 00:02:35"
"/计算机类/数据结构/THU-DSA-2025F-Notes-SECTION/06.二叉搜索树/06.BST.D5.AVL.3+4-2.pdf","/计算机类/数据结构/THU-DSA-2025F-Notes-SECTION/06.二叉搜索树","06.BST.D5.AVL.3+4-2.pdf","638256","False","excluded","PDF 未识别为往年题、作业、笔记、总结或课程报告","06/23/2026 00:02:35"
"/计算机类/数据结构/THU-DSA-2025F-Notes-SECTION/07.搜索树应用/07.BSTA.A.Int_Tree.pdf","/计算机类/数据结构/THU-DSA-2025F-Notes-SECTION/07.搜索树应用","07.BSTA.A.Int_Tree.pdf","818384","False","excluded","PDF 未识别为往年题、作业、笔记、总结或课程报告","06/23/2026 00:02:35"
"/计算机类/数据结构/THU-DSA-2025F-Notes-SECTION/07.搜索树应用/07.BSTA.B.Seg_Tree.pdf","/计算机类/数据结构/THU-DSA-2025F-Notes-SECTION/07.搜索树应用","07.BSTA.B.Seg_Tree.pdf","922206","False","excluded","PDF 未识别为往年题、作业、笔记、总结或课程报告","06/23/2026 00:02:36"
"/计算机类/数据结构/THU-DSA-2025F-Notes-SECTION/07.搜索树应用/07.BSTA.C1.Range_Tree.RQ.pdf","/计算机类/数据结构/THU-DSA-2025F-Notes-SECTION/07.搜索树应用","07.BSTA.C1.Range_Tree.RQ.pdf","646259","False","excluded","PDF 未识别为往年题、作业、笔记、总结或课程报告","06/23/2026 00:02:36"
"/计算机类/数据结构/THU-DSA-2025F-Notes-SECTION/07.搜索树应用/07.BSTA.C2.Range_Tree.BBST.pdf","/计算机类/数据结构/THU-DSA-2025F-Notes-SECTION/07.搜索树应用","07.BSTA.C2.Range_Tree.BBST.pdf","603255","False","excluded","PDF 未识别为往年题、作业、笔记、总结或课程报告","06/23/2026 00:02:36"
"/计算机类/数据结构/THU-DSA-2025F-Notes-SECTION/07.搜索树应用/07.BSTA.C3.Range_Tree.MLST.pdf","/计算机类/数据结构/THU-DSA-2025F-Notes-SECTION/07.搜索树应用","07.BSTA.C3.Range_Tree.MLST.pdf","705649","False","excluded","PDF 未识别为往年题、作业、笔记、总结或课程报告","06/23/2026 00:02:37"
"/计算机类/数据结构/THU-DSA-2025F-Notes-SECTION/07.搜索树应用/07.BSTA.C4.Range_Tree.FC.pdf","/计算机类/数据结构/THU-DSA-2025F-Notes-SECTION/07.搜索树应用","07.BSTA.C4.Range_Tree.FC.pdf","726016","False","excluded","PDF 未识别为往年题、作业、笔记、总结或课程报告","06/23/2026 00:02:37"
"/计算机类/数据结构/THU-DSA-2025F-Notes-SECTION/07.搜索树应用/07.BSTA.D1.kd-Tree.Struct.pdf","/计算机类/数据结构/THU-DSA-2025F-Notes-SECTION/07.搜索树应用","07.BSTA.D1.kd-Tree.Struct.pdf","1077967","False","excluded","PDF 未识别为往年题、作业、笔记、总结或课程报告","06/23/2026 00:02:37"
"/计算机类/数据结构/THU-DSA-2025F-Notes-SECTION/07.搜索树应用/07.BSTA.D2.kd-Tree.Query.pdf","/计算机类/数据结构/THU-DSA-2025F-Notes-SECTION/07.搜索树应用","07.BSTA.D2.kd-Tree.Query.pdf","524548","False","excluded","PDF 未识别为往年题、作业、笔记、总结或课程报告","06/23/2026 00:02:38"
"/计算机类/数据结构/THU-DSA-2025F-Notes-SECTION/07.搜索树应用/07.BSTA.D3.kd-Tree.Complexity.pdf","/计算机类/数据结构/THU-DSA-2025F-Notes-SECTION/07.搜索树应用","07.BSTA.D3.kd-Tree.Complexity.pdf","608171","False","excluded","PDF 未识别为往年题、作业、笔记、总结或课程报告","06/23/2026 00:02:38"
"/计算机类/数据结构/THU-DSA-2025F-Notes-SECTION/08.高级搜索树/08.ABST.A1.Splay.Splay1.pdf","/计算机类/数据结构/THU-DSA-2025F-Notes-SECTION/08.高级搜索树","08.ABST.A1.Splay.Splay1.pdf","1547801","False","excluded","PDF 未识别为往年题、作业、笔记、总结或课程报告","06/23/2026 00:02:38"
"/计算机类/数据结构/THU-DSA-2025F-Notes-SECTION/08.高级搜索树/08.ABST.A2.Splay.Splay2.pdf","/计算机类/数据结构/THU-DSA-2025F-Notes-SECTION/08.高级搜索树","08.ABST.A2.Splay.Splay2.pdf","1351125","False","excluded","PDF 未识别为往年题、作业、笔记、总结或课程报告","06/23/2026 00:02:39"
"/计算机类/数据结构/THU-DSA-2025F-Notes-SECTION/08.高级搜索树/08.ABST.A3.Splay.Alg+Impl.pdf","/计算机类/数据结构/THU-DSA-2025F-Notes-SECTION/08.高级搜索树","08.ABST.A3.Splay.Alg+Impl.pdf","778682","False","excluded","PDF 未识别为往年题、作业、笔记、总结或课程报告","06/23/2026 00:02:39"
"/计算机类/数据结构/THU-DSA-2025F-Notes-SECTION/08.高级搜索树/08.ABST.A4.Splay.Amortization.pdf","/计算机类/数据结构/THU-DSA-2025F-Notes-SECTION/08.高级搜索树","08.ABST.A4.Splay.Amortization.pdf","1730665","False","excluded","PDF 未识别为往年题、作业、笔记、总结或课程报告","06/23/2026 00:02:39"
"/计算机类/数据结构/THU-DSA-2025F-Notes-SECTION/08.高级搜索树/08.ABST.B1.B-Tree.Big_Data.pdf","/计算机类/数据结构/THU-DSA-2025F-Notes-SECTION/08.高级搜索树","08.ABST.B1.B-Tree.Big_Data.pdf","853868","False","excluded","PDF 未识别为往年题、作业、笔记、总结或课程报告","06/23/2026 00:02:40"
"/计算机类/数据结构/THU-DSA-2025F-Notes-SECTION/08.高级搜索树/08.ABST.B2.B-Tree.Cache.pdf","/计算机类/数据结构/THU-DSA-2025F-Notes-SECTION/08.高级搜索树","08.ABST.B2.B-Tree.Cache.pdf","976177","False","excluded","PDF 未识别为往年题、作业、笔记、总结或课程报告","06/23/2026 00:02:40"
"/计算机类/数据结构/THU-DSA-2025F-Notes-SECTION/08.高级搜索树/08.ABST.B3.B-Tree.Struct.pdf","/计算机类/数据结构/THU-DSA-2025F-Notes-SECTION/08.高级搜索树","08.ABST.B3.B-Tree.Struct.pdf","989483","False","excluded","PDF 未识别为往年题、作业、笔记、总结或课程报告","06/23/2026 00:02:40"
"/计算机类/数据结构/THU-DSA-2025F-Notes-SECTION/08.高级搜索树/08.ABST.B4.B-Tree.Search.pdf","/计算机类/数据结构/THU-DSA-2025F-Notes-SECTION/08.高级搜索树","08.ABST.B4.B-Tree.Search.pdf","936492","False","excluded","PDF 未识别为往年题、作业、笔记、总结或课程报告","06/23/2026 00:02:40"
"/计算机类/数据结构/THU-DSA-2025F-Notes-SECTION/08.高级搜索树/08.ABST.B5.B-Tree.Insert.pdf","/计算机类/数据结构/THU-DSA-2025F-Notes-SECTION/08.高级搜索树","08.ABST.B5.B-Tree.Insert.pdf","908518","False","excluded","PDF 未识别为往年题、作业、笔记、总结或课程报告","06/23/2026 00:02:41"
"/计算机类/数据结构/THU-DSA-2025F-Notes-SECTION/08.高级搜索树/08.ABST.B6.B-Tree.Remove.pdf","/计算机类/数据结构/THU-DSA-2025F-Notes-SECTION/08.高级搜索树","08.ABST.B6.B-Tree.Remove.pdf","878548","False","excluded","PDF 未识别为往年题、作业、笔记、总结或课程报告","06/23/2026 00:02:41"
"/计算机类/数据结构/THU-DSA-2025F-Notes-SECTION/08.高级搜索树/08.ABST.C1.RBT.Motivation.pdf","/计算机类/数据结构/THU-DSA-2025F-Notes-SECTION/08.高级搜索树","08.ABST.C1.RBT.Motivation.pdf","820036","False","excluded","PDF 未识别为往年题、作业、笔记、总结或课程报告","06/23/2026 00:02:41"
"/计算机类/数据结构/THU-DSA-2025F-Notes-SECTION/08.高级搜索树/08.ABST.C2.RBT.struct.pdf","/计算机类/数据结构/THU-DSA-2025F-Notes-SECTION/08.高级搜索树","08.ABST.C2.RBT.struct.pdf","750478","False","excluded","PDF 未识别为往年题、作业、笔记、总结或课程报告","06/23/2026 00:02:42"
"/计算机类/数据结构/THU-DSA-2025F-Notes-SECTION/08.高级搜索树/08.ABST.C3.RBT.Insert.pdf","/计算机类/数据结构/THU-DSA-2025F-Notes-SECTION/08.高级搜索树","08.ABST.C3.RBT.Insert.pdf","796307","False","excluded","PDF 未识别为往年题、作业、笔记、总结或课程报告","06/23/2026 00:02:42"
"/计算机类/数据结构/THU-DSA-2025F-Notes-SECTION/08.高级搜索树/08.ABST.C4.RBT.Remove.pdf","/计算机类/数据结构/THU-DSA-2025F-Notes-SECTION/08.高级搜索树","08.ABST.C4.RBT.Remove.pdf","972538","False","excluded","PDF 未识别为往年题、作业、笔记、总结或课程报告","06/23/2026 00:02:42"
"/计算机类/数据结构/THU-DSA-2025F-Notes-SECTION/08.高级搜索树/08.ABST.D1.Skiplist.Idea+struct.pdf","/计算机类/数据结构/THU-DSA-2025F-Notes-SECTION/08.高级搜索树","08.ABST.D1.Skiplist.Idea+struct.pdf","1120198","False","excluded","PDF 未识别为往年题、作业、笔记、总结或课程报告","06/23/2026 00:02:42"
"/计算机类/数据结构/THU-DSA-2025F-Notes-SECTION/08.高级搜索树/08.ABST.D2.Skiplist.Insert+Remove.pdf","/计算机类/数据结构/THU-DSA-2025F-Notes-SECTION/08.高级搜索树","08.ABST.D2.Skiplist.Insert+Remove.pdf","762350","False","excluded","PDF 未识别为往年题、作业、笔记、总结或课程报告","06/23/2026 00:02:43"
"/计算机类/数据结构/THU-DSA-2025F-Notes-SECTION/08.高级搜索树/08.ABST.D3.Skiplist.Search+Complexity.pdf","/计算机类/数据结构/THU-DSA-2025F-Notes-SECTION/08.高级搜索树","08.ABST.D3.Skiplist.Search+Complexity.pdf","1002786","False","excluded","PDF 未识别为往年题、作业、笔记、总结或课程报告","06/23/2026 00:02:43"
"/计算机类/数据结构/THU-DSA-2025F-Notes-SECTION/09.词典/09.Dictionary.A1.Hashing.Call-by-Object.pdf","/计算机类/数据结构/THU-DSA-2025F-Notes-SECTION/09.词典","09.Dictionary.A1.Hashing.Call-by-Object.pdf","692551","False","excluded","PDF 未识别为往年题、作业、笔记、总结或课程报告","06/23/2026 00:02:43"
"/计算机类/数据结构/THU-DSA-2025F-Notes-SECTION/09.词典/09.Dictionary.A2.Hashing.Principle.pdf","/计算机类/数据结构/THU-DSA-2025F-Notes-SECTION/09.词典","09.Dictionary.A2.Hashing.Principle.pdf","1018823","False","excluded","PDF 未识别为往年题、作业、笔记、总结或课程报告","06/23/2026 00:02:44"
"/计算机类/数据结构/THU-DSA-2025F-Notes-SECTION/09.词典/09.Dictionary.A3.Hashing.Collision.pdf","/计算机类/数据结构/THU-DSA-2025F-Notes-SECTION/09.词典","09.Dictionary.A3.Hashing.Collision.pdf","1071635","False","excluded","PDF 未识别为往年题、作业、笔记、总结或课程报告","06/23/2026 00:02:44"
"/计算机类/数据结构/THU-DSA-2025F-Notes-SECTION/09.词典/09.Dictionary.B1.Hash_Func.Basic.pdf","/计算机类/数据结构/THU-DSA-2025F-Notes-SECTION/09.词典","09.Dictionary.B1.Hash_Func.Basic.pdf","968321","False","excluded","PDF 未识别为往年题、作业、笔记、总结或课程报告","06/23/2026 00:02:44"
"/计算机类/数据结构/THU-DSA-2025F-Notes-SECTION/09.词典/09.Dictionary.B2.Hash_Func.Random_Number.pdf","/计算机类/数据结构/THU-DSA-2025F-Notes-SECTION/09.词典","09.Dictionary.B2.Hash_Func.Random_Number.pdf","546776","False","excluded","PDF 未识别为往年题、作业、笔记、总结或课程报告","06/23/2026 00:02:45"
"/计算机类/数据结构/THU-DSA-2025F-Notes-SECTION/09.词典/09.Dictionary.B3.Hash_Func.HashCode.pdf","/计算机类/数据结构/THU-DSA-2025F-Notes-SECTION/09.词典","09.Dictionary.B3.Hash_Func.HashCode.pdf","758963","False","excluded","PDF 未识别为往年题、作业、笔记、总结或课程报告","06/23/2026 00:02:45"
"/计算机类/数据结构/THU-DSA-2025F-Notes-SECTION/09.词典/09.Dictionary.C1.Solve_Collision.Open_Hashing.pdf","/计算机类/数据结构/THU-DSA-2025F-Notes-SECTION/09.词典","09.Dictionary.C1.Solve_Collision.Open_Hashing.pdf","556425","False","excluded","PDF 未识别为往年题、作业、笔记、总结或课程报告","06/23/2026 00:02:45"
"/计算机类/数据结构/THU-DSA-2025F-Notes-SECTION/09.词典/09.Dictionary.C2.Solve_Collision.Closed_Hashing.pdf","/计算机类/数据结构/THU-DSA-2025F-Notes-SECTION/09.词典","09.Dictionary.C2.Solve_Collision.Closed_Hashing.pdf","655306","False","excluded","PDF 未识别为往年题、作业、笔记、总结或课程报告","06/23/2026 00:02:45"
"/计算机类/数据结构/THU-DSA-2025F-Notes-SECTION/09.词典/09.Dictionary.C3.Solve_Collision.Lazy_Remove.pdf","/计算机类/数据结构/THU-DSA-2025F-Notes-SECTION/09.词典","09.Dictionary.C3.Solve_Collision.Lazy_Remove.pdf","492955","False","excluded","PDF 未识别为往年题、作业、笔记、总结或课程报告","06/23/2026 00:02:46"
"/计算机类/数据结构/THU-DSA-2025F-Notes-SECTION/09.词典/09.Dictionary.C4.Solve_Collision.Rehash.pdf","/计算机类/数据结构/THU-DSA-2025F-Notes-SECTION/09.词典","09.Dictionary.C4.Solve_Collision.Rehash.pdf","515561","False","excluded","PDF 未识别为往年题、作业、笔记、总结或课程报告","06/23/2026 00:02:46"
"/计算机类/数据结构/THU-DSA-2025F-Notes-SECTION/09.词典/09.Dictionary.C5.Solve_Collision.Quad_Probe.pdf","/计算机类/数据结构/THU-DSA-2025F-Notes-SECTION/09.词典","09.Dictionary.C5.Solve_Collision.Quad_Probe.pdf","779247","False","excluded","PDF 未识别为往年题、作业、笔记、总结或课程报告","06/23/2026 00:02:46"
"/计算机类/数据结构/THU-DSA-2025F-Notes-SECTION/09.词典/09.Dictionary.C6.Solve_Collision.Bi_Quad_Probe.pdf","/计算机类/数据结构/THU-DSA-2025F-Notes-SECTION/09.词典","09.Dictionary.C6.Solve_Collision.Bi_Quad_Probe.pdf","787426","False","excluded","PDF 未识别为往年题、作业、笔记、总结或课程报告","06/23/2026 00:02:46"
"/计算机类/数据结构/THU-DSA-2025F-Notes-SECTION/09.词典/09.Dictionary.C7.Solve_Collision.Double_Hashing.pdf","/计算机类/数据结构/THU-DSA-2025F-Notes-SECTION/09.词典","09.Dictionary.C7.Solve_Collision.Double_Hashing.pdf","463334","False","excluded","PDF 未识别为往年题、作业、笔记、总结或课程报告","06/23/2026 00:02:47"
"/计算机类/数据结构/THU-DSA-2025F-Notes-SECTION/09.词典/09.Dictionary.D.Bucketsort+MaxGap.pdf","/计算机类/数据结构/THU-DSA-2025F-Notes-SECTION/09.词典","09.Dictionary.D.Bucketsort+MaxGap.pdf","687720","False","excluded","PDF 未识别为往年题、作业、笔记、总结或课程报告","06/23/2026 00:02:47"
"/计算机类/数据结构/THU-DSA-2025F-Notes-SECTION/09.词典/09.Dictionary.E.Radixsort+IntSort.pdf","/计算机类/数据结构/THU-DSA-2025F-Notes-SECTION/09.词典","09.Dictionary.E.Radixsort+IntSort.pdf","1324638","False","excluded","PDF 未识别为往年题、作业、笔记、总结或课程报告","06/23/2026 00:02:47"
"/计算机类/数据结构/THU-DSA-2025F-Notes-SECTION/09.词典/09.Dictionary.F.CountingSort.pdf","/计算机类/数据结构/THU-DSA-2025F-Notes-SECTION/09.词典","09.Dictionary.F.CountingSort.pdf","1349110","False","excluded","PDF 未识别为往年题、作业、笔记、总结或课程报告","06/23/2026 00:02:47"
"/计算机类/数据结构/THU-DSA-2025F-Notes-SECTION/10.图基础/10.Graph.A.Introduction.pdf","/计算机类/数据结构/THU-DSA-2025F-Notes-SECTION/10.图基础","10.Graph.A.Introduction.pdf","553957","False","excluded","PDF 未识别为往年题、作业、笔记、总结或课程报告","06/23/2026 00:02:48"
"/计算机类/数据结构/THU-DSA-2025F-Notes-SECTION/10.图基础/10.Graph.B1.Adj_Matrix.Idea.pdf","/计算机类/数据结构/THU-DSA-2025F-Notes-SECTION/10.图基础","10.Graph.B1.Adj_Matrix.Idea.pdf","633073","False","excluded","PDF 未识别为往年题、作业、笔记、总结或课程报告","06/23/2026 00:02:48"
"/计算机类/数据结构/THU-DSA-2025F-Notes-SECTION/10.图基础/10.Graph.B2.Adj_Matrix.Impl.pdf","/计算机类/数据结构/THU-DSA-2025F-Notes-SECTION/10.图基础","10.Graph.B2.Adj_Matrix.Impl.pdf","513751","False","excluded","PDF 未识别为往年题、作业、笔记、总结或课程报告","06/23/2026 00:02:48"
"/计算机类/数据结构/THU-DSA-2025F-Notes-SECTION/10.图基础/10.Graph.B3.Adj_Matrix.Static_Op.pdf","/计算机类/数据结构/THU-DSA-2025F-Notes-SECTION/10.图基础","10.Graph.B3.Adj_Matrix.Static_Op.pdf","508717","False","excluded","PDF 未识别为往年题、作业、笔记、总结或课程报告","06/23/2026 00:02:48"
"/计算机类/数据结构/THU-DSA-2025F-Notes-SECTION/10.图基础/10.Graph.B4.Adj_Matrix.Dynamic_Op.pdf","/计算机类/数据结构/THU-DSA-2025F-Notes-SECTION/10.图基础","10.Graph.B4.Adj_Matrix.Dynamic_Op.pdf","574498","False","excluded","PDF 未识别为往年题、作业、笔记、总结或课程报告","06/23/2026 00:02:49"
"/计算机类/数据结构/THU-DSA-2025F-Notes-SECTION/10.图基础/10.Graph.B5.Adj_Matrix.Pro+Con.pdf","/计算机类/数据结构/THU-DSA-2025F-Notes-SECTION/10.图基础","10.Graph.B5.Adj_Matrix.Pro+Con.pdf","487991","False","excluded","PDF 未识别为往年题、作业、笔记、总结或课程报告","06/23/2026 00:02:49"
"/计算机类/数据结构/THU-DSA-2025F-Notes-SECTION/10.图基础/10.Graph.C.Adj_List.pdf","/计算机类/数据结构/THU-DSA-2025F-Notes-SECTION/10.图基础","10.Graph.C.Adj_List.pdf","911431","False","excluded","PDF 未识别为往年题、作业、笔记、总结或课程报告","06/23/2026 00:02:49"
"/计算机类/数据结构/THU-DSA-2025F-Notes-SECTION/10.图基础/10.Graph.D1.BFS.Alg.pdf","/计算机类/数据结构/THU-DSA-2025F-Notes-SECTION/10.图基础","10.Graph.D1.BFS.Alg.pdf","569074","False","excluded","PDF 未识别为往年题、作业、笔记、总结或课程报告","06/23/2026 00:02:50"
"/计算机类/数据结构/THU-DSA-2025F-Notes-SECTION/10.图基础/10.Graph.D2.BFS.Example.pdf","/计算机类/数据结构/THU-DSA-2025F-Notes-SECTION/10.图基础","10.Graph.D2.BFS.Example.pdf","827679","False","included","小型课程资料","06/23/2026 00:02:50"
"/计算机类/数据结构/THU-DSA-2025F-Notes-SECTION/10.图基础/10.Graph.D3.BFS.Generalization.pdf","/计算机类/数据结构/THU-DSA-2025F-Notes-SECTION/10.图基础","10.Graph.D3.BFS.Generalization.pdf","538432","False","excluded","PDF 未识别为往年题、作业、笔记、总结或课程报告","06/23/2026 00:02:50"
"/计算机类/数据结构/THU-DSA-2025F-Notes-SECTION/10.图基础/10.Graph.D4.BFS.Properties.pdf","/计算机类/数据结构/THU-DSA-2025F-Notes-SECTION/10.图基础","10.Graph.D4.BFS.Properties.pdf","457212","False","excluded","PDF 未识别为往年题、作业、笔记、总结或课程报告","06/23/2026 00:02:50"
"/计算机类/数据结构/THU-DSA-2025F-Notes-SECTION/10.图基础/10.Graph.D5.BFS.Appl.pdf","/计算机类/数据结构/THU-DSA-2025F-Notes-SECTION/10.图基础","10.Graph.D5.BFS.Appl.pdf","575272","False","excluded","PDF 未识别为往年题、作业、笔记、总结或课程报告","06/23/2026 00:02:51"
"/计算机类/数据结构/THU-DSA-2025F-Notes-SECTION/10.图基础/10.Graph.E1.DFS.Alg.pdf","/计算机类/数据结构/THU-DSA-2025F-Notes-SECTION/10.图基础","10.Graph.E1.DFS.Alg.pdf","482238","False","excluded","PDF 未识别为往年题、作业、笔记、总结或课程报告","06/23/2026 00:02:51"
"/计算机类/数据结构/THU-DSA-2025F-Notes-SECTION/10.图基础/10.Graph.E2.DFS.Examples.pdf","/计算机类/数据结构/THU-DSA-2025F-Notes-SECTION/10.图基础","10.Graph.E2.DFS.Examples.pdf","1677756","False","included","小型课程资料","06/23/2026 00:02:51"
"/计算机类/数据结构/THU-DSA-2025F-Notes-SECTION/10.图基础/10.Graph.E3.DFS.Generalization.pdf","/计算机类/数据结构/THU-DSA-2025F-Notes-SECTION/10.图基础","10.Graph.E3.DFS.Generalization.pdf","443388","False","excluded","PDF 未识别为往年题、作业、笔记、总结或课程报告","06/23/2026 00:02:51"
"/计算机类/数据结构/THU-DSA-2025F-Notes-SECTION/10.图基础/10.Graph.E4.DFS.Properties.pdf","/计算机类/数据结构/THU-DSA-2025F-Notes-SECTION/10.图基础","10.Graph.E4.DFS.Properties.pdf","724496","False","excluded","PDF 未识别为往年题、作业、笔记、总结或课程报告","06/23/2026 00:02:52"
"/计算机类/数据结构/THU-DSA-2025F-Notes-SECTION/11.图进阶/11.GraphApp.A1.TS.0-Indeg.pdf","/计算机类/数据结构/THU-DSA-2025F-Notes-SECTION/11.图进阶","11.GraphApp.A1.TS.0-Indeg.pdf","792322","False","excluded","PDF 未识别为往年题、作业、笔记、总结或课程报告","06/23/2026 00:02:52"
"/计算机类/数据结构/THU-DSA-2025F-Notes-SECTION/11.图进阶/11.GraphApp.A2.TS.0-Outdeg.pdf","/计算机类/数据结构/THU-DSA-2025F-Notes-SECTION/11.图进阶","11.GraphApp.A2.TS.0-Outdeg.pdf","561017","False","excluded","PDF 未识别为往年题、作业、笔记、总结或课程报告","06/23/2026 00:02:52"
"/计算机类/数据结构/THU-DSA-2025F-Notes-SECTION/11.图进阶/11.GraphApp.B1.BCC.Criteria.pdf","/计算机类/数据结构/THU-DSA-2025F-Notes-SECTION/11.图进阶","11.GraphApp.B1.BCC.Criteria.pdf","721242","False","excluded","PDF 未识别为往年题、作业、笔记、总结或课程报告","06/23/2026 00:02:53"
"/计算机类/数据结构/THU-DSA-2025F-Notes-SECTION/11.图进阶/11.GraphApp.B2.BCC.Alg.pdf","/计算机类/数据结构/THU-DSA-2025F-Notes-SECTION/11.图进阶","11.GraphApp.B2.BCC.Alg.pdf","628887","False","excluded","PDF 未识别为往年题、作业、笔记、总结或课程报告","06/23/2026 00:02:53"
"/计算机类/数据结构/THU-DSA-2025F-Notes-SECTION/11.图进阶/11.GraphApp.B3.BCC.Example.pdf","/计算机类/数据结构/THU-DSA-2025F-Notes-SECTION/11.图进阶","11.GraphApp.B3.BCC.Example.pdf","892640","False","included","小型课程资料","06/23/2026 00:02:53"
"/计算机类/数据结构/THU-DSA-2025F-Notes-SECTION/11.图进阶/11.GraphApp.C.PFS.pdf","/计算机类/数据结构/THU-DSA-2025F-Notes-SECTION/11.图进阶","11.GraphApp.C.PFS.pdf","601613","False","excluded","PDF 未识别为往年题、作业、笔记、总结或课程报告","06/23/2026 00:02:53"
"/计算机类/数据结构/THU-DSA-2025F-Notes-SECTION/11.图进阶/11.GraphApp.D1.Dijkstra.SP.pdf","/计算机类/数据结构/THU-DSA-2025F-Notes-SECTION/11.图进阶","11.GraphApp.D1.Dijkstra.SP.pdf","753969","False","excluded","PDF 未识别为往年题、作业、笔记、总结或课程报告","06/23/2026 00:02:54"
"/计算机类/数据结构/THU-DSA-2025F-Notes-SECTION/11.图进阶/11.GraphApp.D2.Dijkstra.SPT.pdf","/计算机类/数据结构/THU-DSA-2025F-Notes-SECTION/11.图进阶","11.GraphApp.D2.Dijkstra.SPT.pdf","534842","False","excluded","PDF 未识别为往年题、作业、笔记、总结或课程报告","06/23/2026 00:02:54"
"/计算机类/数据结构/THU-DSA-2025F-Notes-SECTION/11.图进阶/11.GraphApp.D3.Dijkstra.Alg.pdf","/计算机类/数据结构/THU-DSA-2025F-Notes-SECTION/11.图进阶","11.GraphApp.D3.Dijkstra.Alg.pdf","652297","False","excluded","PDF 未识别为往年题、作业、笔记、总结或课程报告","06/23/2026 00:02:54"
"/计算机类/数据结构/THU-DSA-2025F-Notes-SECTION/11.图进阶/11.GraphApp.D4.Dijkstra.Example.pdf","/计算机类/数据结构/THU-DSA-2025F-Notes-SECTION/11.图进阶","11.GraphApp.D4.Dijkstra.Example.pdf","593038","False","included","小型课程资料","06/23/2026 00:02:55"
"/计算机类/数据结构/THU-DSA-2025F-Notes-SECTION/11.图进阶/11.GraphApp.D5.Dijkstra.Impl.pdf","/计算机类/数据结构/THU-DSA-2025F-Notes-SECTION/11.图进阶","11.GraphApp.D5.Dijkstra.Impl.pdf","587502","False","excluded","PDF 未识别为往年题、作业、笔记、总结或课程报告","06/23/2026 00:02:55"
"/计算机类/数据结构/THU-DSA-2025F-Notes-SECTION/11.图进阶/11.GraphApp.E1.Prim.MST.pdf","/计算机类/数据结构/THU-DSA-2025F-Notes-SECTION/11.图进阶","11.GraphApp.E1.Prim.MST.pdf","685692","False","excluded","PDF 未识别为往年题、作业、笔记、总结或课程报告","06/23/2026 00:02:55"
"/计算机类/数据结构/THU-DSA-2025F-Notes-SECTION/11.图进阶/11.GraphApp.E2.Prim.Longest_Cycle_Edge+Shortest_Cut_Edge.pdf","/计算机类/数据结构/THU-DSA-2025F-Notes-SECTION/11.图进阶","11.GraphApp.E2.Prim.Longest_Cycle_Edge+Shortest_Cut_Edge.pdf","591617","False","included","小型课程资料","06/23/2026 00:02:55"
"/计算机类/数据结构/THU-DSA-2025F-Notes-SECTION/11.图进阶/11.GraphApp.E3.Prim.Example.pdf","/计算机类/数据结构/THU-DSA-2025F-Notes-SECTION/11.图进阶","11.GraphApp.E3.Prim.Example.pdf","887789","False","included","小型课程资料","06/23/2026 00:02:56"
"/计算机类/数据结构/THU-DSA-2025F-Notes-SECTION/11.图进阶/11.GraphApp.E4.Prim.Correctness.pdf","/计算机类/数据结构/THU-DSA-2025F-Notes-SECTION/11.图进阶","11.GraphApp.E4.Prim.Correctness.pdf","444572","False","excluded","PDF 未识别为往年题、作业、笔记、总结或课程报告","06/23/2026 00:02:56"
"/计算机类/数据结构/THU-DSA-2025F-Notes-SECTION/11.图进阶/11.GraphApp.E5.Prim.Impl.pdf","/计算机类/数据结构/THU-DSA-2025F-Notes-SECTION/11.图进阶","11.GraphApp.E5.Prim.Impl.pdf","584611","False","excluded","PDF 未识别为往年题、作业、笔记、总结或课程报告","06/23/2026 00:02:56"
"/计算机类/数据结构/THU-DSA-2025F-Notes-SECTION/11.图进阶/11.GraphApp.F1.Kruskal.Alg.pdf","/计算机类/数据结构/THU-DSA-2025F-Notes-SECTION/11.图进阶","11.GraphApp.F1.Kruskal.Alg.pdf","533264","False","excluded","PDF 未识别为往年题、作业、笔记、总结或课程报告","06/23/2026 00:02:57"
"/计算机类/数据结构/THU-DSA-2025F-Notes-SECTION/11.图进阶/11.GraphApp.F2.Kruskal.Union-Find.pdf","/计算机类/数据结构/THU-DSA-2025F-Notes-SECTION/11.图进阶","11.GraphApp.F2.Kruskal.Union-Find.pdf","918954","False","excluded","PDF 未识别为往年题、作业、笔记、总结或课程报告","06/23/2026 00:02:57"
"/计算机类/数据结构/THU-DSA-2025F-Notes-SECTION/11.图进阶/11.GraphApp.G.Floyd-Warshall.pdf","/计算机类/数据结构/THU-DSA-2025F-Notes-SECTION/11.图进阶","11.GraphApp.G.Floyd-Warshall.pdf","683197","False","excluded","PDF 未识别为往年题、作业、笔记、总结或课程报告","06/23/2026 00:02:57"
"/计算机类/数据结构/THU-DSA-2025F-Notes-SECTION/12.优先级队列/12.PQ.A1.intro.motivation+ADT.pdf","/计算机类/数据结构/THU-DSA-2025F-Notes-SECTION/12.优先级队列","12.PQ.A1.intro.motivation+ADT.pdf","422243","False","excluded","PDF 未识别为往年题、作业、笔记、总结或课程报告","06/23/2026 00:02:58"
"/计算机类/数据结构/THU-DSA-2025F-Notes-SECTION/12.优先级队列/12.PQ.A2.intro.Basic_Impl.pdf","/计算机类/数据结构/THU-DSA-2025F-Notes-SECTION/12.优先级队列","12.PQ.A2.intro.Basic_Impl.pdf","859227","False","excluded","PDF 未识别为往年题、作业、笔记、总结或课程报告","06/23/2026 00:02:58"
"/计算机类/数据结构/THU-DSA-2025F-Notes-SECTION/12.优先级队列/12.Pq.B1.CBH.Struct.pdf","/计算机类/数据结构/THU-DSA-2025F-Notes-SECTION/12.优先级队列","12.Pq.B1.CBH.Struct.pdf","664812","False","excluded","PDF 未识别为往年题、作业、笔记、总结或课程报告","06/23/2026 00:02:58"
"/计算机类/数据结构/THU-DSA-2025F-Notes-SECTION/12.优先级队列/12.Pq.B2.CBH.Insert.pdf","/计算机类/数据结构/THU-DSA-2025F-Notes-SECTION/12.优先级队列","12.Pq.B2.CBH.Insert.pdf","988297","False","excluded","PDF 未识别为往年题、作业、笔记、总结或课程报告","06/23/2026 00:02:58"
"/计算机类/数据结构/THU-DSA-2025F-Notes-SECTION/12.优先级队列/12.Pq.B3.CBH.DelMax.pdf","/计算机类/数据结构/THU-DSA-2025F-Notes-SECTION/12.优先级队列","12.Pq.B3.CBH.DelMax.pdf","953002","False","excluded","PDF 未识别为往年题、作业、笔记、总结或课程报告","06/23/2026 00:02:59"
"/计算机类/数据结构/THU-DSA-2025F-Notes-SECTION/12.优先级队列/12.Pq.B4.CBH.Heapify.pdf","/计算机类/数据结构/THU-DSA-2025F-Notes-SECTION/12.优先级队列","12.Pq.B4.CBH.Heapify.pdf","1025889","False","excluded","PDF 未识别为往年题、作业、笔记、总结或课程报告","06/23/2026 00:02:59"
"/计算机类/数据结构/THU-DSA-2025F-Notes-SECTION/12.优先级队列/12.Pq.B5.CBH.Heapsort.pdf","/计算机类/数据结构/THU-DSA-2025F-Notes-SECTION/12.优先级队列","12.Pq.B5.CBH.Heapsort.pdf","1008578","False","excluded","PDF 未识别为往年题、作业、笔记、总结或课程报告","06/23/2026 00:02:59"
"/计算机类/数据结构/THU-DSA-2025F-Notes-SECTION/12.优先级队列/12.PQ.C1.Tournament.Winner_Tree.pdf","/计算机类/数据结构/THU-DSA-2025F-Notes-SECTION/12.优先级队列","12.PQ.C1.Tournament.Winner_Tree.pdf","893426","False","excluded","PDF 未识别为往年题、作业、笔记、总结或课程报告","06/23/2026 00:03:00"
"/计算机类/数据结构/THU-DSA-2025F-Notes-SECTION/12.优先级队列/12.PQ.C2.Tournament.Loser_Tree.pdf","/计算机类/数据结构/THU-DSA-2025F-Notes-SECTION/12.优先级队列","12.PQ.C2.Tournament.Loser_Tree.pdf","751329","False","excluded","PDF 未识别为往年题、作业、笔记、总结或课程报告","06/23/2026 00:03:00"
"/计算机类/数据结构/THU-DSA-2025F-Notes-SECTION/12.优先级队列/12.PQ.D.d-Ary_Heap.pdf","/计算机类/数据结构/THU-DSA-2025F-Notes-SECTION/12.优先级队列","12.PQ.D.d-Ary_Heap.pdf","815619","False","excluded","PDF 未识别为往年题、作业、笔记、总结或课程报告","06/23/2026 00:03:00"
"/计算机类/数据结构/THU-DSA-2025F-Notes-SECTION/12.优先级队列/12.PQ.E1.LH.Merge+Vine.pdf","/计算机类/数据结构/THU-DSA-2025F-Notes-SECTION/12.优先级队列","12.PQ.E1.LH.Merge+Vine.pdf","889454","False","excluded","PDF 未识别为往年题、作业、笔记、总结或课程报告","06/23/2026 00:03:00"
"/计算机类/数据结构/THU-DSA-2025F-Notes-SECTION/12.优先级队列/12.PQ.E2.LH.Vine+NPL.pdf","/计算机类/数据结构/THU-DSA-2025F-Notes-SECTION/12.优先级队列","12.PQ.E2.LH.Vine+NPL.pdf","728020","False","excluded","PDF 未识别为往年题、作业、笔记、总结或课程报告","06/23/2026 00:03:01"
"/计算机类/数据结构/THU-DSA-2025F-Notes-SECTION/12.优先级队列/12.PQ.E3.LH.Merge_Alg.pdf","/计算机类/数据结构/THU-DSA-2025F-Notes-SECTION/12.优先级队列","12.PQ.E3.LH.Merge_Alg.pdf","748798","False","excluded","PDF 未识别为往年题、作业、笔记、总结或课程报告","06/23/2026 00:03:01"
"/计算机类/数据结构/THU-DSA-2025F-Notes-SECTION/12.优先级队列/12.PQ.E4.LH.Insert+Remove.pdf","/计算机类/数据结构/THU-DSA-2025F-Notes-SECTION/12.优先级队列","12.PQ.E4.LH.Insert+Remove.pdf","405980","False","excluded","PDF 未识别为往年题、作业、笔记、总结或课程报告","06/23/2026 00:03:01"
"/计算机类/数据结构/THU-DSA-2025F-Notes-SECTION/12.优先级队列/12.PQ.XA.PST.pdf","/计算机类/数据结构/THU-DSA-2025F-Notes-SECTION/12.优先级队列","12.PQ.XA.PST.pdf","705243","False","excluded","PDF 未识别为往年题、作业、笔记、总结或课程报告","06/23/2026 00:03:01"
"/计算机类/数据结构/THU-DSA-2025F-Notes-SECTION/13.串/13.String.A.ADT.pdf","/计算机类/数据结构/THU-DSA-2025F-Notes-SECTION/13.串","13.String.A.ADT.pdf","851919","False","excluded","PDF 未识别为往年题、作业、笔记、总结或课程报告","06/23/2026 00:03:02"
"/计算机类/数据结构/THU-DSA-2025F-Notes-SECTION/13.串/13.String.B.PM.pdf","/计算机类/数据结构/THU-DSA-2025F-Notes-SECTION/13.串","13.String.B.PM.pdf","630161","False","excluded","PDF 未识别为往年题、作业、笔记、总结或课程报告","06/23/2026 00:03:02"
"/计算机类/数据结构/THU-DSA-2025F-Notes-SECTION/13.串/13.String.C1.Kmp.Memorization.pdf","/计算机类/数据结构/THU-DSA-2025F-Notes-SECTION/13.串","13.String.C1.Kmp.Memorization.pdf","544960","False","excluded","PDF 未识别为往年题、作业、笔记、总结或课程报告","06/23/2026 00:03:02"
"/计算机类/数据结构/THU-DSA-2025F-Notes-SECTION/13.串/13.String.C2.Kmp.Lookup-Table.pdf","/计算机类/数据结构/THU-DSA-2025F-Notes-SECTION/13.串","13.String.C2.Kmp.Lookup-Table.pdf","812986","False","excluded","PDF 未识别为往年题、作业、笔记、总结或课程报告","06/23/2026 00:03:03"
"/计算机类/数据结构/THU-DSA-2025F-Notes-SECTION/13.串/13.String.C3.Kmp.BuildNext.pdf","/计算机类/数据结构/THU-DSA-2025F-Notes-SECTION/13.串","13.String.C3.Kmp.BuildNext.pdf","1081541","False","excluded","PDF 未识别为往年题、作业、笔记、总结或课程报告","06/23/2026 00:03:03"
"/计算机类/数据结构/THU-DSA-2025F-Notes-SECTION/13.串/13.String.C4.Kmp.Amortization.pdf","/计算机类/数据结构/THU-DSA-2025F-Notes-SECTION/13.串","13.String.C4.Kmp.Amortization.pdf","672634","False","excluded","PDF 未识别为往年题、作业、笔记、总结或课程报告","06/23/2026 00:03:03"
"/计算机类/数据结构/THU-DSA-2025F-Notes-SECTION/13.串/13.String.C5.Kmp.Impr.pdf","/计算机类/数据结构/THU-DSA-2025F-Notes-SECTION/13.串","13.String.C5.Kmp.Impr.pdf","1252454","False","excluded","PDF 未识别为往年题、作业、笔记、总结或课程报告","06/23/2026 00:03:04"
"/计算机类/数据结构/THU-DSA-2025F-Notes-SECTION/13.串/13.String.D1.BM_BC.Begin_With_The_End.pdf","/计算机类/数据结构/THU-DSA-2025F-Notes-SECTION/13.串","13.String.D1.BM_BC.Begin_With_The_End.pdf","566564","False","excluded","PDF 未识别为往年题、作业、笔记、总结或课程报告","06/23/2026 00:03:04"
"/计算机类/数据结构/THU-DSA-2025F-Notes-SECTION/13.串/13.String.D2.BM_BC.Bad_Char.pdf","/计算机类/数据结构/THU-DSA-2025F-Notes-SECTION/13.串","13.String.D2.BM_BC.Bad_Char.pdf","574022","False","excluded","PDF 未识别为往年题、作业、笔记、总结或课程报告","06/23/2026 00:03:04"
"/计算机类/数据结构/THU-DSA-2025F-Notes-SECTION/13.串/13.String.D3.BM_BC.Construct_BC.pdf","/计算机类/数据结构/THU-DSA-2025F-Notes-SECTION/13.串","13.String.D3.BM_BC.Construct_BC.pdf","467153","False","excluded","PDF 未识别为往年题、作业、笔记、总结或课程报告","06/23/2026 00:03:04"
"/计算机类/数据结构/THU-DSA-2025F-Notes-SECTION/13.串/13.String.D4.Bm_BC.Performance.pdf","/计算机类/数据结构/THU-DSA-2025F-Notes-SECTION/13.串","13.String.D4.Bm_BC.Performance.pdf","500528","False","excluded","PDF 未识别为往年题、作业、笔记、总结或课程报告","06/23/2026 00:03:05"
"/计算机类/数据结构/THU-DSA-2025F-Notes-SECTION/13.串/13.String.E1.Bm_GS.Good_Suff.pdf","/计算机类/数据结构/THU-DSA-2025F-Notes-SECTION/13.串","13.String.E1.Bm_GS.Good_Suff.pdf","794455","False","excluded","PDF 未识别为往年题、作业、笔记、总结或课程报告","06/23/2026 00:03:05"
"/计算机类/数据结构/THU-DSA-2025F-Notes-SECTION/13.串/13.String.E2.Bm_GS.Construct_GS.pdf","/计算机类/数据结构/THU-DSA-2025F-Notes-SECTION/13.串","13.String.E2.Bm_GS.Construct_GS.pdf","756410","False","excluded","PDF 未识别为往年题、作业、笔记、总结或课程报告","06/23/2026 00:03:05"
"/计算机类/数据结构/THU-DSA-2025F-Notes-SECTION/13.串/13.String.E3.Bm_GS.Performance.pdf","/计算机类/数据结构/THU-DSA-2025F-Notes-SECTION/13.串","13.String.E3.Bm_GS.Performance.pdf","425203","False","excluded","PDF 未识别为往年题、作业、笔记、总结或课程报告","06/23/2026 00:03:05"
"/计算机类/数据结构/THU-DSA-2025F-Notes-SECTION/13.串/13.String.F1.KR.Strings_Are_Number.pdf","/计算机类/数据结构/THU-DSA-2025F-Notes-SECTION/13.串","13.String.F1.KR.Strings_Are_Number.pdf","1029881","False","excluded","PDF 未识别为往年题、作业、笔记、总结或课程报告","06/23/2026 00:03:06"
"/计算机类/数据结构/THU-DSA-2025F-Notes-SECTION/13.串/13.String.F2.KR.Hashing.pdf","/计算机类/数据结构/THU-DSA-2025F-Notes-SECTION/13.串","13.String.F2.KR.Hashing.pdf","553343","False","excluded","PDF 未识别为往年题、作业、笔记、总结或课程报告","06/23/2026 00:03:06"
"/计算机类/数据结构/THU-DSA-2025F-Notes-SECTION/13.串/13.String.F3.KR.Bit_Width.pdf","/计算机类/数据结构/THU-DSA-2025F-Notes-SECTION/13.串","13.String.F3.KR.Bit_Width.pdf","991739","False","excluded","PDF 未识别为往年题、作业、笔记、总结或课程报告","06/23/2026 00:03:06"
"/计算机类/数据结构/THU-DSA-2025F-Notes-SECTION/13.串/13.String.G.Trie.pdf","/计算机类/数据结构/THU-DSA-2025F-Notes-SECTION/13.串","13.String.G.Trie.pdf","732336","False","excluded","PDF 未识别为往年题、作业、笔记、总结或课程报告","06/23/2026 00:03:07"
"/计算机类/数据结构/THU-DSA-2025F-Notes-SECTION/14.排序/14.Sorting.A1.Quicksort.Pivot.pdf","/计算机类/数据结构/THU-DSA-2025F-Notes-SECTION/14.排序","14.Sorting.A1.Quicksort.Pivot.pdf","639273","False","excluded","PDF 未识别为往年题、作业、笔记、总结或课程报告","06/23/2026 00:03:07"
"/计算机类/数据结构/THU-DSA-2025F-Notes-SECTION/14.排序/14.Sorting.A2.Quicksort.LUG.pdf","/计算机类/数据结构/THU-DSA-2025F-Notes-SECTION/14.排序","14.Sorting.A2.Quicksort.LUG.pdf","731711","False","excluded","PDF 未识别为往年题、作业、笔记、总结或课程报告","06/23/2026 00:03:07"
"/计算机类/数据结构/THU-DSA-2025F-Notes-SECTION/14.排序/14.Sorting.A3.Quicksort.Iteration+Greedy+Randomization.pdf","/计算机类/数据结构/THU-DSA-2025F-Notes-SECTION/14.排序","14.Sorting.A3.Quicksort.Iteration+Greedy+Randomization.pdf","865351","False","excluded","PDF 未识别为往年题、作业、笔记、总结或课程报告","06/23/2026 00:03:07"
"/计算机类/数据结构/THU-DSA-2025F-Notes-SECTION/14.排序/14.Sorting.A4.Quicksort.Recursion_Depth.pdf","/计算机类/数据结构/THU-DSA-2025F-Notes-SECTION/14.排序","14.Sorting.A4.Quicksort.Recursion_Depth.pdf","918640","False","excluded","PDF 未识别为往年题、作业、笔记、总结或课程报告","06/23/2026 00:03:08"
"/计算机类/数据结构/THU-DSA-2025F-Notes-SECTION/14.排序/14.Sorting.A5.Quicksort.#Compare.pdf","/计算机类/数据结构/THU-DSA-2025F-Notes-SECTION/14.排序","14.Sorting.A5.Quicksort.#Compare.pdf","1051959","False","excluded","PDF 未识别为往年题、作业、笔记、总结或课程报告","06/23/2026 00:03:08"
"/计算机类/数据结构/THU-DSA-2025F-Notes-SECTION/14.排序/14.Sorting.A6.Quicksort.DUP.pdf","/计算机类/数据结构/THU-DSA-2025F-Notes-SECTION/14.排序","14.Sorting.A6.Quicksort.DUP.pdf","579946","False","excluded","PDF 未识别为往年题、作业、笔记、总结或课程报告","06/23/2026 00:03:08"
"/计算机类/数据结构/THU-DSA-2025F-Notes-SECTION/14.排序/14.Sorting.A7.Quicksort.LGU.pdf","/计算机类/数据结构/THU-DSA-2025F-Notes-SECTION/14.排序","14.Sorting.A7.Quicksort.LGU.pdf","688036","False","excluded","PDF 未识别为往年题、作业、笔记、总结或课程报告","06/23/2026 00:03:09"
"/计算机类/数据结构/THU-DSA-2025F-Notes-SECTION/14.排序/14.Sorting.B1.Selection.Mode.pdf","/计算机类/数据结构/THU-DSA-2025F-Notes-SECTION/14.排序","14.Sorting.B1.Selection.Mode.pdf","649783","False","excluded","PDF 未识别为往年题、作业、笔记、总结或课程报告","06/23/2026 00:03:09"
"/计算机类/数据结构/THU-DSA-2025F-Notes-SECTION/14.排序/14.Sorting.B2.Selection.Median.pdf","/计算机类/数据结构/THU-DSA-2025F-Notes-SECTION/14.排序","14.Sorting.B2.Selection.Median.pdf","920905","False","excluded","PDF 未识别为往年题、作业、笔记、总结或课程报告","06/23/2026 00:03:09"
"/计算机类/数据结构/THU-DSA-2025F-Notes-SECTION/14.排序/14.Sorting.B3.Selection.QuickSelect.pdf","/计算机类/数据结构/THU-DSA-2025F-Notes-SECTION/14.排序","14.Sorting.B3.Selection.QuickSelect.pdf","824549","False","excluded","PDF 未识别为往年题、作业、笔记、总结或课程报告","06/23/2026 00:03:09"
"/计算机类/数据结构/THU-DSA-2025F-Notes-SECTION/14.排序/14.Sorting.B4.Selection.LinearSelect.pdf","/计算机类/数据结构/THU-DSA-2025F-Notes-SECTION/14.排序","14.Sorting.B4.Selection.LinearSelect.pdf","692389","False","excluded","PDF 未识别为往年题、作业、笔记、总结或课程报告","06/23/2026 00:03:10"
"/计算机类/数据结构/THU-DSA-2025F-Notes-SECTION/14.排序/14.Sorting.C1.Shellsort.Framework+Impl.pdf","/计算机类/数据结构/THU-DSA-2025F-Notes-SECTION/14.排序","14.Sorting.C1.Shellsort.Framework+Impl.pdf","1106333","False","excluded","PDF 未识别为往年题、作业、笔记、总结或课程报告","06/23/2026 00:03:10"
"/计算机类/数据结构/THU-DSA-2025F-Notes-SECTION/14.排序/14.Sorting.C2.Shellsort.Shell_Seq+Input_Sensitivity.pdf","/计算机类/数据结构/THU-DSA-2025F-Notes-SECTION/14.排序","14.Sorting.C2.Shellsort.Shell_Seq+Input_Sensitivity.pdf","1230560","False","excluded","PDF 未识别为往年题、作业、笔记、总结或课程报告","06/23/2026 00:03:10"
"/计算机类/数据结构/THU-DSA-2025F-Notes-SECTION/14.排序/14.Sorting.C3.Shellsort.PS_Seq.pdf","/计算机类/数据结构/THU-DSA-2025F-Notes-SECTION/14.排序","14.Sorting.C3.Shellsort.PS_Seq.pdf","736922","False","excluded","PDF 未识别为往年题、作业、笔记、总结或课程报告","06/23/2026 00:03:11"
"/计算机类/数据结构/THU-DSA-2025F-Notes-SECTION/14.排序/14.Sorting.C4.Shellsort.Pratt_Seq.pdf","/计算机类/数据结构/THU-DSA-2025F-Notes-SECTION/14.排序","14.Sorting.C4.Shellsort.Pratt_Seq.pdf","503272","False","excluded","PDF 未识别为往年题、作业、笔记、总结或课程报告","06/23/2026 00:03:11"
"/计算机类/数据结构/THU-DSA-2025F-Notes-SECTION/14.排序/14.Sorting.C5.Shellsort.Sedgewick_Seq.pdf","/计算机类/数据结构/THU-DSA-2025F-Notes-SECTION/14.排序","14.Sorting.C5.Shellsort.Sedgewick_Seq.pdf","462686","False","excluded","PDF 未识别为往年题、作业、笔记、总结或课程报告","06/23/2026 00:03:11"
"/计算机类/数据结构/THU_DSA-Demo-new/THU_DSA-Demo/jdk-7u80-windows-x64.exe","/计算机类/数据结构/THU_DSA-Demo-new/THU_DSA-Demo","jdk-7u80-windows-x64.exe","146893216","False","excluded","超过本次小文件上限 10 MiB","06/23/2026 00:01:58"
"/计算机类/数据结构/THU_DSA-Demo-new/THU_DSA-Demo/README.txt","/计算机类/数据结构/THU_DSA-Demo-new/THU_DSA-Demo","README.txt","404","False","included","小型课程资料","06/23/2026 00:01:58"
"/计算机类/数据结构/THU_DSA-Demo-new/THU_DSA-Demo/Win10配置Java环境变量.url","/计算机类/数据结构/THU_DSA-Demo-new/THU_DSA-Demo","Win10配置Java环境变量.url","82","False","included","小型课程资料","06/23/2026 00:01:58"
"/计算机类/数据结构/THU_DSA-Demo-new/THU_DSA-Demo/讲解视频.url","/计算机类/数据结构/THU_DSA-Demo-new/THU_DSA-Demo","讲解视频.url","79","False","excluded","课本、教材、讲义或课件","06/23/2026 00:01:58"
"/物理类/String Theory/Handbooks手册/Handbook of Chemistry and Physics/sec_06_Fluid Properties/06_03_00.pdf","/物理类/String Theory/Handbooks手册/Handbook of Chemistry and Physics/sec_06_Fluid Properties","06_03_00.pdf","4651","False","excluded","PDF 未识别为往年题、作业、笔记、总结或课程报告","09/19/2023 20:34:44"
"/物理类/大学物理/大物B/大物B题库/大物B题库/01质点力学.doc","/物理类/大学物理/大物B/大物B题库/大物B题库","01质点力学.doc","816128","False","included","小型课程资料","01/11/2024 20:40:37"
"/物理类/大学物理/大物B/大物B题库/大物B题库/01质点力学答案.doc","/物理类/大学物理/大物B/大物B题库/大物B题库","01质点力学答案.doc","813056","False","included","小型课程资料","01/11/2024 20:40:38"
"/物理类/大学物理/大物B/大物B题库/大物B题库/02牛顿力学.doc","/物理类/大学物理/大物B/大物B题库/大物B题库","02牛顿力学.doc","1253888","False","included","小型课程资料","01/11/2024 20:40:40"
"/物理类/大学物理/大物B/大物B题库/大物B题库/03动量与角动量(1).doc","/物理类/大学物理/大物B/大物B题库/大物B题库","03动量与角动量(1).doc","934912","False","included","小型课程资料","01/11/2024 20:40:42"
"/物理类/大学物理/大物B/大物B题库/大物B题库/03动量与角动量答案.doc","/物理类/大学物理/大物B/大物B题库/大物B题库","03动量与角动量答案.doc","495104","False","included","小型课程资料","01/11/2024 20:40:43"
"/物理类/大学物理/大物B/大物B题库/大物B题库/04功和能.doc","/物理类/大学物理/大物B/大物B题库/大物B题库","04功和能.doc","1103360","False","included","小型课程资料","01/11/2024 20:40:45"
"/物理类/大学物理/大物B/大物B题库/大物B题库/04功和能答案.doc","/物理类/大学物理/大物B/大物B题库/大物B题库","04功和能答案.doc","518656","False","included","小型课程资料","01/11/2024 20:40:46"
"/物理类/大学物理/大物B/大物B题库/大物B题库/05质点力学综合练习2.doc","/物理类/大学物理/大物B/大物B题库/大物B题库","05质点力学综合练习2.doc","1365504","False","included","小型课程资料","01/11/2024 20:40:48"
"/物理类/大学物理/大物B/大物B题库/大物B题库/05质点力学综合练习2答案.doc","/物理类/大学物理/大物B/大物B题库/大物B题库","05质点力学综合练习2答案.doc","1570816","False","included","小型课程资料","01/11/2024 20:40:50"
"/物理类/大学物理/大物B/大物B题库/大物B题库/06刚体力学.doc","/物理类/大学物理/大物B/大物B题库/大物B题库","06刚体力学.doc","1723904","False","included","小型课程资料","01/11/2024 20:40:52"
"/物理类/大学物理/大物B/大物B题库/大物B题库/06刚体力学答案.doc","/物理类/大学物理/大物B/大物B题库/大物B题库","06刚体力学答案.doc","1186304","False","included","小型课程资料","01/11/2024 20:40:54"
"/物理类/大学物理/大物B/大物B题库/大物B题库/07气动理论.doc","/物理类/大学物理/大物B/大物B题库/大物B题库","07气动理论.doc","913920","False","included","小型课程资料","01/11/2024 20:40:56"
"/物理类/大学物理/大物B/大物B题库/大物B题库/07气动理论答案.doc","/物理类/大学物理/大物B/大物B题库/大物B题库","07气动理论答案.doc","438784","False","included","小型课程资料","01/11/2024 20:40:56"
"/物理类/大学物理/大物B/大物B题库/大物B题库/08热力学.doc","/物理类/大学物理/大物B/大物B题库/大物B题库","08热力学.doc","2200064","False","included","小型课程资料","01/11/2024 20:40:59"
"/物理类/大学物理/大物B/大物B题库/大物B题库/08热力学答案.doc","/物理类/大学物理/大物B/大物B题库/大物B题库","08热力学答案.doc","1324544","False","included","小型课程资料","01/11/2024 20:41:01"
"/物理类/大学物理/大物B/大物B题库/大物B题库/09真空中的静电场.doc","/物理类/大学物理/大物B/大物B题库/大物B题库","09真空中的静电场.doc","5811712","False","included","小型课程资料","01/11/2024 20:41:06"
"/物理类/大学物理/大物B/大物B题库/大物B题库/09真空中的静电场答案.doc","/物理类/大学物理/大物B/大物B题库/大物B题库","09真空中的静电场答案.doc","3024384","False","included","小型课程资料","01/11/2024 20:41:10"
"/物理类/大学物理/大物B/大物B题库/大物B题库/10导体、介质中的静电.doc","/物理类/大学物理/大物B/大物B题库/大物B题库","10导体、介质中的静电.doc","1425920","False","included","小型课程资料","01/11/2024 20:41:11"
"/物理类/大学物理/大物B/大物B题库/大物B题库/10导体、介质中的静电答案.doc","/物理类/大学物理/大物B/大物B题库/大物B题库","10导体、介质中的静电答案.doc","510464","False","included","小型课程资料","01/11/2024 20:41:13"
"/物理类/大学物理/大物B/大物B题库/大物B题库/11真空中的稳恒磁场.doc","/物理类/大学物理/大物B/大物B题库/大物B题库","11真空中的稳恒磁场.doc","5687296","False","included","小型课程资料","01/11/2024 20:41:18"
"/物理类/大学物理/大物B/大物B题库/大物B题库/11真空中的稳恒磁场答案.doc","/物理类/大学物理/大物B/大物B题库/大物B题库","11真空中的稳恒磁场答案.doc","3502592","False","included","小型课程资料","01/11/2024 20:41:21"
"/物理类/大学物理/大物B/大物B题库/大物B题库/12有介质的稳恒磁场.doc","/物理类/大学物理/大物B/大物B题库/大物B题库","12有介质的稳恒磁场.doc","158720","False","included","小型课程资料","01/11/2024 20:41:22"
"/物理类/大学物理/大物B/大物B题库/大物B题库/12有介质的稳恒磁场答案.doc","/物理类/大学物理/大物B/大物B题库/大物B题库","12有介质的稳恒磁场答案.doc","53248","False","included","小型课程资料","01/11/2024 20:41:24"
"/物理类/大学物理/大物B/大物B题库/大物B题库/13电磁感应.doc","/物理类/大学物理/大物B/大物B题库/大物B题库","13电磁感应.doc","3088896","False","included","小型课程资料","01/11/2024 20:41:27"
"/物理类/大学物理/大物B/大物B题库/大物B题库/13电磁感应答案.doc","/物理类/大学物理/大物B/大物B题库/大物B题库","13电磁感应答案.doc","1568256","False","included","小型课程资料","01/11/2024 20:41:28"
"/物理类/大学物理/大物B/大物B题库/大物B题库/15振动.doc","/物理类/大学物理/大物B/大物B题库/大物B题库","15振动.doc","1418752","False","included","小型课程资料","01/11/2024 20:41:32"
"/物理类/大学物理/大物B/大物B题库/大物B题库/15振动答案.doc","/物理类/大学物理/大物B/大物B题库/大物B题库","15振动答案.doc","996352","False","included","小型课程资料","01/11/2024 20:41:34"
"/物理类/大学物理/大物B/大物B题库/大物B题库/16波动.doc","/物理类/大学物理/大物B/大物B题库/大物B题库","16波动.doc","2851840","False","included","小型课程资料","01/11/2024 20:41:37"
"/物理类/大学物理/大物B/大物B题库/大物B题库/16波动答案.doc","/物理类/大学物理/大物B/大物B题库/大物B题库","16波动答案.doc","1437696","False","included","小型课程资料","01/11/2024 20:41:38"
"/物理类/大学物理/大物B/大物B题库/大物B题库/17光的干涉.doc","/物理类/大学物理/大物B/大物B题库/大物B题库","17光的干涉.doc","1207296","False","included","小型课程资料","01/11/2024 20:41:39"
"/物理类/大学物理/大物B/大物B题库/大物B题库/17光的干涉答案.doc","/物理类/大学物理/大物B/大物B题库/大物B题库","17光的干涉答案.doc","594944","False","included","小型课程资料","01/11/2024 20:41:41"
"/物理类/大学物理/大物B/大物B题库/大物B题库/18光的衍射.doc","/物理类/大学物理/大物B/大物B题库/大物B题库","18光的衍射.doc","373248","False","included","小型课程资料","01/11/2024 20:41:42"
"/物理类/大学物理/大物B/大物B题库/大物B题库/18光的衍射答案.doc","/物理类/大学物理/大物B/大物B题库/大物B题库","18光的衍射答案.doc","355840","False","included","小型课程资料","01/11/2024 20:41:42"
"/物理类/大学物理/大物B/大物B题库/大物B题库/19光的偏振.doc","/物理类/大学物理/大物B/大物B题库/大物B题库","19光的偏振.doc","609792","False","included","小型课程资料","01/11/2024 20:41:43"
"/物理类/大学物理/大物B/大物B题库/大物B题库/19光的偏振答案.doc","/物理类/大学物理/大物B/大物B题库/大物B题库","19光的偏振答案.doc","557056","False","included","小型课程资料","01/11/2024 20:41:44"
"/物理类/大学物理/大物B/大物B题库/大物B题库/21量子物理基础.doc","/物理类/大学物理/大物B/大物B题库/大物B题库","21量子物理基础.doc","724480","False","included","小型课程资料","01/11/2024 20:41:45"
"/物理类/大学物理/大物B/大物B题库/大物B题库/21量子物理基础答案.doc","/物理类/大学物理/大物B/大物B题库/大物B题库","21量子物理基础答案.doc","1011200","False","included","小型课程资料","01/11/2024 20:41:46"
"/物理类/大学物理/大物B/大物B题库/大物B题库/22固体物理与激光.doc","/物理类/大学物理/大物B/大物B题库/大物B题库","22固体物理与激光.doc","112128","False","included","小型课程资料","01/11/2024 20:41:47"
"/物理类/大学物理/大物B/大物B题库/大物B题库/22固体物理与激光答案.doc","/物理类/大学物理/大物B/大物B题库/大物B题库","22固体物理与激光答案.doc","71168","False","included","小型课程资料","01/11/2024 20:41:48"
"/物理类/大学物理/大物B/大物B题库/大物B题库/23跨章综合.doc","/物理类/大学物理/大物B/大物B题库/大物B题库","23跨章综合.doc","391680","False","included","小型课程资料","01/11/2024 20:41:49"
"/物理类/大学物理/大物B/大物B题库/大物B题库/23跨章综合答案.doc","/物理类/大学物理/大物B/大物B题库/大物B题库","23跨章综合答案.doc","544768","False","included","小型课程资料","01/11/2024 20:41:50"
"/物理类/大学物理/大物B/大物B题库/大物B题库/大学物理B(1) 期中 2008.4.28.txt","/物理类/大学物理/大物B/大物B题库/大物B题库","大学物理B(1) 期中 2008.4.28.txt","4220","False","included","小型课程资料","01/11/2024 20:41:51"
"/物理类/大学物理/大物B/大物B题库/大物B题库/大学物理B1期中试题和答案_323501466.pdf","/物理类/大学物理/大物B/大物B题库/大物B题库","大学物理B1期中试题和答案_323501466.pdf","213912","False","included","小型课程资料","01/11/2024 20:41:52"
"/物理类/大学物理/大物B/大物B题库/大物B题库/期中考试A4.pdf","/物理类/大学物理/大物B/大物B题库/大物B题库","期中考试A4.pdf","411314","False","included","小型课程资料","01/11/2024 20:41:53"
"/物理类/大学物理/大物B/大物B题库/大物B题库/质点力学综合练习1.doc","/物理类/大学物理/大物B/大物B题库/大物B题库","质点力学综合练习1.doc","807936","False","included","小型课程资料","01/11/2024 20:41:57"
"/物理类/大学物理/大物B/大物B题库/大物B题库/质点力学综合练习1答案.doc","/物理类/大学物理/大物B/大物B题库/大物B题库","质点力学综合练习1答案.doc","102400","False","included","小型课程资料","01/11/2024 20:41:58"
"/物理类/大学物理/大物B/大物B题库/大物B题库/质点力学综合练习2.doc","/物理类/大学物理/大物B/大物B题库/大物B题库","质点力学综合练习2.doc","993280","False","included","小型课程资料","01/11/2024 20:41:59"
"/物理类/大学物理/大物B/大物B题库/大物B题库/质点力学综合练习2答案.doc","/物理类/大学物理/大物B/大物B题库/大物B题库","质点力学综合练习2答案.doc","1146880","False","included","小型课程资料","01/11/2024 20:42:01"
"/物理类/大学物理/张卫华/考试/2013.4大一下大物张卫华期中/IMG_2733.JPG","/物理类/大学物理/张卫华/考试/2013.4大一下大物张卫华期中","IMG_2733.JPG","1295803","False","included","小型课程资料","09/16/2023 22:44:29"
"/物理类/大学物理/张卫华/考试/2013.4大一下大物张卫华期中/IMG_2735.JPG","/物理类/大学物理/张卫华/考试/2013.4大一下大物张卫华期中","IMG_2735.JPG","1313825","False","included","小型课程资料","09/16/2023 22:44:29"
"/物理类/大学物理/张卫华/考试/2013.4大一下大物张卫华期中/IMG_2736.JPG","/物理类/大学物理/张卫华/考试/2013.4大一下大物张卫华期中","IMG_2736.JPG","1186238","False","included","小型课程资料","09/16/2023 22:44:29"
"/物理类/大学物理/张卫华/考试/2013.4大一下大物张卫华期中/IMG_2737.JPG","/物理类/大学物理/张卫华/考试/2013.4大一下大物张卫华期中","IMG_2737.JPG","1196437","False","included","小型课程资料","09/16/2023 22:44:29"
"/物理类/大学物理/张卫华/考试/2013.4大一下大物张卫华期中/IMG_2738.JPG","/物理类/大学物理/张卫华/考试/2013.4大一下大物张卫华期中","IMG_2738.JPG","1253180","False","included","小型课程资料","09/16/2023 22:44:29"
"/物理类/大学物理/张卫华/考试/2013.4大一下大物张卫华期中/IMG_2739.JPG","/物理类/大学物理/张卫华/考试/2013.4大一下大物张卫华期中","IMG_2739.JPG","1140260","False","included","小型课程资料","09/16/2023 22:44:29"
"/物理类/大学物理/张卫华/考试/2013.4大一下大物张卫华期中/IMG_2740.JPG","/物理类/大学物理/张卫华/考试/2013.4大一下大物张卫华期中","IMG_2740.JPG","1187810","False","included","小型课程资料","09/16/2023 22:44:29"
"/物理类/大学物理/张卫华/考试/2013.4大一下大物张卫华期中/IMG_2741.JPG","/物理类/大学物理/张卫华/考试/2013.4大一下大物张卫华期中","IMG_2741.JPG","1200170","False","included","小型课程资料","09/16/2023 22:44:29"
"/物理类/大学物理/张卫华/考试/2013.4大一下大物张卫华期中/IMG_2742.JPG","/物理类/大学物理/张卫华/考试/2013.4大一下大物张卫华期中","IMG_2742.JPG","1251063","False","included","小型课程资料","09/16/2023 22:44:29"
"/物理类/大学物理/张卫华/考试/2013.4大一下大物张卫华期中/IMG_2744.JPG","/物理类/大学物理/张卫华/考试/2013.4大一下大物张卫华期中","IMG_2744.JPG","1359940","False","included","小型课程资料","09/16/2023 22:44:29"
"/物理类/大学物理/张卫华/课件/力学/力学习题课_相对论.pdf","/物理类/大学物理/张卫华/课件/力学","力学习题课_相对论.pdf","371013","False","excluded","课本、教材、讲义或课件","09/16/2023 22:44:29"
"/物理类/大学物理/张卫华/课件/力学/力学复习课.pdf","/物理类/大学物理/张卫华/课件/力学","力学复习课.pdf","330630","False","excluded","课本、教材、讲义或课件","09/16/2023 22:44:29"
"/物理类/大学物理/张卫华/课件/力学/复习课_振动和波.pdf","/物理类/大学物理/张卫华/课件/力学","复习课_振动和波.pdf","1031149","False","excluded","课本、教材、讲义或课件","09/16/2023 22:44:29"
"/物理类/大学物理/张卫华/课件/力学/第1章质点运动的描述.pdf","/物理类/大学物理/张卫华/课件/力学","第1章质点运动的描述.pdf","13341508","False","excluded","超过本次小文件上限 10 MiB","09/16/2023 22:44:29"
"/物理类/大学物理/张卫华/课件/力学/第2章牛顿运动定律.pdf","/物理类/大学物理/张卫华/课件/力学","第2章牛顿运动定律.pdf","1254858","False","excluded","课本、教材、讲义或课件","09/16/2023 22:44:29"
"/物理类/大学物理/张卫华/课件/力学/第3章动量守恒和角动量守恒定律.pdf","/物理类/大学物理/张卫华/课件/力学","第3章动量守恒和角动量守恒定律.pdf","966872","False","excluded","课本、教材、讲义或课件","09/16/2023 22:44:29"
"/物理类/大学物理/张卫华/课件/力学/第4章能量守恒定律.pdf","/物理类/大学物理/张卫华/课件/力学","第4章能量守恒定律.pdf","4085778","False","excluded","课本、教材、讲义或课件","09/16/2023 22:44:29"
"/物理类/大学物理/张卫华/课件/力学/第5章质点系力学基础与刚体运动.pdf","/物理类/大学物理/张卫华/课件/力学","第5章质点系力学基础与刚体运动.pdf","1001451","False","excluded","课本、教材、讲义或课件","09/16/2023 22:44:29"
"/物理类/大学物理/张卫华/课件/力学/第6章运动与时空.pdf","/物理类/大学物理/张卫华/课件/力学","第6章运动与时空.pdf","1956496","False","excluded","课本、教材、讲义或课件","09/16/2023 22:44:29"
"/物理类/大学物理/张卫华/课件/力学/第7章狭义相对论动力学.pdf","/物理类/大学物理/张卫华/课件/力学","第7章狭义相对论动力学.pdf","1970310","False","excluded","课本、教材、讲义或课件","09/16/2023 22:44:29"
"/物理类/大学物理/张卫华/课件/力学/第8章振动.pdf","/物理类/大学物理/张卫华/课件/力学","第8章振动.pdf","473123","False","excluded","课本、教材、讲义或课件","09/16/2023 22:44:29"
"/物理类/大学物理/张卫华/课件/力学/第9章波动.pdf","/物理类/大学物理/张卫华/课件/力学","第9章波动.pdf","1450141","False","excluded","课本、教材、讲义或课件","09/16/2023 22:44:29"
"/物理类/大学物理/张卫华/课件/热学/复习课_热学.pdf","/物理类/大学物理/张卫华/课件/热学","复习课_热学.pdf","1080020","False","excluded","课本、教材、讲义或课件","09/16/2023 22:44:28"
"/物理类/大学物理/张卫华/课件/热学/第1章理想气体状态方程.pdf","/物理类/大学物理/张卫华/课件/热学","第1章理想气体状态方程.pdf","473682","False","excluded","课本、教材、讲义或课件","09/16/2023 22:44:28"
"/物理类/大学物理/张卫华/课件/热学/第2章分子动理论1(压强和温度能均分速率分布).pdf","/物理类/大学物理/张卫华/课件/热学","第2章分子动理论1(压强和温度能均分速率分布).pdf","557506","False","excluded","课本、教材、讲义或课件","09/16/2023 22:44:28"
"/物理类/大学物理/张卫华/课件/热学/第2章分子动理论2(玻耳兹曼分布 范氏 自由程).pdf","/物理类/大学物理/张卫华/课件/热学","第2章分子动理论2(玻耳兹曼分布 范氏 自由程).pdf","609901","False","excluded","课本、教材、讲义或课件","09/16/2023 22:44:28"
"/物理类/大学物理/张卫华/课件/热学/第3章热力学第一定律.pdf","/物理类/大学物理/张卫华/课件/热学","第3章热力学第一定律.pdf","328126","False","excluded","课本、教材、讲义或课件","09/16/2023 22:44:28"
"/物理类/大学物理/张卫华/课件/热学/第4章热力学第二定律1(自然过程 表述 熵).pdf","/物理类/大学物理/张卫华/课件/热学","第4章热力学第二定律1(自然过程 表述 熵).pdf","350120","False","excluded","课本、教材、讲义或课件","09/16/2023 22:44:28"
"/物理类/大学物理/张卫华/课件/热学/第4章热力学第二定律2(熵概念推广 耗散结构).pdf","/物理类/大学物理/张卫华/课件/热学","第4章热力学第二定律2(熵概念推广 耗散结构).pdf","499174","False","excluded","课本、教材、讲义或课件","09/16/2023 22:44:28"
"/物理类/大学物理/李桂琴/习题课/1/力学1_825607900.ppt","/物理类/大学物理/李桂琴/习题课/1","力学1_825607900.ppt","1357312","False","excluded","PPT/演示文稿","09/16/2023 22:43:54"
"/物理类/大学物理/李桂琴/习题课/1/第3周习题课题目(无答案）_141104845.pptx","/物理类/大学物理/李桂琴/习题课/1","第3周习题课题目(无答案）_141104845.pptx","197422","False","excluded","PPT/演示文稿","09/16/2023 22:43:54"
"/物理类/大学物理/李桂琴/习题课/2/2答案.pptx","/物理类/大学物理/李桂琴/习题课/2","2答案.pptx","504028","False","excluded","PPT/演示文稿","09/16/2023 22:43:53"
"/物理类/大学物理/李桂琴/习题课/2/力学2（质点系力学）无解答_118506843.ppt","/物理类/大学物理/李桂琴/习题课/2","力学2（质点系力学）无解答_118506843.ppt","418304","False","excluded","PPT/演示文稿","09/16/2023 22:43:48"
"/物理类/大学物理/李桂琴/习题课/3/第7周（刚体定轴转动）选题.ppt","/物理类/大学物理/李桂琴/习题课/3","第7周（刚体定轴转动）选题.ppt","1233408","False","excluded","PPT/演示文稿","09/16/2023 22:43:48"
"/物理类/大学物理/李桂琴/习题课/3/第七周讨论课题目（狭义相对论）_786705900.pptx","/物理类/大学物理/李桂琴/习题课/3","第七周讨论课题目（狭义相对论）_786705900.pptx","94284","False","excluded","PPT/演示文稿","09/16/2023 22:43:48"
"/物理类/大学物理/李桂琴/习题课/4/第8周选题_780803997.ppt","/物理类/大学物理/李桂琴/习题课/4","第8周选题_780803997.ppt","311808","False","excluded","PPT/演示文稿","09/16/2023 22:43:48"
"/物理类/大学物理/李桂琴/题库/期末/1.doc","/物理类/大学物理/李桂琴/题库/期末","1.doc","840192","False","included","小型课程资料","09/16/2023 22:43:42"
"/物理类/大学物理/李桂琴/题库/期末/2.doc","/物理类/大学物理/李桂琴/题库/期末","2.doc","270848","False","included","小型课程资料","09/16/2023 22:43:42"
"/物理类/大学物理/李桂琴/题库/期末/3.doc","/物理类/大学物理/李桂琴/题库/期末","3.doc","294400","False","included","小型课程资料","09/16/2023 22:43:42"
"/物理类/大学物理/李桂琴/题库/期末/4.doc","/物理类/大学物理/李桂琴/题库/期末","4.doc","294400","False","included","小型课程资料","09/16/2023 22:43:42"
"/物理类/大学物理/李桂琴/题库/期末/5.doc","/物理类/大学物理/李桂琴/题库/期末","5.doc","316928","False","included","小型课程资料","09/16/2023 22:43:42"
"/物理类/大学物理/李桂琴/题库/期末/wltk2-07.pdf","/物理类/大学物理/李桂琴/题库/期末","wltk2-07.pdf","1344124","False","included","小型课程资料","09/16/2023 22:43:42"
"/物理类/大学物理/李桂琴/题库/期末/WLTK2-08-1.pdf","/物理类/大学物理/李桂琴/题库/期末","WLTK2-08-1.pdf","1965624","False","included","小型课程资料","09/16/2023 22:43:42"
"/物理类/大学物理/李桂琴/题库/期末/大学物理（B）1期末考试例题整理.pdf","/物理类/大学物理/李桂琴/题库/期末","大学物理（B）1期末考试例题整理.pdf","2376650","False","included","小型课程资料","09/16/2023 22:43:42"
"/物理类/大学物理/李桂琴/题库/期末/清华大学《大学物理》习题库试题及答案__04_机械振动习题.docx","/物理类/大学物理/李桂琴/题库/期末","清华大学《大学物理》习题库试题及答案__04_机械振动习题.docx","152670","False","included","小型课程资料","09/16/2023 22:43:42"
"/物理类/大学物理/李桂琴/题库/期末/清华大学《大学物理》习题库试题及答案__07_热学习题.docx","/物理类/大学物理/李桂琴/题库/期末","清华大学《大学物理》习题库试题及答案__07_热学习题.docx","180041","False","included","小型课程资料","09/16/2023 22:43:42"
"/物理类/大学物理/李桂琴/题库/期末/清华大学《大学物理》习题库试题及答案___05_机械波习题.docx","/物理类/大学物理/李桂琴/题库/期末","清华大学《大学物理》习题库试题及答案___05_机械波习题.docx","271140","False","included","小型课程资料","09/16/2023 22:43:42"
"/物理类/物理实验/大物实验/大物实验/实验报告1/冲击电流计测B—H曲线及电容.pdf","/物理类/物理实验/大物实验/大物实验/实验报告1","冲击电流计测B—H曲线及电容.pdf","13708694","False","excluded","超过本次小文件上限 10 MiB","03/05/2021 17:09:02"
"/物理类/物理实验/大物实验/大物实验/实验报告1/准静态法测不良导体的导热系数和比热.pdf","/物理类/物理实验/大物实验/大物实验/实验报告1","准静态法测不良导体的导热系数和比热.pdf","1862653","False","included","小型课程资料","03/05/2021 17:09:03"
"/物理类/物理实验/大物实验/大物实验/实验报告1/分光计的调节和色散曲线的测定（1）.pdf","/物理类/物理实验/大物实验/大物实验/实验报告1","分光计的调节和色散曲线的测定（1）.pdf","23585471","False","excluded","超过本次小文件上限 10 MiB","03/05/2021 17:09:06"
"/物理类/物理实验/大物实验/大物实验/实验报告1/分光计的调节和色散曲线的测定（2）.pdf","/物理类/物理实验/大物实验/大物实验/实验报告1","分光计的调节和色散曲线的测定（2）.pdf","26924219","False","excluded","超过本次小文件上限 10 MiB","03/05/2021 17:09:10"
"/物理类/物理实验/大物实验/大物实验/实验报告1/分光计的调节和色散曲线的测定（3）.pdf","/物理类/物理实验/大物实验/大物实验/实验报告1","分光计的调节和色散曲线的测定（3）.pdf","58738649","False","excluded","超过本次小文件上限 10 MiB","03/05/2021 17:09:19"
"/物理类/物理实验/大物实验/大物实验/实验报告1/分光计的调节和色散曲线的测定（4）.pdf","/物理类/物理实验/大物实验/大物实验/实验报告1","分光计的调节和色散曲线的测定（4）.pdf","1858936","False","included","小型课程资料","03/05/2021 17:09:19"
"/物理类/物理实验/大物实验/大物实验/实验报告1/分光计的调节和色散曲线的测定（5）.pdf","/物理类/物理实验/大物实验/大物实验/实验报告1","分光计的调节和色散曲线的测定（5）.pdf","3283316","False","included","小型课程资料","03/05/2021 17:09:20"
"/物理类/物理实验/大物实验/大物实验/实验报告1/分光计的调节和色散曲线的测定（6）.pdf","/物理类/物理实验/大物实验/大物实验/实验报告1","分光计的调节和色散曲线的测定（6）.pdf","1734505","False","included","小型课程资料","03/05/2021 17:09:20"
"/物理类/物理实验/大物实验/大物实验/实验报告1/分光计的调节和色散曲线的测定（7）.pdf","/物理类/物理实验/大物实验/大物实验/实验报告1","分光计的调节和色散曲线的测定（7）.pdf","7694239","False","included","小型课程资料","03/05/2021 17:09:22"
"/物理类/物理实验/大物实验/大物实验/实验报告1/弦振动实验.pdf","/物理类/物理实验/大物实验/大物实验/实验报告1","弦振动实验.pdf","2614390","False","included","小型课程资料","03/05/2021 17:09:22"
"/物理类/物理实验/大物实验/大物实验/实验报告1/拉伸法及动力学法测弹性模量（1）.pdf","/物理类/物理实验/大物实验/大物实验/实验报告1","拉伸法及动力学法测弹性模量（1）.pdf","3086213","False","included","小型课程资料","03/05/2021 17:09:23"
"/物理类/物理实验/大物实验/大物实验/实验报告1/拉伸法及动力学法测弹性模量（2）.pdf","/物理类/物理实验/大物实验/大物实验/实验报告1","拉伸法及动力学法测弹性模量（2）.pdf","3951328","False","included","小型课程资料","03/05/2021 17:09:24"
"/物理类/物理实验/大物实验/大物实验/实验报告1/拉伸法及动力学法测弹性模量（3）.pdf","/物理类/物理实验/大物实验/大物实验/实验报告1","拉伸法及动力学法测弹性模量（3）.pdf","29278019","False","excluded","超过本次小文件上限 10 MiB","03/05/2021 17:09:28"
"/物理类/物理实验/大物实验/大物实验/实验报告1/望远镜和显微镜.pdf","/物理类/物理实验/大物实验/大物实验/实验报告1","望远镜和显微镜.pdf","2498078","False","included","小型课程资料","03/05/2021 17:09:29"
"/物理类/物理实验/大物实验/大物实验/实验报告1/液体粘度的测量.pdf","/物理类/物理实验/大物实验/大物实验/实验报告1","液体粘度的测量.pdf","1872044","False","included","小型课程资料","03/05/2021 17:09:29"
"/物理类/物理实验/大物实验/大物实验/实验报告1/灵敏电流计.pdf","/物理类/物理实验/大物实验/大物实验/实验报告1","灵敏电流计.pdf","10696978","False","excluded","超过本次小文件上限 10 MiB","03/05/2021 17:09:31"
"/物理类/物理实验/大物实验/大物实验/实验报告1/用传感器测空气相对压力系数（1）.pdf","/物理类/物理实验/大物实验/大物实验/实验报告1","用传感器测空气相对压力系数（1）.pdf","21158235","False","excluded","超过本次小文件上限 10 MiB","03/05/2021 17:09:34"
"/物理类/物理实验/大物实验/大物实验/实验报告1/用传感器测空气相对压力系数（2）.pdf","/物理类/物理实验/大物实验/大物实验/实验报告1","用传感器测空气相对压力系数（2）.pdf","22724320","False","excluded","超过本次小文件上限 10 MiB","03/05/2021 17:09:37"
"/物理类/物理实验/大物实验/大物实验/实验报告1/用传感器测空气相对压力系数（3）.pdf","/物理类/物理实验/大物实验/大物实验/实验报告1","用传感器测空气相对压力系数（3）.pdf","14941399","False","excluded","超过本次小文件上限 10 MiB","03/05/2021 17:09:40"
"/物理类/物理实验/大物实验/大物实验/实验报告1/用传感器测空气相对压力系数（4）.pdf","/物理类/物理实验/大物实验/大物实验/实验报告1","用传感器测空气相对压力系数（4）.pdf","1501623","False","included","小型课程资料","03/05/2021 17:09:40"
"/物理类/物理实验/大物实验/大物实验/实验报告1/用传感器测空气相对压力系数（5）.pdf","/物理类/物理实验/大物实验/大物实验/实验报告1","用传感器测空气相对压力系数（5）.pdf","6602271","False","included","小型课程资料","03/05/2021 17:09:41"
"/物理类/物理实验/大物实验/大物实验/实验报告1/电学元件伏安特性的测量（1）.pdf","/物理类/物理实验/大物实验/大物实验/实验报告1","电学元件伏安特性的测量（1）.pdf","29149461","False","excluded","超过本次小文件上限 10 MiB","03/05/2021 17:09:45"
"/物理类/物理实验/大物实验/大物实验/实验报告1/电学元件伏安特性的测量（2）.pdf","/物理类/物理实验/大物实验/大物实验/实验报告1","电学元件伏安特性的测量（2）.pdf","34192376","False","excluded","超过本次小文件上限 10 MiB","03/05/2021 17:09:51"
"/物理类/物理实验/大物实验/大物实验/实验报告1/电学元件伏安特性的测量（3）.pdf","/物理类/物理实验/大物实验/大物实验/实验报告1","电学元件伏安特性的测量（3）.pdf","3495108","False","included","小型课程资料","03/05/2021 17:09:51"
"/物理类/物理实验/大物实验/大物实验/实验报告1/直流电桥测电阻（1）.pdf","/物理类/物理实验/大物实验/大物实验/实验报告1","直流电桥测电阻（1）.pdf","9754457","False","included","小型课程资料","03/05/2021 17:09:53"
"/物理类/物理实验/大物实验/大物实验/实验报告1/直流电桥测电阻（2）.pdf","/物理类/物理实验/大物实验/大物实验/实验报告1","直流电桥测电阻（2）.pdf","14391711","False","excluded","超过本次小文件上限 10 MiB","03/05/2021 17:09:55"
"/物理类/物理实验/大物实验/大物实验/实验报告1/直流电桥测电阻（3）.pdf","/物理类/物理实验/大物实验/大物实验/实验报告1","直流电桥测电阻（3）.pdf","3092087","False","included","小型课程资料","03/05/2021 17:09:56"
"/物理类/物理实验/大物实验/大物实验/实验报告1/示波器的原理和使用（1）.pdf","/物理类/物理实验/大物实验/大物实验/实验报告1","示波器的原理和使用（1）.pdf","2561957","False","included","小型课程资料","03/05/2021 17:09:57"
"/物理类/物理实验/大物实验/大物实验/实验报告1/示波器的原理和使用（2）.pdf","/物理类/物理实验/大物实验/大物实验/实验报告1","示波器的原理和使用（2）.pdf","59969899","False","excluded","超过本次小文件上限 10 MiB","03/05/2021 17:10:05"
"/物理类/物理实验/大物实验/大物实验/实验报告1/示波器的原理和使用（3）.pdf","/物理类/物理实验/大物实验/大物实验/实验报告1","示波器的原理和使用（3）.pdf","29100874","False","excluded","超过本次小文件上限 10 MiB","03/05/2021 17:10:09"
"/物理类/物理实验/大物实验/大物实验/实验报告1/示波器的原理和使用（4）.pdf","/物理类/物理实验/大物实验/大物实验/实验报告1","示波器的原理和使用（4）.pdf","9804355","False","included","小型课程资料","03/05/2021 17:10:11"
"/物理类/物理实验/大物实验/大物实验/实验报告1/线胀系数的测量、三线摆和扫摆（1）.pdf","/物理类/物理实验/大物实验/大物实验/实验报告1","线胀系数的测量、三线摆和扫摆（1）.pdf","4120625","False","included","小型课程资料","03/05/2021 17:10:12"
"/物理类/物理实验/大物实验/大物实验/实验报告1/线胀系数的测量、三线摆和扫摆（2）.pdf.pdf","/物理类/物理实验/大物实验/大物实验/实验报告1","线胀系数的测量、三线摆和扫摆（2）.pdf.pdf","4451195","False","included","小型课程资料","03/05/2021 17:10:13"
"/物理类/物理实验/大物实验/大物实验/实验报告1/绪论课作业答案.pdf","/物理类/物理实验/大物实验/大物实验/实验报告1","绪论课作业答案.pdf","25626","False","included","小型课程资料","03/05/2021 17:10:13"
"/物理类/物理实验/大物实验/大物实验/实验报告1/透镜焦距的测定（1）.pdf","/物理类/物理实验/大物实验/大物实验/实验报告1","透镜焦距的测定（1）.pdf","33838496","False","excluded","超过本次小文件上限 10 MiB","03/05/2021 17:10:18"
"/物理类/物理实验/大物实验/大物实验/实验报告1/透镜焦距的测定（2）.pdf","/物理类/物理实验/大物实验/大物实验/实验报告1","透镜焦距的测定（2）.pdf","39719894","False","excluded","超过本次小文件上限 10 MiB","03/05/2021 17:10:23"
"/物理类/物理实验/大物实验/大物实验/实验报告1/透镜焦距的测定（3）.pdf","/物理类/物理实验/大物实验/大物实验/实验报告1","透镜焦距的测定（3）.pdf","2184118","False","included","小型课程资料","03/05/2021 17:10:24"
"/物理类/物理实验/大物实验/大物实验/实验报告1/阻尼振动与受迫振动（1）.pdf","/物理类/物理实验/大物实验/大物实验/实验报告1","阻尼振动与受迫振动（1）.pdf","5378632","False","included","小型课程资料","03/05/2021 17:10:25"
"/物理类/物理实验/大物实验/大物实验/实验报告1/阻尼振动与受迫振动（2）.pdf","/物理类/物理实验/大物实验/大物实验/实验报告1","阻尼振动与受迫振动（2）.pdf","43515072","False","excluded","超过本次小文件上限 10 MiB","03/05/2021 17:10:31"
"/物理类/物理实验/大物实验/大物实验/实验报告1/阻尼振动与受迫振动（3）.pdf","/物理类/物理实验/大物实验/大物实验/实验报告1","阻尼振动与受迫振动（3）.pdf","39031599","False","excluded","超过本次小文件上限 10 MiB","03/05/2021 17:10:36"
"/物理类/物理实验/大物实验/大物实验/实验报告1/阻尼振动与受迫振动（4）.pdf","/物理类/物理实验/大物实验/大物实验/实验报告1","阻尼振动与受迫振动（4）.pdf","4361560","False","included","小型课程资料","03/05/2021 17:10:37"
"/物理类/物理实验/大物实验/大物实验/实验报告1/阻尼振动与受迫振动（5）.pdf","/物理类/物理实验/大物实验/大物实验/实验报告1","阻尼振动与受迫振动（5）.pdf","45271689","False","excluded","超过本次小文件上限 10 MiB","03/05/2021 17:10:44"
"/物理类/物理实验/大物实验/大物实验/实验报告1/阻尼振动与受迫振动（6）.pdf","/物理类/物理实验/大物实验/大物实验/实验报告1","阻尼振动与受迫振动（6）.pdf","4600158","False","included","小型课程资料","03/05/2021 17:10:45"
"/物理类/物理实验/大物实验/大物实验/实验报告1/阻尼振动与受迫振动（7）.pdf","/物理类/物理实验/大物实验/大物实验/实验报告1","阻尼振动与受迫振动（7）.pdf","5488851","False","included","小型课程资料","03/05/2021 17:10:46"
"/物理类/物理实验/大物实验/大物实验/实验报告2/偏振光学实验（1）.pdf","/物理类/物理实验/大物实验/大物实验/实验报告2","偏振光学实验（1）.pdf","3299618","False","included","小型课程资料","03/05/2021 17:10:46"
"/物理类/物理实验/大物实验/大物实验/实验报告2/偏振光学实验（2）.pdf","/物理类/物理实验/大物实验/大物实验/实验报告2","偏振光学实验（2）.pdf","50086701","False","excluded","超过本次小文件上限 10 MiB","03/05/2021 17:10:53"
"/物理类/物理实验/大物实验/大物实验/实验报告2/偏振光学实验（3）.pdf","/物理类/物理实验/大物实验/大物实验/实验报告2","偏振光学实验（3）.pdf","5209478","False","included","小型课程资料","03/05/2021 17:10:54"
"/物理类/物理实验/大物实验/大物实验/实验报告2/偏振光学实验（4）.pdf","/物理类/物理实验/大物实验/大物实验/实验报告2","偏振光学实验（4）.pdf","6803915","False","included","小型课程资料","03/05/2021 17:10:55"
"/物理类/物理实验/大物实验/大物实验/实验报告2/光栅衍射实验（1）.pdf","/物理类/物理实验/大物实验/大物实验/实验报告2","光栅衍射实验（1）.pdf","2308655","False","included","小型课程资料","03/05/2021 17:10:56"
"/物理类/物理实验/大物实验/大物实验/实验报告2/光栅衍射实验（2）.pdf","/物理类/物理实验/大物实验/大物实验/实验报告2","光栅衍射实验（2）.pdf","24204022","False","excluded","超过本次小文件上限 10 MiB","03/05/2021 17:10:59"
"/物理类/物理实验/大物实验/大物实验/实验报告2/光栅衍射实验（3）.pdf","/物理类/物理实验/大物实验/大物实验/实验报告2","光栅衍射实验（3）.pdf","2232688","False","included","小型课程资料","03/05/2021 17:11:00"
"/物理类/物理实验/大物实验/大物实验/实验报告2/全息照相实验.pdf","/物理类/物理实验/大物实验/大物实验/实验报告2","全息照相实验.pdf","2875267","False","included","小型课程资料","03/05/2021 17:11:01"
"/物理类/物理实验/大物实验/大物实验/实验报告2/全息照相实验报告.pdf","/物理类/物理实验/大物实验/大物实验/实验报告2","全息照相实验报告.pdf","428800","False","included","小型课程资料","03/05/2021 17:11:01"
"/物理类/物理实验/大物实验/大物实验/实验报告2/压电元件导纳圆的测量（1）.pdf","/物理类/物理实验/大物实验/大物实验/实验报告2","压电元件导纳圆的测量（1）.pdf","24321045","False","excluded","超过本次小文件上限 10 MiB","03/05/2021 17:11:04"
"/物理类/物理实验/大物实验/大物实验/实验报告2/压电元件导纳圆的测量（2）.pdf","/物理类/物理实验/大物实验/大物实验/实验报告2","压电元件导纳圆的测量（2）.pdf","9462486","False","included","小型课程资料","03/05/2021 17:11:06"
"/物理类/物理实验/大物实验/大物实验/实验报告2/压电元件导纳圆的测量（3）.pdf","/物理类/物理实验/大物实验/大物实验/实验报告2","压电元件导纳圆的测量（3）.pdf","10801148","False","excluded","超过本次小文件上限 10 MiB","03/05/2021 17:11:08"
"/物理类/物理实验/大物实验/大物实验/实验报告2/双棱镜干涉实验（1）.pdf","/物理类/物理实验/大物实验/大物实验/实验报告2","双棱镜干涉实验（1）.pdf","2993271","False","included","小型课程资料","03/05/2021 17:11:09"
"/物理类/物理实验/大物实验/大物实验/实验报告2/双棱镜干涉实验（2）.pdf","/物理类/物理实验/大物实验/大物实验/实验报告2","双棱镜干涉实验（2）.pdf","3820368","False","included","小型课程资料","03/05/2021 17:11:09"
"/物理类/物理实验/大物实验/大物实验/实验报告2/大物实验报告整理版.pdf","/物理类/物理实验/大物实验/大物实验/实验报告2","大物实验报告整理版.pdf","15456500","False","excluded","超过本次小文件上限 10 MiB","03/05/2021 17:11:12"
"/物理类/物理实验/大物实验/大物实验/实验报告2/弗兰克—赫兹实验（1）.pdf","/物理类/物理实验/大物实验/大物实验/实验报告2","弗兰克—赫兹实验（1）.pdf","2149362","False","included","小型课程资料","03/05/2021 17:11:13"
"/物理类/物理实验/大物实验/大物实验/实验报告2/弗兰克—赫兹实验（2）.pdf","/物理类/物理实验/大物实验/大物实验/实验报告2","弗兰克—赫兹实验（2）.pdf","3599975","False","included","小型课程资料","03/05/2021 17:11:13"
"/物理类/物理实验/大物实验/大物实验/实验报告2/弗兰克—赫兹实验（3）.pdf","/物理类/物理实验/大物实验/大物实验/实验报告2","弗兰克—赫兹实验（3）.pdf","3002973","False","included","小型课程资料","03/05/2021 17:11:14"
"/物理类/物理实验/大物实验/大物实验/实验报告2/弗兰克—赫兹实验（4）.pdf","/物理类/物理实验/大物实验/大物实验/实验报告2","弗兰克—赫兹实验（4）.pdf","4068030","False","included","小型课程资料","03/05/2021 17:11:15"
"/物理类/物理实验/大物实验/大物实验/实验报告2/微波光学实验.pdf","/物理类/物理实验/大物实验/大物实验/实验报告2","微波光学实验.pdf","6298000","False","included","小型课程资料","03/05/2021 17:11:16"
"/物理类/物理实验/大物实验/大物实验/实验报告2/数字存储示波器与瞬态信号测量（1）.pdf","/物理类/物理实验/大物实验/大物实验/实验报告2","数字存储示波器与瞬态信号测量（1）.pdf","39784250","False","excluded","超过本次小文件上限 10 MiB","03/05/2021 17:11:22"
"/物理类/物理实验/大物实验/大物实验/实验报告2/数字存储示波器与瞬态信号测量（2）.pdf","/物理类/物理实验/大物实验/大物实验/实验报告2","数字存储示波器与瞬态信号测量（2）.pdf","30960178","False","excluded","超过本次小文件上限 10 MiB","03/05/2021 17:11:26"
"/物理类/物理实验/大物实验/大物实验/实验报告2/数字存储示波器与瞬态信号测量（3）.pdf","/物理类/物理实验/大物实验/大物实验/实验报告2","数字存储示波器与瞬态信号测量（3）.pdf","8788737","False","included","小型课程资料","03/05/2021 17:11:28"
"/物理类/物理实验/大物实验/大物实验/实验报告2/数字存储示波器与瞬态信号测量（4）.pdf","/物理类/物理实验/大物实验/大物实验/实验报告2","数字存储示波器与瞬态信号测量（4）.pdf","3326906","False","included","小型课程资料","03/05/2021 17:11:29"
"/物理类/物理实验/大物实验/大物实验/实验报告2/数字存储示波器与瞬态信号测量（5）.pdf","/物理类/物理实验/大物实验/大物实验/实验报告2","数字存储示波器与瞬态信号测量（5）.pdf","2893711","False","included","小型课程资料","03/05/2021 17:11:29"
"/物理类/物理实验/大物实验/大物实验/实验报告2/数字存储示波器与瞬态信号测量（6）.pdf","/物理类/物理实验/大物实验/大物实验/实验报告2","数字存储示波器与瞬态信号测量（6）.pdf","2265812","False","included","小型课程资料","03/05/2021 17:11:30"
"/物理类/物理实验/大物实验/大物实验/实验报告2/数字存储示波器与瞬态信号测量（7）.pdf","/物理类/物理实验/大物实验/大物实验/实验报告2","数字存储示波器与瞬态信号测量（7）.pdf","3729901","False","included","小型课程资料","03/05/2021 17:11:30"
"/物理类/物理实验/大物实验/大物实验/实验报告2/核磁共振法测磁场.pdf","/物理类/物理实验/大物实验/大物实验/实验报告2","核磁共振法测磁场.pdf","41666079","False","excluded","超过本次小文件上限 10 MiB","03/05/2021 17:11:36"
"/物理类/物理实验/大物实验/大物实验/实验报告2/用单色仪测定介质的吸收曲线 （1）.pdf","/物理类/物理实验/大物实验/大物实验/实验报告2","用单色仪测定介质的吸收曲线 （1）.pdf","4616589","False","included","小型课程资料","03/05/2021 17:11:37"
"/物理类/物理实验/大物实验/大物实验/实验报告2/用单色仪测定介质的吸收曲线 （2）.pdf","/物理类/物理实验/大物实验/大物实验/实验报告2","用单色仪测定介质的吸收曲线 （2）.pdf","21948271","False","excluded","超过本次小文件上限 10 MiB","03/05/2021 17:11:41"
"/物理类/物理实验/大物实验/大物实验/实验报告2/用单色仪测定介质的吸收曲线 （3）.pdf","/物理类/物理实验/大物实验/大物实验/实验报告2","用单色仪测定介质的吸收曲线 （3）.pdf","2188606","False","included","小型课程资料","03/05/2021 17:11:41"
"/物理类/物理实验/大物实验/大物实验/实验报告2/用单色仪测定介质的吸收曲线（4）.pdf","/物理类/物理实验/大物实验/大物实验/实验报告2","用单色仪测定介质的吸收曲线（4）.pdf","5812823","False","included","小型课程资料","03/05/2021 17:11:42"
"/物理类/物理实验/大物实验/大物实验/实验报告2/用示波器测动态磁滞回线与磁场分布测量（1）.pdf","/物理类/物理实验/大物实验/大物实验/实验报告2","用示波器测动态磁滞回线与磁场分布测量（1）.pdf","7422093","False","included","小型课程资料","03/05/2021 17:11:43"
"/物理类/物理实验/大物实验/大物实验/实验报告2/用示波器测动态磁滞回线与磁场分布测量（2）.pdf","/物理类/物理实验/大物实验/大物实验/实验报告2","用示波器测动态磁滞回线与磁场分布测量（2）.pdf","4787723","False","included","小型课程资料","03/05/2021 17:11:44"
"/物理类/物理实验/大物实验/大物实验/实验报告2/直流电路设计性实验（1）.pdf","/物理类/物理实验/大物实验/大物实验/实验报告2","直流电路设计性实验（1）.pdf","32303931","False","excluded","超过本次小文件上限 10 MiB","03/05/2021 17:11:49"
"/物理类/物理实验/大物实验/大物实验/实验报告2/直流电路设计性实验（2）.pdf","/物理类/物理实验/大物实验/大物实验/实验报告2","直流电路设计性实验（2）.pdf","35031491","False","excluded","超过本次小文件上限 10 MiB","03/05/2021 17:11:54"
"/物理类/物理实验/大物实验/大物实验/实验报告2/直流电路设计性实验（3）.pdf","/物理类/物理实验/大物实验/大物实验/实验报告2","直流电路设计性实验（3）.pdf","1958677","False","included","小型课程资料","03/05/2021 17:11:55"
"/物理类/物理实验/大物实验/大物实验/实验报告2/直流电路设计性实验（4）.pdf","/物理类/物理实验/大物实验/大物实验/实验报告2","直流电路设计性实验（4）.pdf","4874755","False","included","小型课程资料","03/05/2021 17:11:55"
"/物理类/物理实验/大物实验/大物实验/实验报告2/迈克尔孙干涉仪测空气折射率（1）.pdf","/物理类/物理实验/大物实验/大物实验/实验报告2","迈克尔孙干涉仪测空气折射率（1）.pdf","1126190","False","included","小型课程资料","03/05/2021 17:11:56"
"/物理类/物理实验/大物实验/大物实验/实验报告2/迈克尔孙干涉仪测空气折射率（2）.pdf","/物理类/物理实验/大物实验/大物实验/实验报告2","迈克尔孙干涉仪测空气折射率（2）.pdf","1979945","False","included","小型课程资料","03/05/2021 17:11:56"
"/物理类/物理实验/大物实验/大物实验/实验报告2/迈克尔孙干涉仪测空气折射率（3）.pdf","/物理类/物理实验/大物实验/大物实验/实验报告2","迈克尔孙干涉仪测空气折射率（3）.pdf","919551","False","included","小型课程资料","03/05/2021 17:11:57"
"/物理类/物理实验/大物实验/大物实验/实验报告2/迈克尔孙干涉仪的调整和使用（1）.pdf","/物理类/物理实验/大物实验/大物实验/实验报告2","迈克尔孙干涉仪的调整和使用（1）.pdf","2031156","False","included","小型课程资料","03/05/2021 17:11:57"
"/物理类/物理实验/大物实验/大物实验/实验报告2/迈克尔孙干涉仪的调整和使用（2）.pdf","/物理类/物理实验/大物实验/大物实验/实验报告2","迈克尔孙干涉仪的调整和使用（2）.pdf","1188092","False","included","小型课程资料","03/05/2021 17:11:58"
"/物理类/物理实验/大物实验/大物实验/实验报告2/迈克耳孙干涉仪测空气折射率（4）.pdf","/物理类/物理实验/大物实验/大物实验/实验报告2","迈克耳孙干涉仪测空气折射率（4）.pdf","3155946","False","included","小型课程资料","03/05/2021 17:11:58"
"/物理类/物理实验/大物实验/大物实验/实验报告2/逸出功的测量（1）.pdf","/物理类/物理实验/大物实验/大物实验/实验报告2","逸出功的测量（1）.pdf","14584406","False","excluded","超过本次小文件上限 10 MiB","03/05/2021 17:12:01"
"/物理类/物理实验/大物实验/大物实验/实验报告2/逸出功的测量（2）.pdf","/物理类/物理实验/大物实验/大物实验/实验报告2","逸出功的测量（2）.pdf","8343213","False","included","小型课程资料","03/05/2021 17:12:02"
"/物理类/物理实验/大物实验/大物实验/实验报告2/逸出功的测量（3）.pdf","/物理类/物理实验/大物实验/大物实验/实验报告2","逸出功的测量（3）.pdf","23127537","False","excluded","超过本次小文件上限 10 MiB","03/05/2021 17:12:06"
"/物理类/物理实验/大物实验/大物实验/实验报告2/霍尔效应实验与磁阻测量.pdf","/物理类/物理实验/大物实验/大物实验/实验报告2","霍尔效应实验与磁阻测量.pdf","2291159","False","included","小型课程资料","03/05/2021 17:12:06"
"/物理类/物理实验/大物实验/大物实验/实验报告2/高温超导材料临界转变温度的测量（1）.pdf","/物理类/物理实验/大物实验/大物实验/实验报告2","高温超导材料临界转变温度的测量（1）.pdf","15340279","False","excluded","超过本次小文件上限 10 MiB","03/05/2021 17:12:09"
"/物理类/物理实验/大物实验/大物实验/实验报告2/高温超导材料临界转变温度的测量（2）.pdf","/物理类/物理实验/大物实验/大物实验/实验报告2","高温超导材料临界转变温度的测量（2）.pdf","3403576","False","included","小型课程资料","03/05/2021 17:12:10"
"/物理类/物理实验/大物实验/大物实验/实验报告2/高温超导材料临界转变温度的测量（3）.pdf","/物理类/物理实验/大物实验/大物实验/实验报告2","高温超导材料临界转变温度的测量（3）.pdf","3719248","False","included","小型课程资料","03/05/2021 17:12:11"
"/物理类/物理实验/油滴仪软件安装盘/V-OM99/APP/SETUP.EXE","/物理类/物理实验/油滴仪软件安装盘/V-OM99/APP","SETUP.EXE","4475055","False","excluded","可执行文件、构建产物或模型数据","03/05/2021 17:12:46"
"/物理类/物理实验/近代物理实验/实验报告others/基础物理实验/.picasa.ini","/物理类/物理实验/近代物理实验/实验报告others/基础物理实验",".picasa.ini","35","False","included","小型课程资料","03/05/2021 17:13:08"
"/物理类/物理实验/近代物理实验/实验报告others/基础物理实验/17-1.bmp","/物理类/物理实验/近代物理实验/实验报告others/基础物理实验","17-1.bmp","7118","False","included","小型课程资料","03/05/2021 17:13:08"
"/物理类/物理实验/近代物理实验/实验报告others/基础物理实验/17-2.bmp","/物理类/物理实验/近代物理实验/实验报告others/基础物理实验","17-2.bmp","5534","False","included","小型课程资料","03/05/2021 17:13:08"
"/物理类/物理实验/近代物理实验/实验报告others/基础物理实验/17-3.bmp","/物理类/物理实验/近代物理实验/实验报告others/基础物理实验","17-3.bmp","6434","False","included","小型课程资料","03/05/2021 17:13:09"
"/物理类/物理实验/近代物理实验/实验报告others/基础物理实验/17-4.bmp","/物理类/物理实验/近代物理实验/实验报告others/基础物理实验","17-4.bmp","7790","False","included","小型课程资料","03/05/2021 17:13:09"
"/物理类/物理实验/近代物理实验/实验报告others/基础物理实验/24-1.bmp","/物理类/物理实验/近代物理实验/实验报告others/基础物理实验","24-1.bmp","132342","False","included","小型课程资料","03/05/2021 17:13:09"
"/物理类/物理实验/近代物理实验/实验报告others/基础物理实验/24-2.bmp","/物理类/物理实验/近代物理实验/实验报告others/基础物理实验","24-2.bmp","132342","False","included","小型课程资料","03/05/2021 17:13:10"
"/物理类/物理实验/近代物理实验/实验报告others/基础物理实验/25-1.bmp","/物理类/物理实验/近代物理实验/实验报告others/基础物理实验","25-1.bmp","125370","False","included","小型课程资料","03/05/2021 17:13:12"
"/物理类/物理实验/近代物理实验/实验报告others/基础物理实验/25-1.xls","/物理类/物理实验/近代物理实验/实验报告others/基础物理实验","25-1.xls","50176","False","included","小型课程资料","03/05/2021 17:13:12"
"/物理类/物理实验/近代物理实验/实验报告others/基础物理实验/25-2.bmp","/物理类/物理实验/近代物理实验/实验报告others/基础物理实验","25-2.bmp","293142","False","included","小型课程资料","03/05/2021 17:13:13"
"/物理类/物理实验/近代物理实验/实验报告others/基础物理实验/25-2.xls.bl!","/物理类/物理实验/近代物理实验/实验报告others/基础物理实验","25-2.xls.bl!","0","False","included","小型课程资料","03/05/2021 17:13:13"
"/物理类/物理实验/近代物理实验/实验报告others/基础物理实验/25-2.xls.mz!","/物理类/物理实验/近代物理实验/实验报告others/基础物理实验","25-2.xls.mz!","32","False","included","小型课程资料","03/05/2021 17:13:13"
"/物理类/物理实验/近代物理实验/实验报告others/基础物理实验/27-3.bmp","/物理类/物理实验/近代物理实验/实验报告others/基础物理实验","27-3.bmp","32","False","included","小型课程资料","03/05/2021 17:13:14"
"/物理类/物理实验/近代物理实验/实验报告others/基础物理实验/27.xls","/物理类/物理实验/近代物理实验/实验报告others/基础物理实验","27.xls","24064","False","included","小型课程资料","03/05/2021 17:13:14"
"/物理类/物理实验/近代物理实验/实验报告others/基础物理实验/32-1.bmp","/物理类/物理实验/近代物理实验/实验报告others/基础物理实验","32-1.bmp","98678","False","included","小型课程资料","03/05/2021 17:13:14"
"/物理类/物理实验/近代物理实验/实验报告others/基础物理实验/32-2.bmp","/物理类/物理实验/近代物理实验/实验报告others/基础物理实验","32-2.bmp","183134","False","included","小型课程资料","03/05/2021 17:13:14"
"/物理类/物理实验/近代物理实验/实验报告others/基础物理实验/35-1.bmp","/物理类/物理实验/近代物理实验/实验报告others/基础物理实验","35-1.bmp","330150","False","included","小型课程资料","03/05/2021 17:13:15"
"/物理类/物理实验/近代物理实验/实验报告others/基础物理实验/45-1.bmp","/物理类/物理实验/近代物理实验/实验报告others/基础物理实验","45-1.bmp","254006","False","included","小型课程资料","03/05/2021 17:13:15"
"/物理类/物理实验/近代物理实验/实验报告others/基础物理实验/45-2.bmp","/物理类/物理实验/近代物理实验/实验报告others/基础物理实验","45-2.bmp","241110","False","included","小型课程资料","03/05/2021 17:13:15"
"/物理类/物理实验/近代物理实验/实验报告others/基础物理实验/45-2.xls","/物理类/物理实验/近代物理实验/实验报告others/基础物理实验","45-2.xls","18944","False","included","小型课程资料","03/05/2021 17:13:16"
"/物理类/物理实验/近代物理实验/实验报告others/基础物理实验/45-3.bmp","/物理类/物理实验/近代物理实验/实验报告others/基础物理实验","45-3.bmp","350946","False","included","小型课程资料","03/05/2021 17:13:16"
"/物理类/物理实验/近代物理实验/实验报告others/基础物理实验/45-4.bmp","/物理类/物理实验/近代物理实验/实验报告others/基础物理实验","45-4.bmp","167142","False","included","小型课程资料","03/05/2021 17:13:16"
"/物理类/物理实验/近代物理实验/实验报告others/基础物理实验/45.xls","/物理类/物理实验/近代物理实验/实验报告others/基础物理实验","45.xls","17408","False","included","小型课程资料","03/05/2021 17:13:17"
"/物理类/物理实验/近代物理实验/实验报告others/基础物理实验/czhx.bmp","/物理类/物理实验/近代物理实验/实验报告others/基础物理实验","czhx.bmp","2359350","False","included","小型课程资料","03/05/2021 17:13:17"
"/物理类/物理实验/近代物理实验/实验报告others/基础物理实验/gt-1.bmp","/物理类/物理实验/近代物理实验/实验报告others/基础物理实验","gt-1.bmp","14122","False","included","小型课程资料","03/05/2021 17:13:17"
"/物理类/物理实验/近代物理实验/实验报告others/基础物理实验/lw.zip","/物理类/物理实验/近代物理实验/实验报告others/基础物理实验","lw.zip","12018","False","excluded","压缩包","03/05/2021 17:13:18"
"/物理类/物理实验/近代物理实验/实验报告others/基础物理实验/xinlv-1.bmp","/物理类/物理实验/近代物理实验/实验报告others/基础物理实验","xinlv-1.bmp","98366","False","included","小型课程资料","03/05/2021 17:13:18"
"/物理类/物理实验/近代物理实验/实验报告others/核物理实验/4.xls","/物理类/物理实验/近代物理实验/实验报告others/核物理实验","4.xls","13824","False","included","小型课程资料","03/05/2021 17:13:19"
"/物理类/物理实验/近代物理实验/实验报告others/电子线路实验/.picasa.ini","/物理类/物理实验/近代物理实验/实验报告others/电子线路实验",".picasa.ini","35","False","included","小型课程资料","03/05/2021 17:13:20"
"/物理类/物理实验/近代物理实验/实验报告others/电子线路实验/00104105龙巍.doc","/物理类/物理实验/近代物理实验/实验报告others/电子线路实验","00104105龙巍.doc","119296","False","included","小型课程资料","03/05/2021 17:13:21"
"/物理类/物理实验/近代物理实验/实验报告others/电子线路实验/4-1.bmp","/物理类/物理实验/近代物理实验/实验报告others/电子线路实验","4-1.bmp","127014","False","included","小型课程资料","03/05/2021 17:13:21"
"/物理类/物理实验/近代物理实验/实验报告others/电子线路实验/4.txt","/物理类/物理实验/近代物理实验/实验报告others/电子线路实验","4.txt","157","False","included","小型课程资料","03/05/2021 17:13:21"
"/物理类/物理实验/近代物理实验/实验报告others/电子线路实验/8-1.bmp","/物理类/物理实验/近代物理实验/实验报告others/电子线路实验","8-1.bmp","3310","False","included","小型课程资料","03/05/2021 17:13:21"
"/物理类/物理实验/近代物理实验/实验报告others/电子线路实验/8.DSN","/物理类/物理实验/近代物理实验/实验报告others/电子线路实验","8.DSN","8192","False","included","小型课程资料","03/05/2021 17:13:22"
"/物理类/物理实验/近代物理实验/实验报告others/电子线路实验/8.opj","/物理类/物理实验/近代物理实验/实验报告others/电子线路实验","8.opj","1555","False","included","小型课程资料","03/05/2021 17:13:22"
"/物理类/物理实验/近代物理实验/实验报告others/电子线路实验/8.xls","/物理类/物理实验/近代物理实验/实验报告others/电子线路实验","8.xls","25600","False","included","小型课程资料","03/05/2021 17:13:22"
"/物理类/物理实验/近代物理实验/实验报告others/电子线路实验/ANALOGS3-SCHEMATIC1.ALS","/物理类/物理实验/近代物理实验/实验报告others/电子线路实验","ANALOGS3-SCHEMATIC1.ALS","1586","False","included","小型课程资料","03/05/2021 17:13:23"
"/物理类/物理实验/近代物理实验/实验报告others/电子线路实验/ANALOGS3-SCHEMATIC1.net","/物理类/物理实验/近代物理实验/实验报告others/电子线路实验","ANALOGS3-SCHEMATIC1.net","509","False","included","小型课程资料","03/05/2021 17:13:23"
"/物理类/物理实验/近代物理实验/实验报告others/电子线路实验/ANALOGS3.DBK","/物理类/物理实验/近代物理实验/实验报告others/电子线路实验","ANALOGS3.DBK","23040","False","included","小型课程资料","03/05/2021 17:13:23"
"/物理类/物理实验/近代物理实验/实验报告others/电子线路实验/ANALOGS3.DSN","/物理类/物理实验/近代物理实验/实验报告others/电子线路实验","ANALOGS3.DSN","21504","False","included","小型课程资料","03/05/2021 17:13:23"
"/物理类/物理实验/近代物理实验/实验报告others/电子线路实验/analogs3.opj","/物理类/物理实验/近代物理实验/实验报告others/电子线路实验","analogs3.opj","2787","False","included","小型课程资料","03/05/2021 17:13:24"
"/物理类/物理实验/近代物理实验/实验报告others/电子线路实验/DESIGN1.DBK","/物理类/物理实验/近代物理实验/实验报告others/电子线路实验","DESIGN1.DBK","17920","False","included","小型课程资料","03/05/2021 17:13:24"
"/物理类/物理实验/近代物理实验/实验报告others/电子线路实验/DESIGN1.DSN","/物理类/物理实验/近代物理实验/实验报告others/电子线路实验","DESIGN1.DSN","18432","False","included","小型课程资料","03/05/2021 17:13:24"
"/物理类/物理实验/近代物理实验/实验报告others/电子线路实验/DESIGN2.DBK","/物理类/物理实验/近代物理实验/实验报告others/电子线路实验","DESIGN2.DBK","21504","False","included","小型课程资料","03/05/2021 17:13:25"
"/物理类/物理实验/近代物理实验/实验报告others/电子线路实验/DESIGN2.DSN","/物理类/物理实验/近代物理实验/实验报告others/电子线路实验","DESIGN2.DSN","21504","False","included","小型课程资料","03/05/2021 17:13:25"
"/物理类/物理实验/近代物理实验/实验报告others/电子线路实验/s3-SCHEMATIC1-Default.mrk","/物理类/物理实验/近代物理实验/实验报告others/电子线路实验","s3-SCHEMATIC1-Default.mrk","31","False","included","小型课程资料","03/05/2021 17:13:25"
"/物理类/物理实验/近代物理实验/实验报告others/电子线路实验/S3.DBK","/物理类/物理实验/近代物理实验/实验报告others/电子线路实验","S3.DBK","26624","False","included","小型课程资料","03/05/2021 17:13:25"
"/物理类/物理实验/近代物理实验/实验报告others/电子线路实验/S3.DSN","/物理类/物理实验/近代物理实验/实验报告others/电子线路实验","S3.DSN","27136","False","included","小型课程资料","03/05/2021 17:13:26"
"/物理类/物理实验/近代物理实验/实验报告others/电子线路实验/s3.opj","/物理类/物理实验/近代物理实验/实验报告others/电子线路实验","s3.opj","3428","False","included","小型课程资料","03/05/2021 17:13:26"
"/物理类/物理实验/近代物理实验/实验报告others/电子线路实验/S4.DBK","/物理类/物理实验/近代物理实验/实验报告others/电子线路实验","S4.DBK","8192","False","included","小型课程资料","03/05/2021 17:13:26"
"/物理类/物理实验/近代物理实验/实验报告others/电子线路实验/S4.DSN","/物理类/物理实验/近代物理实验/实验报告others/电子线路实验","S4.DSN","18944","False","included","小型课程资料","03/05/2021 17:13:27"
"/物理类/物理实验/近代物理实验/实验报告others/电子线路实验/s4.opj","/物理类/物理实验/近代物理实验/实验报告others/电子线路实验","s4.opj","2169","False","included","小型课程资料","03/05/2021 17:13:27"
"/物理类/物理实验/近代物理实验/实验报告others/电子线路实验/S7.DBK","/物理类/物理实验/近代物理实验/实验报告others/电子线路实验","S7.DBK","20480","False","included","小型课程资料","03/05/2021 17:13:27"
"/物理类/物理实验/近代物理实验/实验报告others/电子线路实验/S7.DSN","/物理类/物理实验/近代物理实验/实验报告others/电子线路实验","S7.DSN","20480","False","included","小型课程资料","03/05/2021 17:13:28"
"/物理类/物理实验/近代物理实验/实验报告others/电子线路实验/s7.opj","/物理类/物理实验/近代物理实验/实验报告others/电子线路实验","s7.opj","1726","False","included","小型课程资料","03/05/2021 17:13:28"
"/物理类/物理实验/近代物理实验/实验报告others/电子线路实验/实验　计算机仿真.doc","/物理类/物理实验/近代物理实验/实验报告others/电子线路实验","实验　计算机仿真.doc","119296","False","included","小型课程资料","03/05/2021 17:13:28"
"/物理类/物理实验/近代物理实验/实验报告others/近代物理实验/.picasa.ini","/物理类/物理实验/近代物理实验/实验报告others/近代物理实验",".picasa.ini","35","False","included","小型课程资料","03/05/2021 17:13:29"
"/物理类/物理实验/近代物理实验/实验报告others/近代物理实验/1-7-1.bmp","/物理类/物理实验/近代物理实验/实验报告others/近代物理实验","1-7-1.bmp","14398","False","included","小型课程资料","03/05/2021 17:13:29"
"/物理类/物理实验/近代物理实验/实验报告others/近代物理实验/1-7-1.xls","/物理类/物理实验/近代物理实验/实验报告others/近代物理实验","1-7-1.xls","84480","False","included","小型课程资料","03/05/2021 17:13:29"
"/物理类/物理实验/近代物理实验/实验报告others/近代物理实验/1-7-2.bmp","/物理类/物理实验/近代物理实验/实验报告others/近代物理实验","1-7-2.bmp","13502","False","included","小型课程资料","03/05/2021 17:13:29"
"/物理类/物理实验/近代物理实验/实验报告others/近代物理实验/1-7-2.xls","/物理类/物理实验/近代物理实验/实验报告others/近代物理实验","1-7-2.xls","64000","False","included","小型课程资料","03/05/2021 17:13:30"
"/物理类/物理实验/近代物理实验/实验报告others/近代物理实验/10-1-1.bmp","/物理类/物理实验/近代物理实验/实验报告others/近代物理实验","10-1-1.bmp","6846","False","included","小型课程资料","03/05/2021 17:13:30"
"/物理类/物理实验/近代物理实验/实验报告others/近代物理实验/10-1-2.bmp","/物理类/物理实验/近代物理实验/实验报告others/近代物理实验","10-1-2.bmp","57966","False","included","小型课程资料","03/05/2021 17:13:30"
"/物理类/物理实验/近代物理实验/实验报告others/近代物理实验/10-1-3.bmp","/物理类/物理实验/近代物理实验/实验报告others/近代物理实验","10-1-3.bmp","10138","False","included","小型课程资料","03/05/2021 17:13:31"
"/物理类/物理实验/近代物理实验/实验报告others/近代物理实验/10-1-4.bmp","/物理类/物理实验/近代物理实验/实验报告others/近代物理实验","10-1-4.bmp","3814","False","included","小型课程资料","03/05/2021 17:13:31"
"/物理类/物理实验/近代物理实验/实验报告others/近代物理实验/10-1.xls","/物理类/物理实验/近代物理实验/实验报告others/近代物理实验","10-1.xls","41472","False","included","小型课程资料","03/05/2021 17:13:31"
"/物理类/物理实验/近代物理实验/实验报告others/近代物理实验/10-1数据表格.doc","/物理类/物理实验/近代物理实验/实验报告others/近代物理实验","10-1数据表格.doc","106496","False","included","小型课程资料","03/05/2021 17:13:32"
"/物理类/物理实验/近代物理实验/实验报告others/近代物理实验/10-3-1.bmp","/物理类/物理实验/近代物理实验/实验报告others/近代物理实验","10-3-1.bmp","7006","False","included","小型课程资料","03/05/2021 17:13:32"
"/物理类/物理实验/近代物理实验/实验报告others/近代物理实验/10-3-2-1.bmp","/物理类/物理实验/近代物理实验/实验报告others/近代物理实验","10-3-2-1.bmp","3618","False","included","小型课程资料","03/05/2021 17:13:32"
"/物理类/物理实验/近代物理实验/实验报告others/近代物理实验/10-3-2-2.bmp","/物理类/物理实验/近代物理实验/实验报告others/近代物理实验","10-3-2-2.bmp","3618","False","included","小型课程资料","03/05/2021 17:13:32"
"/物理类/物理实验/近代物理实验/实验报告others/近代物理实验/10-3.xls","/物理类/物理实验/近代物理实验/实验报告others/近代物理实验","10-3.xls","16384","False","included","小型课程资料","03/05/2021 17:13:33"
"/物理类/物理实验/近代物理实验/实验报告others/近代物理实验/2-2-1.bmp","/物理类/物理实验/近代物理实验/实验报告others/近代物理实验","2-2-1.bmp","3638","False","included","小型课程资料","03/05/2021 17:13:33"
"/物理类/物理实验/近代物理实验/实验报告others/近代物理实验/2-2-2.bmp","/物理类/物理实验/近代物理实验/实验报告others/近代物理实验","2-2-2.bmp","11582","False","included","小型课程资料","03/05/2021 17:13:33"
"/物理类/物理实验/近代物理实验/实验报告others/近代物理实验/2-2-3.bmp","/物理类/物理实验/近代物理实验/实验报告others/近代物理实验","2-2-3.bmp","4626","False","included","小型课程资料","03/05/2021 17:13:34"
"/物理类/物理实验/近代物理实验/实验报告others/近代物理实验/2-2-4.bmp","/物理类/物理实验/近代物理实验/实验报告others/近代物理实验","2-2-4.bmp","20522","False","included","小型课程资料","03/05/2021 17:13:34"
"/物理类/物理实验/近代物理实验/实验报告others/近代物理实验/4-5-1.bmp","/物理类/物理实验/近代物理实验/实验报告others/近代物理实验","4-5-1.bmp","20522","False","included","小型课程资料","03/05/2021 17:13:34"
"/物理类/物理实验/近代物理实验/实验报告others/近代物理实验/4-5-2.bmp","/物理类/物理实验/近代物理实验/实验报告others/近代物理实验","4-5-2.bmp","3806","False","included","小型课程资料","03/05/2021 17:13:35"
"/物理类/物理实验/近代物理实验/实验报告others/近代物理实验/4-5-3.bmp","/物理类/物理实验/近代物理实验/实验报告others/近代物理实验","4-5-3.bmp","118614","False","included","小型课程资料","03/05/2021 17:13:35"
"/物理类/物理实验/近代物理实验/实验报告others/近代物理实验/4-5-4-1.bmp","/物理类/物理实验/近代物理实验/实验报告others/近代物理实验","4-5-4-1.bmp","6078","False","included","小型课程资料","03/05/2021 17:13:35"
"/物理类/物理实验/近代物理实验/实验报告others/近代物理实验/4-5-4-2.bmp","/物理类/物理实验/近代物理实验/实验报告others/近代物理实验","4-5-4-2.bmp","6078","False","included","小型课程资料","03/05/2021 17:13:36"
"/物理类/物理实验/近代物理实验/实验报告others/近代物理实验/4-5-4.bmp","/物理类/物理实验/近代物理实验/实验报告others/近代物理实验","4-5-4.bmp","27362","False","included","小型课程资料","03/05/2021 17:13:36"
"/物理类/物理实验/近代物理实验/实验报告others/近代物理实验/4-5-5.bmp","/物理类/物理实验/近代物理实验/实验报告others/近代物理实验","4-5-5.bmp","9526","False","included","小型课程资料","03/05/2021 17:13:36"
"/物理类/物理实验/近代物理实验/实验报告others/近代物理实验/4-5.xls","/物理类/物理实验/近代物理实验/实验报告others/近代物理实验","4-5.xls","19456","False","included","小型课程资料","03/05/2021 17:13:36"
"/物理类/物理实验/近代物理实验/实验报告others/近代物理实验/8-1-1.bmp","/物理类/物理实验/近代物理实验/实验报告others/近代物理实验","8-1-1.bmp","9962","False","included","小型课程资料","03/05/2021 17:13:37"
"/物理类/费曼物理学/作业/费曼1/费曼I作业题2020、2021/4th_Assignment.pdf","/物理类/费曼物理学/作业/费曼1/费曼I作业题2020、2021","4th_Assignment.pdf","443611","False","included","小型课程资料","05/23/2021 14:54:17"
"/物理类/费曼物理学/作业/费曼1/费曼I作业题2020、2021/5th_Assignment.pdf","/物理类/费曼物理学/作业/费曼1/费曼I作业题2020、2021","5th_Assignment.pdf","799054","False","included","小型课程资料","05/23/2021 14:54:16"
"/物理类/费曼物理学/作业/费曼1/费曼I作业题2020、2021/6th_Assignment.pdf","/物理类/费曼物理学/作业/费曼1/费曼I作业题2020、2021","6th_Assignment.pdf","525321","False","included","小型课程资料","05/23/2021 14:54:16"
"/物理类/费曼物理学/作业/费曼1/费曼I作业题2020、2021/7th_Assignment.pdf","/物理类/费曼物理学/作业/费曼1/费曼I作业题2020、2021","7th_Assignment.pdf","424104","False","included","小型课程资料","05/23/2021 14:54:15"
"/物理类/费曼物理学/作业/费曼1/费曼I作业题2020、2021/8th_Assignment.pdf","/物理类/费曼物理学/作业/费曼1/费曼I作业题2020、2021","8th_Assignment.pdf","563772","False","included","小型课程资料","05/23/2021 14:54:15"
"/物理类/费曼物理学/作业/费曼1/费曼I作业题2020、2021/HW-Optics.pdf","/物理类/费曼物理学/作业/费曼1/费曼I作业题2020、2021","HW-Optics.pdf","1044465","False","included","小型课程资料","05/23/2021 14:54:19"
"/物理类/费曼物理学/作业/费曼1/费曼I作业题2020、2021/HW-Thermology.pdf","/物理类/费曼物理学/作业/费曼1/费曼I作业题2020、2021","HW-Thermology.pdf","374189","False","included","小型课程资料","05/23/2021 14:54:18"
"/物理类/费曼物理学/作业/费曼2/费曼2  2022/HW1.pdf","/物理类/费曼物理学/作业/费曼2/费曼2  2022","HW1.pdf","87621","False","included","小型课程资料","08/29/2022 22:51:20"
"/物理类/费曼物理学/作业/费曼2/费曼2  2022/HW2.pdf","/物理类/费曼物理学/作业/费曼2/费曼2  2022","HW2.pdf","66956","False","included","小型课程资料","08/29/2022 22:51:21"
"/物理类/费曼物理学/作业/费曼2/费曼2  2022/HW3.pdf","/物理类/费曼物理学/作业/费曼2/费曼2  2022","HW3.pdf","82118","False","included","小型课程资料","08/29/2022 22:51:22"
"/物理类/费曼物理学/作业/费曼2/费曼2  2022/HW4.pdf","/物理类/费曼物理学/作业/费曼2/费曼2  2022","HW4.pdf","70515","False","included","小型课程资料","08/29/2022 22:51:22"
"/物理类/费曼物理学/作业/费曼2/费曼2  2022/HW4’.pdf","/物理类/费曼物理学/作业/费曼2/费曼2  2022","HW4’.pdf","160327","False","included","小型课程资料","08/29/2022 22:51:23"
"/物理类/费曼物理学/作业/费曼2/费曼2  2022/HW5.pdf","/物理类/费曼物理学/作业/费曼2/费曼2  2022","HW5.pdf","164166","False","included","小型课程资料","08/29/2022 22:51:23"
"/物理类/费曼物理学/作业/费曼2/费曼2  2022/HW6.pdf","/物理类/费曼物理学/作业/费曼2/费曼2  2022","HW6.pdf","149343","False","included","小型课程资料","08/29/2022 22:51:24"
"/物理类/费曼物理学/作业/费曼2/费曼2  2022/HW7.pdf","/物理类/费曼物理学/作业/费曼2/费曼2  2022","HW7.pdf","91635","False","included","小型课程资料","08/29/2022 22:51:25"
"/物理类/费曼物理学/作业/费曼2/费曼II作业题2021/作业一.pdf","/物理类/费曼物理学/作业/费曼2/费曼II作业题2021","作业一.pdf","66107","False","included","小型课程资料","05/23/2021 14:52:41"
"/物理类/费曼物理学/作业/费曼2/费曼II作业题2021/作业三.pdf","/物理类/费曼物理学/作业/费曼2/费曼II作业题2021","作业三.pdf","60431","False","included","小型课程资料","05/23/2021 14:52:40"
"/物理类/费曼物理学/作业/费曼2/费曼II作业题2021/作业二.pdf","/物理类/费曼物理学/作业/费曼2/费曼II作业题2021","作业二.pdf","39860","False","included","小型课程资料","05/23/2021 14:52:40"
"/物理类/费曼物理学/作业/费曼2/费曼II作业题2021/作业五.pdf","/物理类/费曼物理学/作业/费曼2/费曼II作业题2021","作业五.pdf","50060","False","included","小型课程资料","05/23/2021 14:52:39"
"/物理类/费曼物理学/作业/费曼2/费曼II作业题2021/作业六.pdf","/物理类/费曼物理学/作业/费曼2/费曼II作业题2021","作业六.pdf","41091","False","included","小型课程资料","05/23/2021 14:52:39"
"/物理类/费曼物理学/作业/费曼2/费曼II作业题2021/作业四.pdf","/物理类/费曼物理学/作业/费曼2/费曼II作业题2021","作业四.pdf","50622","False","included","小型课程资料","05/23/2021 14:52:40"
"/物理类/量子物理计算方法选讲/paper/simple-dmrg-master/docs/01_infinite_system.rst","/物理类/量子物理计算方法选讲/paper/simple-dmrg-master/docs","01_infinite_system.rst","206","False","included","小型课程资料","03/15/2022 18:31:27"
"/物理类/量子物理计算方法选讲/paper/simple-dmrg-master/docs/02_finite_system.rst","/物理类/量子物理计算方法选讲/paper/simple-dmrg-master/docs","02_finite_system.rst","198","False","included","小型课程资料","03/15/2022 18:31:27"
"/物理类/量子物理计算方法选讲/paper/simple-dmrg-master/docs/03_conserved_quantum_numbers.rst","/物理类/量子物理计算方法选讲/paper/simple-dmrg-master/docs","03_conserved_quantum_numbers.rst","246","False","included","小型课程资料","03/15/2022 18:31:28"
"/物理类/量子物理计算方法选讲/paper/simple-dmrg-master/docs/04_eigenstate_prediction.rst","/物理类/量子物理计算方法选讲/paper/simple-dmrg-master/docs","04_eigenstate_prediction.rst","230","False","included","小型课程资料","03/15/2022 18:31:29"
"/物理类/量子物理计算方法选讲/paper/simple-dmrg-master/docs/conf.py","/物理类/量子物理计算方法选讲/paper/simple-dmrg-master/docs","conf.py","7888","False","included","小型课程资料","03/15/2022 18:31:29"
"/物理类/量子物理计算方法选讲/paper/simple-dmrg-master/docs/exercises.rst","/物理类/量子物理计算方法选讲/paper/simple-dmrg-master/docs","exercises.rst","4777","False","included","小型课程资料","03/15/2022 18:31:30"
"/物理类/量子物理计算方法选讲/paper/simple-dmrg-master/docs/index.rst","/物理类/量子物理计算方法选讲/paper/simple-dmrg-master/docs","index.rst","2471","False","included","小型课程资料","03/15/2022 18:31:31"
"/物理类/量子物理计算方法选讲/paper/simple-dmrg-master/docs/make.bat","/物理类/量子物理计算方法选讲/paper/simple-dmrg-master/docs","make.bat","5106","False","included","小型课程资料","03/15/2022 18:31:32"
"/物理类/量子物理计算方法选讲/paper/simple-dmrg-master/docs/Makefile","/物理类/量子物理计算方法选讲/paper/simple-dmrg-master/docs","Makefile","5584","False","included","小型课程资料","03/15/2022 18:31:32"
"/物理类/量子物理计算方法选讲/paper/simple-dmrg-master/docs/python-cheatsheet.rst","/物理类/量子物理计算方法选讲/paper/simple-dmrg-master/docs","python-cheatsheet.rst","8979","False","included","小型课程资料","03/15/2022 18:31:33"
"/物理类/量子物理计算方法选讲/paper/simple-dmrg-master/docs/references.rst","/物理类/量子物理计算方法选讲/paper/simple-dmrg-master/docs","references.rst","1411","False","included","小型课程资料","03/15/2022 18:31:34"
"/物理类/量子物理计算方法选讲/paper/simple-dmrg-master/docs/source-code.rst","/物理类/量子物理计算方法选讲/paper/simple-dmrg-master/docs","source-code.rst","329","False","included","小型课程资料","03/15/2022 18:31:35"
"/物理类/量子物理计算方法选讲/paper/simple-dmrg-master/docs/using.rst","/物理类/量子物理计算方法选讲/paper/simple-dmrg-master/docs","using.rst","1125","False","included","小型课程资料","03/15/2022 18:31:35"
"/计算机类/数据结构/THU_DSA-Demo-new/THU_DSA-Demo/excel/ch01.edit_distance.xlsx","/计算机类/数据结构/THU_DSA-Demo-new/THU_DSA-Demo/excel","ch01.edit_distance.xlsx","36511","False","included","小型课程资料","06/23/2026 00:01:26"
"/计算机类/数据结构/THU_DSA-Demo-new/THU_DSA-Demo/excel/Ch01.failstone.xlsx","/计算机类/数据结构/THU_DSA-Demo-new/THU_DSA-Demo/excel","Ch01.failstone.xlsx","47701","False","included","小型课程资料","06/23/2026 00:01:27"
"/计算机类/数据结构/THU_DSA-Demo-new/THU_DSA-Demo/excel/ch01.gnomesort (optimized).xlsx","/计算机类/数据结构/THU_DSA-Demo-new/THU_DSA-Demo/excel","ch01.gnomesort (optimized).xlsx","24366","False","included","小型课程资料","06/23/2026 00:01:27"
"/计算机类/数据结构/THU_DSA-Demo-new/THU_DSA-Demo/excel/ch01.gnomesort.xlsx","/计算机类/数据结构/THU_DSA-Demo-new/THU_DSA-Demo/excel","ch01.gnomesort.xlsx","24281","False","included","小型课程资料","06/23/2026 00:01:27"
"/计算机类/数据结构/THU_DSA-Demo-new/THU_DSA-Demo/excel/ch01.greatest_slice.xlsx","/计算机类/数据结构/THU_DSA-Demo-new/THU_DSA-Demo/excel","ch01.greatest_slice.xlsx","34492","False","included","小型课程资料","06/23/2026 00:01:27"
"/计算机类/数据结构/THU_DSA-Demo-new/THU_DSA-Demo/excel/ch01.hailstone.xlsx","/计算机类/数据结构/THU_DSA-Demo-new/THU_DSA-Demo/excel","ch01.hailstone.xlsx","29897","False","included","小型课程资料","06/23/2026 00:01:28"
"/计算机类/数据结构/THU_DSA-Demo-new/THU_DSA-Demo/excel/ch01.knapsack-01.xlsx","/计算机类/数据结构/THU_DSA-Demo-new/THU_DSA-Demo/excel","ch01.knapsack-01.xlsx","67215","False","included","小型课程资料","06/23/2026 00:01:28"
"/计算机类/数据结构/THU_DSA-Demo-new/THU_DSA-Demo/excel/ch01.knapsack-unbounded.xlsx","/计算机类/数据结构/THU_DSA-Demo-new/THU_DSA-Demo/excel","ch01.knapsack-unbounded.xlsx","63602","False","included","小型课程资料","06/23/2026 00:01:28"
"/计算机类/数据结构/THU_DSA-Demo-new/THU_DSA-Demo/excel/ch01.longest_common_subsequence.xlsx","/计算机类/数据结构/THU_DSA-Demo-new/THU_DSA-Demo/excel","ch01.longest_common_subsequence.xlsx","56123","False","included","小型课程资料","06/23/2026 00:01:28"
"/计算机类/数据结构/THU_DSA-Demo-new/THU_DSA-Demo/excel/ch01.longest_manhattan_path.xlsx","/计算机类/数据结构/THU_DSA-Demo-new/THU_DSA-Demo/excel","ch01.longest_manhattan_path.xlsx","72382","False","included","小型课程资料","06/23/2026 00:01:28"
"/计算机类/数据结构/THU_DSA-Demo-new/THU_DSA-Demo/excel/ch01.longest_path_upwards.xlsx","/计算机类/数据结构/THU_DSA-Demo-new/THU_DSA-Demo/excel","ch01.longest_path_upwards.xlsx","58584","False","included","小型课程资料","06/23/2026 00:01:29"
"/计算机类/数据结构/THU_DSA-Demo-new/THU_DSA-Demo/excel/ch01.n_smallest_sum.xlsx","/计算机类/数据结构/THU_DSA-Demo-new/THU_DSA-Demo/excel","ch01.n_smallest_sum.xlsx","21824","False","included","小型课程资料","06/23/2026 00:01:29"
"/计算机类/数据结构/THU_DSA-Demo-new/THU_DSA-Demo/excel/ch01.shortest_path_upwards.xlsx","/计算机类/数据结构/THU_DSA-Demo-new/THU_DSA-Demo/excel","ch01.shortest_path_upwards.xlsx","55098","False","included","小型课程资料","06/23/2026 00:01:29"
"/计算机类/数据结构/THU_DSA-Demo-new/THU_DSA-Demo/excel/ch01.stacksort.xlsx","/计算机类/数据结构/THU_DSA-Demo-new/THU_DSA-Demo/excel","ch01.stacksort.xlsx","25998","False","included","小型课程资料","06/23/2026 00:01:29"
"/计算机类/数据结构/THU_DSA-Demo-new/THU_DSA-Demo/excel/ch01.Turing_machine.xlsx","/计算机类/数据结构/THU_DSA-Demo-new/THU_DSA-Demo/excel","ch01.Turing_machine.xlsx","467411","False","included","小型课程资料","06/23/2026 00:01:30"
"/计算机类/数据结构/THU_DSA-Demo-new/THU_DSA-Demo/excel/ch02.O(1)-init.xlsx","/计算机类/数据结构/THU_DSA-Demo-new/THU_DSA-Demo/excel","ch02.O(1)-init.xlsx","21301","False","included","小型课程资料","06/23/2026 00:01:30"
"/计算机类/数据结构/THU_DSA-Demo-new/THU_DSA-Demo/excel/ch02.triangle_triples.xlsx","/计算机类/数据结构/THU_DSA-Demo-new/THU_DSA-Demo/excel","ch02.triangle_triples.xlsx","23102","False","included","小型课程资料","06/23/2026 00:01:30"
"/计算机类/数据结构/THU_DSA-Demo-new/THU_DSA-Demo/excel/ch02.unsort.xlsx","/计算机类/数据结构/THU_DSA-Demo-new/THU_DSA-Demo/excel","ch02.unsort.xlsx","15403","False","included","小型课程资料","06/23/2026 00:01:30"
"/计算机类/数据结构/THU_DSA-Demo-new/THU_DSA-Demo/excel/ch03.cycle.xlsx","/计算机类/数据结构/THU_DSA-Demo-new/THU_DSA-Demo/excel","ch03.cycle.xlsx","16635","False","included","小型课程资料","06/23/2026 00:01:31"
"/计算机类/数据结构/THU_DSA-Demo-new/THU_DSA-Demo/excel/ch03.insertionsort.xlsx","/计算机类/数据结构/THU_DSA-Demo-new/THU_DSA-Demo/excel","ch03.insertionsort.xlsx","23350","False","included","小型课程资料","06/23/2026 00:01:31"
"/计算机类/数据结构/THU_DSA-Demo-new/THU_DSA-Demo/excel/ch03.inversion.xlsx","/计算机类/数据结构/THU_DSA-Demo-new/THU_DSA-Demo/excel","ch03.inversion.xlsx","17699","False","included","小型课程资料","06/23/2026 00:01:31"
"/计算机类/数据结构/THU_DSA-Demo-new/THU_DSA-Demo/excel/ch03.selectionsort.xlsx","/计算机类/数据结构/THU_DSA-Demo-new/THU_DSA-Demo/excel","ch03.selectionsort.xlsx","23619","False","included","小型课程资料","06/23/2026 00:01:31"
"/计算机类/数据结构/THU_DSA-Demo-new/THU_DSA-Demo/excel/ch04.max_rectangle_in_a_histogram.xlsx","/计算机类/数据结构/THU_DSA-Demo-new/THU_DSA-Demo/excel","ch04.max_rectangle_in_a_histogram.xlsx","40225","False","included","小型课程资料","06/23/2026 00:01:31"
"/计算机类/数据结构/THU_DSA-Demo-new/THU_DSA-Demo/excel/ch04.Steap+Queap.xlsx","/计算机类/数据结构/THU_DSA-Demo-new/THU_DSA-Demo/excel","ch04.Steap+Queap.xlsx","65893","False","included","小型课程资料","06/23/2026 00:01:32"
"/计算机类/数据结构/THU_DSA-Demo-new/THU_DSA-Demo/excel/ch06.(Fenwick) Binary Index Tree.xlsx","/计算机类/数据结构/THU_DSA-Demo-new/THU_DSA-Demo/excel","ch06.(Fenwick) Binary Index Tree.xlsx","19754","False","included","小型课程资料","06/23/2026 00:01:32"
"/计算机类/数据结构/THU_DSA-Demo-new/THU_DSA-Demo/excel/ch06.optimal BST.xlsx","/计算机类/数据结构/THU_DSA-Demo-new/THU_DSA-Demo/excel","ch06.optimal BST.xlsx","49846","False","included","小型课程资料","06/23/2026 00:01:32"
"/计算机类/数据结构/THU_DSA-Demo-new/THU_DSA-Demo/excel/ch09.bad_hashing_for_english_strings.xlsx","/计算机类/数据结构/THU_DSA-Demo-new/THU_DSA-Demo/excel","ch09.bad_hashing_for_english_strings.xlsx","24429","False","included","小型课程资料","06/23/2026 00:01:32"
"/计算机类/数据结构/THU_DSA-Demo-new/THU_DSA-Demo/excel/ch09.bucketsort+countingsort.xlsx","/计算机类/数据结构/THU_DSA-Demo-new/THU_DSA-Demo/excel","ch09.bucketsort+countingsort.xlsx","17539","False","included","小型课程资料","06/23/2026 00:01:33"
"/计算机类/数据结构/THU_DSA-Demo-new/THU_DSA-Demo/excel/ch09.closed_hashing-0.xlsx","/计算机类/数据结构/THU_DSA-Demo-new/THU_DSA-Demo/excel","ch09.closed_hashing-0.xlsx","30684","False","included","小型课程资料","06/23/2026 00:01:33"
"/计算机类/数据结构/THU_DSA-Demo-new/THU_DSA-Demo/excel/ch09.skiplist.xlsx","/计算机类/数据结构/THU_DSA-Demo-new/THU_DSA-Demo/excel","ch09.skiplist.xlsx","64736","False","included","小型课程资料","06/23/2026 00:01:33"
"/计算机类/数据结构/THU_DSA-Demo-new/THU_DSA-Demo/excel/ch11.APSP_unweighted.xlsx","/计算机类/数据结构/THU_DSA-Demo-new/THU_DSA-Demo/excel","ch11.APSP_unweighted.xlsx","30248","False","included","小型课程资料","06/23/2026 00:01:33"
"/计算机类/数据结构/THU_DSA-Demo-new/THU_DSA-Demo/excel/ch11.APSP_weighted.xlsx","/计算机类/数据结构/THU_DSA-Demo-new/THU_DSA-Demo/excel","ch11.APSP_weighted.xlsx","27937","False","included","小型课程资料","06/23/2026 00:01:33"
"/计算机类/数据结构/THU_DSA-Demo-new/THU_DSA-Demo/excel/ch11.kruskal.xlsx","/计算机类/数据结构/THU_DSA-Demo-new/THU_DSA-Demo/excel","ch11.kruskal.xlsx","39802","False","included","小型课程资料","06/23/2026 00:01:34"
"/计算机类/数据结构/THU_DSA-Demo-new/THU_DSA-Demo/excel/ch11.prim.xlsx","/计算机类/数据结构/THU_DSA-Demo-new/THU_DSA-Demo/excel","ch11.prim.xlsx","30191","False","included","小型课程资料","06/23/2026 00:01:34"
"/计算机类/数据结构/THU_DSA-Demo-new/THU_DSA-Demo/excel/ch11.transition_closure.xlsx","/计算机类/数据结构/THU_DSA-Demo-new/THU_DSA-Demo/excel","ch11.transition_closure.xlsx","26378","False","included","小型课程资料","06/23/2026 00:01:34"
"/计算机类/数据结构/THU_DSA-Demo-new/THU_DSA-Demo/excel/ch11.union-find.quick-find.xlsx","/计算机类/数据结构/THU_DSA-Demo-new/THU_DSA-Demo/excel","ch11.union-find.quick-find.xlsx","25753","False","included","小型课程资料","06/23/2026 00:01:34"
"/计算机类/数据结构/THU_DSA-Demo-new/THU_DSA-Demo/excel/ch12.heapification.xlsx","/计算机类/数据结构/THU_DSA-Demo-new/THU_DSA-Demo/excel","ch12.heapification.xlsx","15318","False","included","小型课程资料","06/23/2026 00:01:35"
"/计算机类/数据结构/THU_DSA-Demo-new/THU_DSA-Demo/excel/ch12.heapsort.xlsx","/计算机类/数据结构/THU_DSA-Demo-new/THU_DSA-Demo/excel","ch12.heapsort.xlsx","40167","False","included","小型课程资料","06/23/2026 00:01:35"
"/计算机类/数据结构/THU_DSA-Demo-new/THU_DSA-Demo/excel/ch13.BM-BC.xlsx","/计算机类/数据结构/THU_DSA-Demo-new/THU_DSA-Demo/excel","ch13.BM-BC.xlsx","20891","False","included","小型课程资料","06/23/2026 00:01:35"
"/计算机类/数据结构/THU_DSA-Demo-new/THU_DSA-Demo/excel/ch13.BM-GS.xlsx","/计算机类/数据结构/THU_DSA-Demo-new/THU_DSA-Demo/excel","ch13.BM-GS.xlsx","33193","False","included","小型课程资料","06/23/2026 00:01:35"
"/计算机类/数据结构/THU_DSA-Demo-new/THU_DSA-Demo/excel/ch13.cantor-diagonal.xlsx","/计算机类/数据结构/THU_DSA-Demo-new/THU_DSA-Demo/excel","ch13.cantor-diagonal.xlsx","16907","False","included","小型课程资料","06/23/2026 00:01:36"
"/计算机类/数据结构/THU_DSA-Demo-new/THU_DSA-Demo/excel/ch13.cantor-numbering.xlsx","/计算机类/数据结构/THU_DSA-Demo-new/THU_DSA-Demo/excel","ch13.cantor-numbering.xlsx","11477","False","included","小型课程资料","06/23/2026 00:01:36"
"/计算机类/数据结构/THU_DSA-Demo-new/THU_DSA-Demo/excel/ch13.godel-numbering.xlsx","/计算机类/数据结构/THU_DSA-Demo-new/THU_DSA-Demo/excel","ch13.godel-numbering.xlsx","22286","False","included","小型课程资料","06/23/2026 00:01:36"
"/计算机类/数据结构/THU_DSA-Demo-new/THU_DSA-Demo/excel/ch13.kmp-0.xlsx","/计算机类/数据结构/THU_DSA-Demo-new/THU_DSA-Demo/excel","ch13.kmp-0.xlsx","30625","False","included","小型课程资料","06/23/2026 00:01:36"
"/计算机类/数据结构/THU_DSA-Demo-new/THU_DSA-Demo/excel/ch13.kmp-1.xlsx","/计算机类/数据结构/THU_DSA-Demo-new/THU_DSA-Demo/excel","ch13.kmp-1.xlsx","43589","False","included","小型课程资料","06/23/2026 00:01:36"
"/计算机类/数据结构/THU_DSA-Demo-new/THU_DSA-Demo/excel/ch13.kmp-2.xlsx","/计算机类/数据结构/THU_DSA-Demo-new/THU_DSA-Demo/excel","ch13.kmp-2.xlsx","46885","False","included","小型课程资料","06/23/2026 00:01:37"
"/计算机类/数据结构/THU_DSA-Demo-new/THU_DSA-Demo/excel/ch14.quickpartition.xlsx","/计算机类/数据结构/THU_DSA-Demo-new/THU_DSA-Demo/excel","ch14.quickpartition.xlsx","35680","False","included","小型课程资料","06/23/2026 00:01:37"
"/计算机类/数据结构/THU_DSA-Demo-new/THU_DSA-Demo/excel/ch14.selection+median.xlsx","/计算机类/数据结构/THU_DSA-Demo-new/THU_DSA-Demo/excel","ch14.selection+median.xlsx","12362","False","included","小型课程资料","06/23/2026 00:01:37"
"/计算机类/数据结构/THU_DSA-Demo-new/THU_DSA-Demo/excel/ch14.shellsort-0.xlsx","/计算机类/数据结构/THU_DSA-Demo-new/THU_DSA-Demo/excel","ch14.shellsort-0.xlsx","41333","False","included","小型课程资料","06/23/2026 00:01:37"
"/计算机类/数据结构/THU_DSA-Demo-new/THU_DSA-Demo/excel/ch14.Shellsort-1.xlsx","/计算机类/数据结构/THU_DSA-Demo-new/THU_DSA-Demo/excel","ch14.Shellsort-1.xlsx","1605483","False","included","小型课程资料","06/23/2026 00:01:38"
"/计算机类/数据结构/THU_DSA-Demo-new/THU_DSA-Demo/excel/ch14.X+Y-sorting.xlsx","/计算机类/数据结构/THU_DSA-Demo-new/THU_DSA-Demo/excel","ch14.X+Y-sorting.xlsx","21513","False","included","小型课程资料","06/23/2026 00:01:38"
"/计算机类/数据结构/THU_DSA-Demo-new/THU_DSA-Demo/excel/descript.ion","/计算机类/数据结构/THU_DSA-Demo-new/THU_DSA-Demo/excel","descript.ion","63","False","included","小型课程资料","06/23/2026 00:01:38"
"/计算机类/数据结构/THU_DSA-Demo-new/THU_DSA-Demo/excel/FCP.BFS-4.xlsx","/计算机类/数据结构/THU_DSA-Demo-new/THU_DSA-Demo/excel","FCP.BFS-4.xlsx","43814","False","included","小型课程资料","06/23/2026 00:01:38"
"/计算机类/数据结构/THU_DSA-Demo-new/THU_DSA-Demo/excel/FCP.BFS-8.xlsx","/计算机类/数据结构/THU_DSA-Demo-new/THU_DSA-Demo/excel","FCP.BFS-8.xlsx","44264","False","included","小型课程资料","06/23/2026 00:01:38"
"/计算机类/数据结构/THU_DSA-Demo-new/THU_DSA-Demo/excel/FCP.BFS-9t.xlsx","/计算机类/数据结构/THU_DSA-Demo-new/THU_DSA-Demo/excel","FCP.BFS-9t.xlsx","46027","False","included","小型课程资料","06/23/2026 00:01:39"
"/计算机类/数据结构/THU_DSA-Demo-new/THU_DSA-Demo/excel/FCP.DFS-4.xlsx","/计算机类/数据结构/THU_DSA-Demo-new/THU_DSA-Demo/excel","FCP.DFS-4.xlsx","31321","False","included","小型课程资料","06/23/2026 00:01:39"
"/计算机类/数据结构/THU_DSA-Demo-new/THU_DSA-Demo/excel/FCP.DFS-9t-x.xlsx","/计算机类/数据结构/THU_DSA-Demo-new/THU_DSA-Demo/excel","FCP.DFS-9t-x.xlsx","43702","False","included","小型课程资料","06/23/2026 00:01:39"
"/计算机类/数据结构/THU_DSA-Demo-new/THU_DSA-Demo/excel/FCP.DFS-9t.xlsx","/计算机类/数据结构/THU_DSA-Demo-new/THU_DSA-Demo/excel","FCP.DFS-9t.xlsx","32035","False","included","小型课程资料","06/23/2026 00:01:39"
"/计算机类/数据结构/THU_DSA-Demo-new/THU_DSA-Demo/excel/FCP.Voronoi-4.xlsx","/计算机类/数据结构/THU_DSA-Demo-new/THU_DSA-Demo/excel","FCP.Voronoi-4.xlsx","48640","False","included","小型课程资料","06/23/2026 00:01:40"
"/计算机类/数据结构/THU_DSA-Demo-new/THU_DSA-Demo/excel/FCP.Voronoi-8.xlsx","/计算机类/数据结构/THU_DSA-Demo-new/THU_DSA-Demo/excel","FCP.Voronoi-8.xlsx","49439","False","included","小型课程资料","06/23/2026 00:01:40"
"/计算机类/程序设计基础/往年题/25秋/00_2608_逻辑小岛/question.md","/计算机类/程序设计基础/往年题/25秋/00_2608_逻辑小岛","question.md","4297","False","included","小型课程资料","09/11/2026 15:51:43"
"/计算机类/程序设计基础/往年题/25秋/00_2608_逻辑小岛/题面.txt","/计算机类/程序设计基础/往年题/25秋/00_2608_逻辑小岛","题面.txt","4062","False","included","小型课程资料","09/11/2026 15:51:44"
"/计算机类/程序设计基础/往年题/25秋/01_2612_汉语拼音/question.md","/计算机类/程序设计基础/往年题/25秋/01_2612_汉语拼音","question.md","2822","False","included","小型课程资料","09/11/2026 15:51:44"
"/计算机类/程序设计基础/往年题/25秋/01_2612_汉语拼音/题面.txt","/计算机类/程序设计基础/往年题/25秋/01_2612_汉语拼音","题面.txt","2622","False","included","小型课程资料","09/11/2026 15:51:44"
"/计算机类/程序设计基础/往年题/25秋/02_2626_面板修复/main.cpp","/计算机类/程序设计基础/往年题/25秋/02_2626_面板修复","main.cpp","964","False","included","小型课程资料","09/11/2026 15:51:44"
"/计算机类/程序设计基础/往年题/25秋/02_2626_面板修复/question.md","/计算机类/程序设计基础/往年题/25秋/02_2626_面板修复","question.md","1987","False","included","小型课程资料","09/11/2026 15:51:44"
"/计算机类/程序设计基础/往年题/25秋/02_2626_面板修复/题面.txt","/计算机类/程序设计基础/往年题/25秋/02_2626_面板修复","题面.txt","1739","False","included","小型课程资料","09/11/2026 15:51:44"
"/计算机类/程序设计基础/往年题/25秋/03_2627_日志压缩/question.md","/计算机类/程序设计基础/往年题/25秋/03_2627_日志压缩","question.md","829","False","included","小型课程资料","09/11/2026 15:51:45"
"/计算机类/程序设计基础/往年题/25秋/03_2627_日志压缩/题面.txt","/计算机类/程序设计基础/往年题/25秋/03_2627_日志压缩","题面.txt","607","False","included","小型课程资料","09/11/2026 15:51:45"
"/计算机类/程序设计基础/往年题/25秋/04_2628_能量捕捉/main.cpp","/计算机类/程序设计基础/往年题/25秋/04_2628_能量捕捉","main.cpp","969","False","included","小型课程资料","09/11/2026 15:51:45"
"/计算机类/程序设计基础/往年题/25秋/04_2628_能量捕捉/question.md","/计算机类/程序设计基础/往年题/25秋/04_2628_能量捕捉","question.md","2557","False","included","小型课程资料","09/11/2026 15:51:45"
"/计算机类/程序设计基础/往年题/25秋/04_2628_能量捕捉/题面.txt","/计算机类/程序设计基础/往年题/25秋/04_2628_能量捕捉","题面.txt","1296","False","included","小型课程资料","09/11/2026 15:51:48"
"/物理类/大学物理/李桂琴/题库/期中/大雾期中题库/2008-2009大物1期中.doc","/物理类/大学物理/李桂琴/题库/期中/大雾期中题库","2008-2009大物1期中.doc","283136","False","included","小型课程资料","09/16/2023 22:43:42"
"/物理类/大学物理/李桂琴/题库/期中/大雾期中题库/刚体习题.pdf","/物理类/大学物理/李桂琴/题库/期中/大雾期中题库","刚体习题.pdf","1013369","False","included","小型课程资料","09/16/2023 22:43:42"
"/物理类/大学物理/李桂琴/题库/期中/大雾期中题库/力学习题.pdf","/物理类/大学物理/李桂琴/题库/期中/大雾期中题库","力学习题.pdf","6202015","False","included","小型课程资料","09/16/2023 22:43:42"
"/物理类/大学物理/李桂琴/题库/期中/大雾期中题库/力学答案.pdf","/物理类/大学物理/李桂琴/题库/期中/大雾期中题库","力学答案.pdf","3350831","False","included","小型课程资料","09/16/2023 22:43:42"
"/物理类/大学物理/李桂琴/题库/期中/大雾期中题库/清华大学《大学物理》习题库试题及答案__01_力学习题.docx","/物理类/大学物理/李桂琴/题库/期中/大雾期中题库","清华大学《大学物理》习题库试题及答案__01_力学习题.docx","288343","False","included","小型课程资料","09/16/2023 22:43:42"
"/物理类/大学物理/李桂琴/题库/期中/大雾期中题库/清华大学《大学物理》习题库试题及答案___03_相对论习题.docx","/物理类/大学物理/李桂琴/题库/期中/大雾期中题库","清华大学《大学物理》习题库试题及答案___03_相对论习题.docx","48279","False","included","小型课程资料","09/16/2023 22:43:42"
"/物理类/大学物理/李桂琴/题库/期中/大雾期中题库/清华大学《大学物理》习题库试题及答案____02_刚体习题.docx","/物理类/大学物理/李桂琴/题库/期中/大雾期中题库","清华大学《大学物理》习题库试题及答案____02_刚体习题.docx","72632","False","included","小型课程资料","09/16/2023 22:43:42"
"/物理类/大学物理/李桂琴/题库/期中/大雾期中题库/相对论习题.pdf","/物理类/大学物理/李桂琴/题库/期中/大雾期中题库","相对论习题.pdf","811934","False","included","小型课程资料","09/16/2023 22:43:42"
"/物理类/物理实验/大物实验/大物实验/考试相关/外校参考资料/物理实验复习思考题.doc","/物理类/物理实验/大物实验/大物实验/考试相关/外校参考资料","物理实验复习思考题.doc","764928","False","included","小型课程资料","03/05/2021 17:12:11"
"/物理类/物理实验/大物实验/大物实验/考试相关/外校参考资料/物理实验模拟试题1及答案.doc","/物理类/物理实验/大物实验/大物实验/考试相关/外校参考资料","物理实验模拟试题1及答案.doc","59392","False","included","小型课程资料","03/05/2021 17:12:12"
"/物理类/物理实验/大物实验/大物实验/考试相关/外校参考资料/物理实验模拟试题2及答案.doc","/物理类/物理实验/大物实验/大物实验/考试相关/外校参考资料","物理实验模拟试题2及答案.doc","67584","False","included","小型课程资料","03/05/2021 17:12:12"
"/物理类/物理实验/大物实验/大物实验/考试相关/清华本校资料/08秋物理实验测验试卷.docx","/物理类/物理实验/大物实验/大物实验/考试相关/清华本校资料","08秋物理实验测验试卷.docx","1398384","False","included","小型课程资料","03/05/2021 17:12:13"
"/物理类/物理实验/大物实验/大物实验/考试相关/清华本校资料/师兄回忆版往届考题.doc","/物理类/物理实验/大物实验/大物实验/考试相关/清华本校资料","师兄回忆版往届考题.doc","29184","False","included","小型课程资料","03/05/2021 17:12:13"
"/物理类/物理实验/大物实验/大物实验/考试相关/清华本校资料/普通物理实验练习.docx","/物理类/物理实验/大物实验/大物实验/考试相关/清华本校资料","普通物理实验练习.docx","373568","False","included","小型课程资料","03/05/2021 17:12:13"
"/物理类/物理实验/大物实验/大物实验/考试相关/清华本校资料/物理实验复习资料.docx","/物理类/物理实验/大物实验/大物实验/考试相关/清华本校资料","物理实验复习资料.docx","299987","False","included","小型课程资料","03/05/2021 17:12:13"
"/物理类/物理实验/油滴仪软件安装盘/V-OM99/DRIVER/WIN98_ME_2K_XP/CAP256.INF","/物理类/物理实验/油滴仪软件安装盘/V-OM99/DRIVER/WIN98_ME_2K_XP","CAP256.INF","5450","False","included","小型课程资料","03/05/2021 17:12:47"
"/物理类/物理实验/油滴仪软件安装盘/V-OM99/DRIVER/WIN98_ME_2K_XP/CAP256.SYS","/物理类/物理实验/油滴仪软件安装盘/V-OM99/DRIVER/WIN98_ME_2K_XP","CAP256.SYS","308160","False","included","小型课程资料","03/05/2021 17:12:47"
"/物理类/物理实验/近代物理实验/实验报告others/基础物理实验/25/20030325-1.dat","/物理类/物理实验/近代物理实验/实验报告others/基础物理实验/25","20030325-1.dat","5421","False","included","小型课程资料","03/05/2021 17:13:10"
"/物理类/物理实验/近代物理实验/实验报告others/基础物理实验/25/20030325-2.dat","/物理类/物理实验/近代物理实验/实验报告others/基础物理实验/25","20030325-2.dat","6047","False","included","小型课程资料","03/05/2021 17:13:10"
"/物理类/物理实验/近代物理实验/实验报告others/基础物理实验/25/20030325-3.dat","/物理类/物理实验/近代物理实验/实验报告others/基础物理实验/25","20030325-3.dat","5977","False","included","小型课程资料","03/05/2021 17:13:11"
"/物理类/物理实验/近代物理实验/实验报告others/基础物理实验/25/20030325-32.dat","/物理类/物理实验/近代物理实验/实验报告others/基础物理实验/25","20030325-32.dat","5944","False","included","小型课程资料","03/05/2021 17:13:11"
"/物理类/物理实验/近代物理实验/实验报告others/基础物理实验/25/20030325-jm1.dat","/物理类/物理实验/近代物理实验/实验报告others/基础物理实验/25","20030325-jm1.dat","5944","False","included","小型课程资料","03/05/2021 17:13:11"
"/物理类/物理实验/近代物理实验/实验报告others/基础物理实验/25/20030325-jm2.dat","/物理类/物理实验/近代物理实验/实验报告others/基础物理实验/25","20030325-jm2.dat","8993","False","included","小型课程资料","03/05/2021 17:13:12"
"/计算机类/数据结构/THU_DSA-Demo-new/THU_DSA-Demo/applet/avl/avl_seanet.jar","/计算机类/数据结构/THU_DSA-Demo-new/THU_DSA-Demo/applet/avl","avl_seanet.jar","32081","False","excluded","可执行文件、构建产物或模型数据","06/23/2026 00:01:07"
"/计算机类/数据结构/THU_DSA-Demo-new/THU_DSA-Demo/applet/avl/index.applet","/计算机类/数据结构/THU_DSA-Demo-new/THU_DSA-Demo/applet/avl","index.applet","141","False","included","小型课程资料","06/23/2026 00:01:12"
"/计算机类/数据结构/THU_DSA-Demo-new/THU_DSA-Demo/applet/avl/manual.txt","/计算机类/数据结构/THU_DSA-Demo-new/THU_DSA-Demo/applet/avl","manual.txt","416","False","included","小型课程资料","06/23/2026 00:01:12"
"/计算机类/数据结构/THU_DSA-Demo-new/THU_DSA-Demo/applet/bst/bbst.jar","/计算机类/数据结构/THU_DSA-Demo-new/THU_DSA-Demo/applet/bst","bbst.jar","84205","False","excluded","可执行文件、构建产物或模型数据","06/23/2026 00:01:13"
"/计算机类/数据结构/THU_DSA-Demo-new/THU_DSA-Demo/applet/bst/index.applet","/计算机类/数据结构/THU_DSA-Demo-new/THU_DSA-Demo/applet/bst","index.applet","136","False","included","小型课程资料","06/23/2026 00:01:13"
"/计算机类/数据结构/THU_DSA-Demo-new/THU_DSA-Demo/applet/dsn/dsn.jar","/计算机类/数据结构/THU_DSA-Demo-new/THU_DSA-Demo/applet/dsn","dsn.jar","257683","False","excluded","可执行文件、构建产物或模型数据","06/23/2026 00:01:13"
"/计算机类/数据结构/THU_DSA-Demo-new/THU_DSA-Demo/applet/dsn/start.bat","/计算机类/数据结构/THU_DSA-Demo-new/THU_DSA-Demo/applet/dsn","start.bat","38","False","included","小型课程资料","06/23/2026 00:01:14"
"/计算机类/数据结构/THU_DSA-Demo-new/THU_DSA-Demo/applet/hashing/hashing_umich.jar","/计算机类/数据结构/THU_DSA-Demo-new/THU_DSA-Demo/applet/hashing","hashing_umich.jar","100927","False","excluded","可执行文件、构建产物或模型数据","06/23/2026 00:01:14"
"/计算机类/数据结构/THU_DSA-Demo-new/THU_DSA-Demo/applet/hashing/index.applet","/计算机类/数据结构/THU_DSA-Demo-new/THU_DSA-Demo/applet/hashing","index.applet","129","False","included","小型课程资料","06/23/2026 00:01:14"
"/计算机类/数据结构/THU_DSA-Demo-new/THU_DSA-Demo/applet/huffman/data_0.txt","/计算机类/数据结构/THU_DSA-Demo-new/THU_DSA-Demo/applet/huffman","data_0.txt","9297","False","included","小型课程资料","06/23/2026 00:01:14"
"/计算机类/数据结构/THU_DSA-Demo-new/THU_DSA-Demo/applet/huffman/data_1.txt","/计算机类/数据结构/THU_DSA-Demo-new/THU_DSA-Demo/applet/huffman","data_1.txt","11633","False","included","小型课程资料","06/23/2026 00:01:15"
"/计算机类/数据结构/THU_DSA-Demo-new/THU_DSA-Demo/applet/huffman/data_2.txt","/计算机类/数据结构/THU_DSA-Demo-new/THU_DSA-Demo/applet/huffman","data_2.txt","4497","False","included","小型课程资料","06/23/2026 00:01:15"
"/计算机类/数据结构/THU_DSA-Demo-new/THU_DSA-Demo/applet/huffman/data_3.txt","/计算机类/数据结构/THU_DSA-Demo-new/THU_DSA-Demo/applet/huffman","data_3.txt","10007","False","included","小型课程资料","06/23/2026 00:01:15"
"/计算机类/数据结构/THU_DSA-Demo-new/THU_DSA-Demo/applet/huffman/huffman.jar","/计算机类/数据结构/THU_DSA-Demo-new/THU_DSA-Demo/applet/huffman","huffman.jar","23982","False","excluded","可执行文件、构建产物或模型数据","06/23/2026 00:01:15"
"/计算机类/数据结构/THU_DSA-Demo-new/THU_DSA-Demo/applet/huffman/index.applet","/计算机类/数据结构/THU_DSA-Demo-new/THU_DSA-Demo/applet/huffman","index.applet","206","False","included","小型课程资料","06/23/2026 00:01:16"
"/计算机类/数据结构/THU_DSA-Demo-new/THU_DSA-Demo/applet/huffman/program.txt","/计算机类/数据结构/THU_DSA-Demo-new/THU_DSA-Demo/applet/huffman","program.txt","11906","False","included","小型课程资料","06/23/2026 00:01:16"
"/计算机类/数据结构/THU_DSA-Demo-new/THU_DSA-Demo/applet/kd-tree/diku.jar","/计算机类/数据结构/THU_DSA-Demo-new/THU_DSA-Demo/applet/kd-tree","diku.jar","8584","False","excluded","可执行文件、构建产物或模型数据","06/23/2026 00:01:16"
"/计算机类/数据结构/THU_DSA-Demo-new/THU_DSA-Demo/applet/kd-tree/index.applet","/计算机类/数据结构/THU_DSA-Demo-new/THU_DSA-Demo/applet/kd-tree","index.applet","127","False","included","小型课程资料","06/23/2026 00:01:16"
"/计算机类/数据结构/THU_DSA-Demo-new/THU_DSA-Demo/applet/pattern@univ-mlv/index.Alpha Skip Search.applet","/计算机类/数据结构/THU_DSA-Demo-new/THU_DSA-Demo/applet/pattern@univ-mlv","index.Alpha Skip Search.applet","464","False","included","小型课程资料","06/23/2026 00:01:16"
"/计算机类/数据结构/THU_DSA-Demo-new/THU_DSA-Demo/applet/pattern@univ-mlv/index.Apostolico-Crochemore.applet","/计算机类/数据结构/THU_DSA-Demo-new/THU_DSA-Demo/applet/pattern@univ-mlv","index.Apostolico-Crochemore.applet","485","False","included","小型课程资料","06/23/2026 00:01:17"
"/计算机类/数据结构/THU_DSA-Demo-new/THU_DSA-Demo/applet/pattern@univ-mlv/index.Apostolico-Giancarlo.applet","/计算机类/数据结构/THU_DSA-Demo-new/THU_DSA-Demo/applet/pattern@univ-mlv","index.Apostolico-Giancarlo.applet","482","False","included","小型课程资料","06/23/2026 00:01:17"
"/计算机类/数据结构/THU_DSA-Demo-new/THU_DSA-Demo/applet/pattern@univ-mlv/index.Backward Nondeterministic Dawg Matching.applet","/计算机类/数据结构/THU_DSA-Demo-new/THU_DSA-Demo/applet/pattern@univ-mlv","index.Backward Nondeterministic Dawg Matching.applet","505","False","included","小型课程资料","06/23/2026 00:01:17"
"/计算机类/数据结构/THU_DSA-Demo-new/THU_DSA-Demo/applet/pattern@univ-mlv/index.Backward Oracle Matching.applet","/计算机类/数据结构/THU_DSA-Demo-new/THU_DSA-Demo/applet/pattern@univ-mlv","index.Backward Oracle Matching.applet","495","False","included","小型课程资料","06/23/2026 00:01:17"
"/计算机类/数据结构/THU_DSA-Demo-new/THU_DSA-Demo/applet/pattern@univ-mlv/index.Berry-Ravindran.applet","/计算机类/数据结构/THU_DSA-Demo-new/THU_DSA-Demo/applet/pattern@univ-mlv","index.Berry-Ravindran.applet","467","False","included","小型课程资料","06/23/2026 00:01:18"
"/计算机类/数据结构/THU_DSA-Demo-new/THU_DSA-Demo/applet/pattern@univ-mlv/index.Boyer-Moore.applet","/计算机类/数据结构/THU_DSA-Demo-new/THU_DSA-Demo/applet/pattern@univ-mlv","index.Boyer-Moore.applet","455","False","included","小型课程资料","06/23/2026 00:01:18"
"/计算机类/数据结构/THU_DSA-Demo-new/THU_DSA-Demo/applet/pattern@univ-mlv/index.brute-force.applet","/计算机类/数据结构/THU_DSA-Demo-new/THU_DSA-Demo/applet/pattern@univ-mlv","index.brute-force.applet","427","False","included","小型课程资料","06/23/2026 00:01:18"
"/计算机类/数据结构/THU_DSA-Demo-new/THU_DSA-Demo/applet/pattern@univ-mlv/index.Colussi.applet","/计算机类/数据结构/THU_DSA-Demo-new/THU_DSA-Demo/applet/pattern@univ-mlv","index.Colussi.applet","444","False","included","小型课程资料","06/23/2026 00:01:18"
"/计算机类/数据结构/THU_DSA-Demo-new/THU_DSA-Demo/applet/pattern@univ-mlv/index.determinstic finite automaton.applet","/计算机类/数据结构/THU_DSA-Demo-new/THU_DSA-Demo/applet/pattern@univ-mlv","index.determinstic finite automaton.applet","473","False","included","小型课程资料","06/23/2026 00:01:18"
"/计算机类/数据结构/THU_DSA-Demo-new/THU_DSA-Demo/applet/pattern@univ-mlv/index.Forward Dawg Matching.applet","/计算机类/数据结构/THU_DSA-Demo-new/THU_DSA-Demo/applet/pattern@univ-mlv","index.Forward Dawg Matching.applet","470","False","included","小型课程资料","06/23/2026 00:01:19"
"/计算机类/数据结构/THU_DSA-Demo-new/THU_DSA-Demo/applet/pattern@univ-mlv/index.Galil-Giancarlo.applet","/计算机类/数据结构/THU_DSA-Demo-new/THU_DSA-Demo/applet/pattern@univ-mlv","index.Galil-Giancarlo.applet","467","False","included","小型课程资料","06/23/2026 00:01:19"
"/计算机类/数据结构/THU_DSA-Demo-new/THU_DSA-Demo/applet/pattern@univ-mlv/index.Galil-Seiferas.applet","/计算机类/数据结构/THU_DSA-Demo-new/THU_DSA-Demo/applet/pattern@univ-mlv","index.Galil-Seiferas.applet","464","False","included","小型课程资料","06/23/2026 00:01:19"
"/计算机类/数据结构/THU_DSA-Demo-new/THU_DSA-Demo/applet/pattern@univ-mlv/index.Horspool.applet","/计算机类/数据结构/THU_DSA-Demo-new/THU_DSA-Demo/applet/pattern@univ-mlv","index.Horspool.applet","447","False","included","小型课程资料","06/23/2026 00:01:19"
"/计算机类/数据结构/THU_DSA-Demo-new/THU_DSA-Demo/applet/pattern@univ-mlv/index.Karp-Rabin.applet","/计算机类/数据结构/THU_DSA-Demo-new/THU_DSA-Demo/applet/pattern@univ-mlv","index.Karp-Rabin.applet","436","False","included","小型课程资料","06/23/2026 00:01:20"
"/计算机类/数据结构/THU_DSA-Demo-new/THU_DSA-Demo/applet/pattern@univ-mlv/index.KMP Skip Search.applet","/计算机类/数据结构/THU_DSA-Demo-new/THU_DSA-Demo/applet/pattern@univ-mlv","index.KMP Skip Search.applet","462","False","included","小型课程资料","06/23/2026 00:01:20"
"/计算机类/数据结构/THU_DSA-Demo-new/THU_DSA-Demo/applet/pattern@univ-mlv/index.KMP.applet","/计算机类/数据结构/THU_DSA-Demo-new/THU_DSA-Demo/applet/pattern@univ-mlv","index.KMP.applet","460","False","included","小型课程资料","06/23/2026 00:01:20"
"/计算机类/数据结构/THU_DSA-Demo-new/THU_DSA-Demo/applet/pattern@univ-mlv/index.Maximal Shift.applet","/计算机类/数据结构/THU_DSA-Demo-new/THU_DSA-Demo/applet/pattern@univ-mlv","index.Maximal Shift.applet","461","False","included","小型课程资料","06/23/2026 00:01:20"
"/计算机类/数据结构/THU_DSA-Demo-new/THU_DSA-Demo/applet/pattern@univ-mlv/index.Morris-Pratt.applet","/计算机类/数据结构/THU_DSA-Demo-new/THU_DSA-Demo/applet/pattern@univ-mlv","index.Morris-Pratt.applet","458","False","included","小型课程资料","06/23/2026 00:01:21"
"/计算机类/数据结构/THU_DSA-Demo-new/THU_DSA-Demo/applet/pattern@univ-mlv/index.Not So Naive.applet","/计算机类/数据结构/THU_DSA-Demo-new/THU_DSA-Demo/applet/pattern@univ-mlv","index.Not So Naive.applet","457","False","included","小型课程资料","06/23/2026 00:01:21"
"/计算机类/数据结构/THU_DSA-Demo-new/THU_DSA-Demo/applet/pattern@univ-mlv/index.Optimal Mismatch.applet","/计算机类/数据结构/THU_DSA-Demo-new/THU_DSA-Demo/applet/pattern@univ-mlv","index.Optimal Mismatch.applet","470","False","included","小型课程资料","06/23/2026 00:01:21"
"/计算机类/数据结构/THU_DSA-Demo-new/THU_DSA-Demo/applet/pattern@univ-mlv/index.Quick Search.applet","/计算机类/数据结构/THU_DSA-Demo-new/THU_DSA-Demo/applet/pattern@univ-mlv","index.Quick Search.applet","458","False","included","小型课程资料","06/23/2026 00:01:22"
"/计算机类/数据结构/THU_DSA-Demo-new/THU_DSA-Demo/applet/pattern@univ-mlv/index.Raita.applet","/计算机类/数据结构/THU_DSA-Demo-new/THU_DSA-Demo/applet/pattern@univ-mlv","index.Raita.applet","438","False","included","小型课程资料","06/23/2026 00:01:22"
"/计算机类/数据结构/THU_DSA-Demo-new/THU_DSA-Demo/applet/pattern@univ-mlv/index.Reverse Colussi.applet","/计算机类/数据结构/THU_DSA-Demo-new/THU_DSA-Demo/applet/pattern@univ-mlv","index.Reverse Colussi.applet","467","False","included","小型课程资料","06/23/2026 00:01:22"
"/计算机类/数据结构/THU_DSA-Demo-new/THU_DSA-Demo/applet/pattern@univ-mlv/index.Reverse Factor.applet","/计算机类/数据结构/THU_DSA-Demo-new/THU_DSA-Demo/applet/pattern@univ-mlv","index.Reverse Factor.applet","466","False","included","小型课程资料","06/23/2026 00:01:22"
"/计算机类/数据结构/THU_DSA-Demo-new/THU_DSA-Demo/applet/pattern@univ-mlv/index.Shift Or.applet","/计算机类/数据结构/THU_DSA-Demo-new/THU_DSA-Demo/applet/pattern@univ-mlv","index.Shift Or.applet","446","False","included","小型课程资料","06/23/2026 00:01:22"
"/计算机类/数据结构/THU_DSA-Demo-new/THU_DSA-Demo/applet/pattern@univ-mlv/index.Simon.applet","/计算机类/数据结构/THU_DSA-Demo-new/THU_DSA-Demo/applet/pattern@univ-mlv","index.Simon.applet","440","False","included","小型课程资料","06/23/2026 00:01:23"
"/计算机类/数据结构/THU_DSA-Demo-new/THU_DSA-Demo/applet/pattern@univ-mlv/index.Skip Search.applet","/计算机类/数据结构/THU_DSA-Demo-new/THU_DSA-Demo/applet/pattern@univ-mlv","index.Skip Search.applet","457","False","included","小型课程资料","06/23/2026 00:01:23"
"/计算机类/数据结构/THU_DSA-Demo-new/THU_DSA-Demo/applet/pattern@univ-mlv/index.Smith.applet","/计算机类/数据结构/THU_DSA-Demo-new/THU_DSA-Demo/applet/pattern@univ-mlv","index.Smith.applet","438","False","included","小型课程资料","06/23/2026 00:01:23"
"/计算机类/数据结构/THU_DSA-Demo-new/THU_DSA-Demo/applet/pattern@univ-mlv/index.String Matching on Ordered Alphabets.applet","/计算机类/数据结构/THU_DSA-Demo-new/THU_DSA-Demo/applet/pattern@univ-mlv","index.String Matching on Ordered Alphabets.applet","499","False","included","小型课程资料","06/23/2026 00:01:24"
"/计算机类/数据结构/THU_DSA-Demo-new/THU_DSA-Demo/applet/pattern@univ-mlv/index.Tuned Boyer-Moore.applet","/计算机类/数据结构/THU_DSA-Demo-new/THU_DSA-Demo/applet/pattern@univ-mlv","index.Tuned Boyer-Moore.applet","472","False","included","小型课程资料","06/23/2026 00:01:24"
"/计算机类/数据结构/THU_DSA-Demo-new/THU_DSA-Demo/applet/pattern@univ-mlv/index.Turbo BM.applet","/计算机类/数据结构/THU_DSA-Demo-new/THU_DSA-Demo/applet/pattern@univ-mlv","index.Turbo BM.applet","454","False","included","小型课程资料","06/23/2026 00:01:24"
"/计算机类/数据结构/THU_DSA-Demo-new/THU_DSA-Demo/applet/pattern@univ-mlv/index.Turbo Reverse Factor.applet","/计算机类/数据结构/THU_DSA-Demo-new/THU_DSA-Demo/applet/pattern@univ-mlv","index.Turbo Reverse Factor.applet","483","False","included","小型课程资料","06/23/2026 00:01:24"
"/计算机类/数据结构/THU_DSA-Demo-new/THU_DSA-Demo/applet/pattern@univ-mlv/index.Two Way.applet","/计算机类/数据结构/THU_DSA-Demo-new/THU_DSA-Demo/applet/pattern@univ-mlv","index.Two Way.applet","443","False","included","小型课程资料","06/23/2026 00:01:25"
"/计算机类/数据结构/THU_DSA-Demo-new/THU_DSA-Demo/applet/pattern@univ-mlv/index.Zhu-Takaoka.applet","/计算机类/数据结构/THU_DSA-Demo-new/THU_DSA-Demo/applet/pattern@univ-mlv","index.Zhu-Takaoka.applet","455","False","included","小型课程资料","06/23/2026 00:01:25"
"/计算机类/数据结构/THU_DSA-Demo-new/THU_DSA-Demo/applet/pattern@univ-mlv/pm2.jar","/计算机类/数据结构/THU_DSA-Demo-new/THU_DSA-Demo/applet/pattern@univ-mlv","pm2.jar","83455","False","excluded","可执行文件、构建产物或模型数据","06/23/2026 00:01:25"
"/计算机类/数据结构/THU_DSA-Demo-new/THU_DSA-Demo/applet/rangetree/index.applet","/计算机类/数据结构/THU_DSA-Demo-new/THU_DSA-Demo/applet/rangetree","index.applet","108","False","included","小型课程资料","06/23/2026 00:01:25"
"/计算机类/数据结构/THU_DSA-Demo-new/THU_DSA-Demo/applet/rangetree/rt-umd.jar","/计算机类/数据结构/THU_DSA-Demo-new/THU_DSA-Demo/applet/rangetree","rt-umd.jar","11006","False","excluded","可执行文件、构建产物或模型数据","06/23/2026 00:01:26"
"/计算机类/数据结构/THU_DSA-Demo-new/THU_DSA-Demo/applet/sorting/index.applet","/计算机类/数据结构/THU_DSA-Demo-new/THU_DSA-Demo/applet/sorting","index.applet","148","False","included","小型课程资料","06/23/2026 00:01:26"
"/计算机类/数据结构/THU_DSA-Demo-new/THU_DSA-Demo/applet/sorting/sorting_howard.jar","/计算机类/数据结构/THU_DSA-Demo-new/THU_DSA-Demo/applet/sorting","sorting_howard.jar","22628","False","excluded","可执行文件、构建产物或模型数据","06/23/2026 00:01:26"
"/计算机类/程序设计基础/往年题/25秋/04_2628_能量捕捉/附件/00_1767409267081078695.png","/计算机类/程序设计基础/往年题/25秋/04_2628_能量捕捉/附件","00_1767409267081078695.png","1228","False","included","小型课程资料","09/11/2026 15:51:46"
"/计算机类/程序设计基础/往年题/25秋/04_2628_能量捕捉/附件/01_1767409357761041598.png","/计算机类/程序设计基础/往年题/25秋/04_2628_能量捕捉/附件","01_1767409357761041598.png","1228","False","included","小型课程资料","09/11/2026 15:51:46"
"/计算机类/程序设计基础/往年题/25秋/04_2628_能量捕捉/附件/02_1767409365582025955.png","/计算机类/程序设计基础/往年题/25秋/04_2628_能量捕捉/附件","02_1767409365582025955.png","1228","False","included","小型课程资料","09/11/2026 15:51:46"
"/计算机类/程序设计基础/往年题/25秋/04_2628_能量捕捉/附件/03_1767409371089081553.png","/计算机类/程序设计基础/往年题/25秋/04_2628_能量捕捉/附件","03_1767409371089081553.png","1228","False","included","小型课程资料","09/11/2026 15:51:46"
"/计算机类/程序设计基础/往年题/25秋/04_2628_能量捕捉/附件/04_1767409378906058366.png","/计算机类/程序设计基础/往年题/25秋/04_2628_能量捕捉/附件","04_1767409378906058366.png","1228","False","included","小型课程资料","09/11/2026 15:51:46"
"/计算机类/程序设计基础/往年题/25秋/04_2628_能量捕捉/附件/05_1767409390810054094.png","/计算机类/程序设计基础/往年题/25秋/04_2628_能量捕捉/附件","05_1767409390810054094.png","1228","False","included","小型课程资料","09/11/2026 15:51:46"
"/计算机类/程序设计基础/往年题/25秋/04_2628_能量捕捉/附件/06_1767409396371022956.png","/计算机类/程序设计基础/往年题/25秋/04_2628_能量捕捉/附件","06_1767409396371022956.png","1228","False","included","小型课程资料","09/11/2026 15:51:47"
"/计算机类/程序设计基础/往年题/25秋/04_2628_能量捕捉/附件/07_1767409402904052046.png","/计算机类/程序设计基础/往年题/25秋/04_2628_能量捕捉/附件","07_1767409402904052046.png","1228","False","included","小型课程资料","09/11/2026 15:51:47"
"/计算机类/程序设计基础/往年题/25秋/04_2628_能量捕捉/附件/08_1767409408889067162.png","/计算机类/程序设计基础/往年题/25秋/04_2628_能量捕捉/附件","08_1767409408889067162.png","1228","False","included","小型课程资料","09/11/2026 15:51:47"
"/计算机类/程序设计基础/往年题/25秋/04_2628_能量捕捉/附件/09_1767409415892084418.png","/计算机类/程序设计基础/往年题/25秋/04_2628_能量捕捉/附件","09_1767409415892084418.png","1228","False","included","小型课程资料","09/11/2026 15:51:47"
"/计算机类/程序设计基础/往年题/25秋/04_2628_能量捕捉/附件/10_1767409427027032688.png","/计算机类/程序设计基础/往年题/25秋/04_2628_能量捕捉/附件","10_1767409427027032688.png","1228","False","included","小型课程资料","09/11/2026 15:51:47"
"/计算机类/程序设计基础/往年题/25秋/04_2628_能量捕捉/附件/11_1767409436719040813.png","/计算机类/程序设计基础/往年题/25秋/04_2628_能量捕捉/附件","11_1767409436719040813.png","1228","False","included","小型课程资料","09/11/2026 15:51:47"
"/计算机类/程序设计基础/往年题/25秋/04_2628_能量捕捉/附件/12_1767409453344044292.png","/计算机类/程序设计基础/往年题/25秋/04_2628_能量捕捉/附件","12_1767409453344044292.png","1228","False","included","小型课程资料","09/11/2026 15:51:47"
"/计算机类/程序设计基础/往年题/25秋/04_2628_能量捕捉/附件/13_1767409462185078865.png","/计算机类/程序设计基础/往年题/25秋/04_2628_能量捕捉/附件","13_1767409462185078865.png","1228","False","included","小型课程资料","09/11/2026 15:51:48"
"/计算机类/程序设计基础/往年题/25秋/04_2628_能量捕捉/附件/14_1767409466568002742.png","/计算机类/程序设计基础/往年题/25秋/04_2628_能量捕捉/附件","14_1767409466568002742.png","1228","False","included","小型课程资料","09/11/2026 15:51:48"
"/计算机类/程序设计基础/往年题/25秋/04_2628_能量捕捉/附件/15_1767409469822062615.png","/计算机类/程序设计基础/往年题/25秋/04_2628_能量捕捉/附件","15_1767409469822062615.png","1228","False","included","小型课程资料","09/11/2026 15:51:48"
"/计算机类/数据结构/THU_DSA-Demo-new/THU_DSA-Demo/applet/avl/images/arrow_left.gif","/计算机类/数据结构/THU_DSA-Demo-new/THU_DSA-Demo/applet/avl/images","arrow_left.gif","436","False","included","小型课程资料","06/23/2026 00:01:08"
"/计算机类/数据结构/THU_DSA-Demo-new/THU_DSA-Demo/applet/avl/images/arrow_left_flash.gif","/计算机类/数据结构/THU_DSA-Demo-new/THU_DSA-Demo/applet/avl/images","arrow_left_flash.gif","523","False","included","小型课程资料","06/23/2026 00:01:08"
"/计算机类/数据结构/THU_DSA-Demo-new/THU_DSA-Demo/applet/avl/images/arrow_right.gif","/计算机类/数据结构/THU_DSA-Demo-new/THU_DSA-Demo/applet/avl/images","arrow_right.gif","426","False","included","小型课程资料","06/23/2026 00:01:08"
"/计算机类/数据结构/THU_DSA-Demo-new/THU_DSA-Demo/applet/avl/images/arrow_right_flash.gif","/计算机类/数据结构/THU_DSA-Demo-new/THU_DSA-Demo/applet/avl/images","arrow_right_flash.gif","513","False","included","小型课程资料","06/23/2026 00:01:08"
"/计算机类/数据结构/THU_DSA-Demo-new/THU_DSA-Demo/applet/avl/images/ball_blue.gif","/计算机类/数据结构/THU_DSA-Demo-new/THU_DSA-Demo/applet/avl/images","ball_blue.gif","535","False","included","小型课程资料","06/23/2026 00:01:09"
"/计算机类/数据结构/THU_DSA-Demo-new/THU_DSA-Demo/applet/avl/images/ball_darkblue.gif","/计算机类/数据结构/THU_DSA-Demo-new/THU_DSA-Demo/applet/avl/images","ball_darkblue.gif","517","False","included","小型课程资料","06/23/2026 00:01:09"
"/计算机类/数据结构/THU_DSA-Demo-new/THU_DSA-Demo/applet/avl/images/ball_green.gif","/计算机类/数据结构/THU_DSA-Demo-new/THU_DSA-Demo/applet/avl/images","ball_green.gif","520","False","included","小型课程资料","06/23/2026 00:01:09"
"/计算机类/数据结构/THU_DSA-Demo-new/THU_DSA-Demo/applet/avl/images/ball_red.gif","/计算机类/数据结构/THU_DSA-Demo-new/THU_DSA-Demo/applet/avl/images","ball_red.gif","519","False","included","小型课程资料","06/23/2026 00:01:09"
"/计算机类/数据结构/THU_DSA-Demo-new/THU_DSA-Demo/applet/avl/images/ball_steel.gif","/计算机类/数据结构/THU_DSA-Demo-new/THU_DSA-Demo/applet/avl/images","ball_steel.gif","97","False","included","小型课程资料","06/23/2026 00:01:10"
"/计算机类/数据结构/THU_DSA-Demo-new/THU_DSA-Demo/applet/avl/images/ball_teal.gif","/计算机类/数据结构/THU_DSA-Demo-new/THU_DSA-Demo/applet/avl/images","ball_teal.gif","522","False","included","小型课程资料","06/23/2026 00:01:10"
"/计算机类/数据结构/THU_DSA-Demo-new/THU_DSA-Demo/applet/avl/images/ball_yellow.gif","/计算机类/数据结构/THU_DSA-Demo-new/THU_DSA-Demo/applet/avl/images","ball_yellow.gif","540","False","included","小型课程资料","06/23/2026 00:01:10"
"/计算机类/数据结构/THU_DSA-Demo-new/THU_DSA-Demo/applet/avl/images/bground.gif","/计算机类/数据结构/THU_DSA-Demo-new/THU_DSA-Demo/applet/avl/images","bground.gif","83","False","included","小型课程资料","06/23/2026 00:01:10"
"/计算机类/数据结构/THU_DSA-Demo-new/THU_DSA-Demo/applet/avl/images/button.gif","/计算机类/数据结构/THU_DSA-Demo-new/THU_DSA-Demo/applet/avl/images","button.gif","888","False","included","小型课程资料","06/23/2026 00:01:10"
"/计算机类/数据结构/THU_DSA-Demo-new/THU_DSA-Demo/applet/avl/images/circle_black.gif","/计算机类/数据结构/THU_DSA-Demo-new/THU_DSA-Demo/applet/avl/images","circle_black.gif","462","False","included","小型课程资料","06/23/2026 00:01:11"
"/计算机类/数据结构/THU_DSA-Demo-new/THU_DSA-Demo/applet/avl/images/circle_black_flash.gif","/计算机类/数据结构/THU_DSA-Demo-new/THU_DSA-Demo/applet/avl/images","circle_black_flash.gif","545","False","included","小型课程资料","06/23/2026 00:01:11"
"/计算机类/数据结构/THU_DSA-Demo-new/THU_DSA-Demo/applet/avl/images/circle_red.gif","/计算机类/数据结构/THU_DSA-Demo-new/THU_DSA-Demo/applet/avl/images","circle_red.gif","457","False","included","小型课程资料","06/23/2026 00:01:11"
"/计算机类/数据结构/THU_DSA-Demo-new/THU_DSA-Demo/applet/avl/images/circle_red_flash.gif","/计算机类/数据结构/THU_DSA-Demo-new/THU_DSA-Demo/applet/avl/images","circle_red_flash.gif","540","False","included","小型课程资料","06/23/2026 00:01:11"
"/计算机类/数据结构/THU_DSA-Demo-new/THU_DSA-Demo/applet/avl/sounds/drip.au","/计算机类/数据结构/THU_DSA-Demo-new/THU_DSA-Demo/applet/avl/sounds","drip.au","759","False","included","小型课程资料","06/23/2026 00:01:12"
"/计算机类/数据结构/THU_DSA-Demo-new/THU_DSA-Demo/applet/avl/sounds/good.au","/计算机类/数据结构/THU_DSA-Demo-new/THU_DSA-Demo/applet/avl/sounds","good.au","6558","False","included","小型课程资料","06/23/2026 00:01:12"
"/计算机类/数据结构/THU_DSA-Demo-new/THU_DSA-Demo/applet/avl/sounds/miss.au","/计算机类/数据结构/THU_DSA-Demo-new/THU_DSA-Demo/applet/avl/sounds","miss.au","2566","False","included","小型课程资料","06/23/2026 00:01:13"
